{
  "scenario": "Sweep_FreqRamp_RoCoF_0p2Hzs",
  "rocof_hz_s": 0.2,
  "estimator": "RA-EKF",
  "family": "Model-based",
  "best_params": {
    "nominal_f": 60.0,
    "q_theta": 6.148201185225514e-12,
    "q_omega": 1.0152128874487112e-07,
    "q_A": 2.4510191372883988e-05,
    "q_rocof": 5.1132642333135765,
    "r_meas": 0.0036356978191802035,
    "sigma_v": 2.621140888746702,
    "gamma": 0.6817271201453213,
    "deriv_lpf_alpha": 0.7739968929602519,
    "tau_rocof": 0.14549562719934425
  },
  "tuning_meta": {
    "mode": "per_scenario_best_tuning",
    "objective": "minimize_m1_rmse_hz",
    "n_trials_requested": 50,
    "n_trials_executed": 50,
    "tune_eval_runs": 1,
    "sampler_mode_effective": "tpe",
    "best_objective": 0.0014890080385910204
  },
  "n_mc_runs": 30
}