{
  "scenario": "Sweep_FreqRamp_RoCoF_0p15Hzs",
  "rocof_hz_s": 0.15,
  "estimator": "UKF",
  "family": "Model-based",
  "best_params": {
    "nominal_f": 60.0,
    "q_dc": 6.31107296737897e-06,
    "q_alpha": 9.154021037469297e-09,
    "q_beta": 1.7506070867647866e-12,
    "q_omega": 0.00369069479495712,
    "r_meas": 1.4310238847090676e-05,
    "output_smoothing": 0.026640725947778048,
    "alpha_ut": 0.1,
    "beta_ut": 2.0,
    "kappa_ut": 0.0
  },
  "tuning_meta": {
    "mode": "per_scenario_best_tuning",
    "objective": "minimize_m1_rmse_hz",
    "n_trials_requested": 1000,
    "n_trials_executed": 1000,
    "tune_eval_runs": 30,
    "sampler_mode_effective": "tpe",
    "best_objective": 0.001664686819344147
  },
  "n_mc_runs": 60
}