{
  "scenario": "Sweep_FreqRamp_RoCoF_0p15Hzs",
  "rocof_hz_s": 0.15,
  "estimator": "UKF",
  "family": "Model-based",
  "best_params": {
    "nominal_f": 60.0,
    "q_dc": 4.1609496401242333e-10,
    "q_alpha": 0.0004262851132796989,
    "q_beta": 2.5840994147707225e-11,
    "q_omega": 1.5248966014018523,
    "r_meas": 0.08879075300028784,
    "output_smoothing": 0.0002152460069636382,
    "alpha_ut": 0.1,
    "beta_ut": 2.0,
    "kappa_ut": 0.0
  },
  "tuning_meta": {
    "mode": "per_scenario_best_tuning",
    "objective": "minimize_m1_rmse_hz",
    "n_trials_requested": 25,
    "n_trials_executed": 25,
    "tune_eval_runs": 2,
    "sampler_mode_effective": "tpe",
    "best_objective": 0.016622890105521836
  },
  "n_mc_runs": 2
}