{
  "scenario": "Sweep_FreqRamp_RoCoF_0p1Hzs",
  "rocof_hz_s": 0.1,
  "estimator": "UKF",
  "family": "Model-based",
  "best_params": {
    "nominal_f": 60.0,
    "q_dc": 3.67942691969318e-12,
    "q_alpha": 0.05070475921647896,
    "q_beta": 1.567026353132233e-08,
    "q_omega": 0.03419145158139951,
    "r_meas": 2063.1607994241663,
    "output_smoothing": 0.0005733264893125842,
    "alpha_ut": 0.1,
    "beta_ut": 2.0,
    "kappa_ut": 0.0
  },
  "tuning_meta": {
    "mode": "per_scenario_best_tuning",
    "objective": "minimize_m1_rmse_hz",
    "n_trials_requested": 1000,
    "n_trials_executed": 1000,
    "tune_eval_runs": 30,
    "sampler_mode_effective": "tpe",
    "best_objective": 0.005814647947051111
  },
  "n_mc_runs": 60
}