{
  "scenario": "Sweep_FreqRamp_RoCoF_0p15Hzs",
  "rocof_hz_s": 0.15,
  "estimator": "LKF2",
  "family": "Model-based",
  "best_params": {
    "nominal_f": 60.0,
    "q_dc": 1.9956399813653945e-08,
    "q_vc": 1.1251025133017692e-09,
    "q_vs": 5.035187849871222e-06,
    "r": 0.4392866387916765,
    "beta": 119.63707547761467,
    "lpf_mu": 0.731732909612493
  },
  "tuning_meta": {
    "mode": "per_scenario_best_tuning",
    "objective": "minimize_m1_rmse_hz",
    "n_trials_requested": 1000,
    "n_trials_executed": 1000,
    "tune_eval_runs": 30,
    "sampler_mode_effective": "tpe",
    "best_objective": 0.0015998859786711826
  },
  "n_mc_runs": 60
}