scenario,step_percent,estimator,family,run_tier,n_mc_runs,m1_rmse_hz_mean,m1_rmse_hz_median,m1_rmse_hz_p10,m1_rmse_hz_p90,m1_rmse_hz_std,m2_mae_hz_mean,m2_mae_hz_median,m2_mae_hz_p10,m2_mae_hz_p90,m2_mae_hz_std,m3_max_peak_hz_mean,m3_max_peak_hz_median,m3_max_peak_hz_p10,m3_max_peak_hz_p90,m3_max_peak_hz_std,m4_std_error_hz_mean,m4_std_error_hz_median,m4_std_error_hz_p10,m4_std_error_hz_p90,m4_std_error_hz_std,m5_trip_risk_s_mean,m5_trip_risk_s_median,m5_trip_risk_s_p10,m5_trip_risk_s_p90,m5_trip_risk_s_std,m5_trip_risk_resolution_s_mean,m5_trip_risk_resolution_s_median,m5_trip_risk_resolution_s_p10,m5_trip_risk_resolution_s_p90,m5_trip_risk_resolution_s_std,m6_max_contig_trip_s_mean,m6_max_contig_trip_s_median,m6_max_contig_trip_s_p10,m6_max_contig_trip_s_p90,m6_max_contig_trip_s_std,m7_pcb_hz_mean,m7_pcb_hz_median,m7_pcb_hz_p10,m7_pcb_hz_p90,m7_pcb_hz_std,m8_settling_time_s_mean,m8_settling_time_s_median,m8_settling_time_s_p10,m8_settling_time_s_p90,m8_settling_time_s_std,m9_rfe_max_hz_s_mean,m9_rfe_max_hz_s_median,m9_rfe_max_hz_s_p10,m9_rfe_max_hz_s_p90,m9_rfe_max_hz_s_std,m10_rfe_rms_hz_s_mean,m10_rfe_rms_hz_s_median,m10_rfe_rms_hz_s_p10,m10_rfe_rms_hz_s_p90,m10_rfe_rms_hz_s_std,m11_rnaf_db_mean,m11_rnaf_db_median,m11_rnaf_db_p10,m11_rnaf_db_p90,m11_rnaf_db_std,m12_isi_pu_mean,m12_isi_pu_median,m12_isi_pu_p10,m12_isi_pu_p90,m12_isi_pu_std,m13_cpu_time_us_mean,m13_cpu_time_us_median,m13_cpu_time_us_p10,m13_cpu_time_us_p90,m13_cpu_time_us_std,m14_struct_latency_ms_mean,m14_struct_latency_ms_median,m14_struct_latency_ms_p10,m14_struct_latency_ms_p90,m14_struct_latency_ms_std,m15_pcb_compliant_mean,m15_pcb_compliant_median,m15_pcb_compliant_p10,m15_pcb_compliant_p90,m15_pcb_compliant_std,m16_heatmap_pass_mean,m16_heatmap_pass_median,m16_heatmap_pass_p10,m16_heatmap_pass_p90,m16_heatmap_pass_std,m18_mem_peak_kb_mean,m18_mem_peak_kb_median,m18_mem_peak_kb_p10,m18_mem_peak_kb_p90,m18_mem_peak_kb_std,m19_mem_mean_kb_mean,m19_mem_mean_kb_median,m19_mem_mean_kb_p10,m19_mem_mean_kb_p90,m19_mem_mean_kb_std,m20_runtime_jitter_us_mean,m20_runtime_jitter_us_median,m20_runtime_jitter_us_p10,m20_runtime_jitter_us_p90,m20_runtime_jitter_us_std,m21_startup_valid_samples_mean,m21_startup_valid_samples_median,m21_startup_valid_samples_p10,m21_startup_valid_samples_p90,m21_startup_valid_samples_std,m22_invalid_output_rate_mean,m22_invalid_output_rate_median,m22_invalid_output_rate_p10,m22_invalid_output_rate_p90,m22_invalid_output_rate_std,m23_memory_key_count_mean,m23_memory_key_count_median,m23_memory_key_count_p10,m23_memory_key_count_p90,m23_memory_key_count_std,m24_pre_event_rmse_hz_mean,m24_pre_event_rmse_hz_median,m24_pre_event_rmse_hz_p10,m24_pre_event_rmse_hz_p90,m24_pre_event_rmse_hz_std,m25_post_1cy_rmse_hz_mean,m25_post_1cy_rmse_hz_median,m25_post_1cy_rmse_hz_p10,m25_post_1cy_rmse_hz_p90,m25_post_1cy_rmse_hz_std,m26_post_3cy_rmse_hz_mean,m26_post_3cy_rmse_hz_median,m26_post_3cy_rmse_hz_p10,m26_post_3cy_rmse_hz_p90,m26_post_3cy_rmse_hz_std,m27_post_100ms_rmse_hz_mean,m27_post_100ms_rmse_hz_median,m27_post_100ms_rmse_hz_p10,m27_post_100ms_rmse_hz_p90,m27_post_100ms_rmse_hz_std,m28_post_event_peak_hz_mean,m28_post_event_peak_hz_median,m28_post_event_peak_hz_p10,m28_post_event_peak_hz_p90,m28_post_event_peak_hz_std,m29_late_event_rmse_hz_mean,m29_late_event_rmse_hz_median,m29_late_event_rmse_hz_p10,m29_late_event_rmse_hz_p90,m29_late_event_rmse_hz_std,m30_event_settling_time_s_mean,m30_event_settling_time_s_median,m30_event_settling_time_s_p10,m30_event_settling_time_s_p90,m30_event_settling_time_s_std,m31_freq_bound_hit_rate_mean,m31_freq_bound_hit_rate_median,m31_freq_bound_hit_rate_p10,m31_freq_bound_hit_rate_p90,m31_freq_bound_hit_rate_std,m32_freq_lower_bound_hit_rate_mean,m32_freq_lower_bound_hit_rate_median,m32_freq_lower_bound_hit_rate_p10,m32_freq_lower_bound_hit_rate_p90,m32_freq_lower_bound_hit_rate_std,m33_freq_upper_bound_hit_rate_mean,m33_freq_upper_bound_hit_rate_median,m33_freq_upper_bound_hit_rate_p10,m33_freq_upper_bound_hit_rate_p90,m33_freq_upper_bound_hit_rate_std
Sweep_AmplitudeStep_1pct,1.0,RLS,Adaptive,fast,30,0.36910101883859775,0.27029905805417803,0.08152068092523237,0.7792812769231814,0.3007376175879857,0.29182752531986694,0.17432778863901074,0.04101220590216289,0.7614988992442555,0.2790004450450889,1.1907620464111375,1.0905924254969577,0.21205418773709891,2.416524402884795,0.9255018555461799,0.185901604463954,0.13446408663943726,0.03059166050718547,0.4310544753694743,0.17229081805042779,0.3874066666666666,0.0852,0.0,1.4158500000000003,0.5700975687415772,9.999999999999998e-05,0.0001,0.0001,0.0001,4.135263320862086e-20,0.25601,0.0852,0.0,0.7076800000000012,0.45040737143321635,0.849532338711729,0.7313617841573066,0.19199453680400777,2.0877456151693696,0.7132872915404267,0.8675366666666665,0.7941,0.004770000000000002,1.6501,0.7575245768100627,43.067163581462495,21.381449871595848,11.363965032007428,152.4100096493282,60.443605160621225,9.802379217816425,6.934387497741103,3.464162355277813,17.678016474213134,9.236545774287645,75.98514774817342,74.71419690128272,72.22916506625569,82.91196960710525,4.6062241020406685,0.0073774992572705625,0.006885334371402501,0.00141543417205147,0.01050107112058583,0.006276328145073843,14.659679400527132,14.466788882099143,13.859183749050977,15.624131992667072,1.0089864800517327,0.0,0.0,0.0,0.0,0.0,0.0,0.0,0.0,0.0,0.0,0.06666666666666667,0.0,0.0,0.0,0.2537081317024625,0.0625,0.0625,0.0625,0.0625,0.0,0.0625,0.0625,0.0625,0.0625,0.0,425.10689,419.7459,401.57425,452.33171000000004,30.26153441666955,1.0,1.0,1.0,1.0,0.0,0.0,0.0,0.0,0.0,0.0,0.0,0.0,0.0,0.0,0.0,0.2814363536694602,0.11830305189930486,0.022671444414604402,0.7619524890868787,0.34565416968324664,0.3555226694441103,0.1816842653446913,0.01766845784555776,1.0148672160291863,0.4295753301990025,0.3662941634622717,0.17818149779900522,0.01600948467855361,1.0168060202564735,0.46893938376237543,0.34737085639970533,0.17601032604752995,0.015507818190444502,0.7999420225709609,0.4302157887223234,0.42519754240558544,0.2005970528739169,0.02416029615564233,1.0817617857444832,0.546241449745739,0.3078968775703054,0.17807634903259414,0.012956335479764412,0.7752371124171425,0.3519075986080571,0.6309066666666666,0.47409999999999997,0.0,1.3157699999999999,0.6359676720982153,0.0,0.0,0.0,0.0,0.0,0.0,0.0,0.0,0.0,0.0,0.0,0.0,0.0,0.0,0.0
Sweep_AmplitudeStep_1pct,1.0,TKEO,Adaptive,fast,30,8.8349500728828,8.69403083078992,7.447049443512449,10.398740235904674,1.1910705547483846,8.239309015783416,8.000093133163709,6.828653199209472,9.899425750059017,1.182196833769329,12.888314390497042,13.001443654050767,10.907923715198534,14.77772544274224,1.3592250118638907,3.17701245945248,3.256173798165345,2.638098986769292,3.540234456483892,0.31690195498823015,1.6501000000000003,1.6501,1.6501,1.6501,0.0,9.999999999999998e-05,0.0001,0.0001,0.0001,4.135263320862086e-20,1.6501000000000003,1.6501,1.6501,1.6501,0.0,17.77034639414086,17.798529982699588,15.020616816579182,20.447423409824523,1.9832886436975652,1.6501000000000003,1.6501,1.6501,1.6501,0.0,267.0238649110589,265.3722354389032,259.0046289428898,275.29626507829977,7.920373477599456,52.457422822950456,51.62966477423434,45.89217097273868,60.81954478528695,5.872258195672015,92.92379333139655,92.27502515706985,87.96946257217179,99.09733169227515,4.3108510749446936,0.06405618423525032,0.06472894649539196,0.054290890143440844,0.0737827419991217,0.006996634372820441,11.525208476072317,11.13942743921634,9.200877729015055,15.074394015147305,2.16263380239368,0.30000000000000004,0.3,0.3,0.3,0.0,0.0,0.0,0.0,0.0,0.0,0.0,0.0,0.0,0.0,0.0,0.0625,0.0625,0.0625,0.0625,0.0,0.0625,0.0625,0.0625,0.0625,0.0,343.76100333333335,329.3216,285.2167,421.32919000000004,59.065023827674715,1.0,1.0,1.0,1.0,0.0,0.0,0.0,0.0,0.0,0.0,0.0,0.0,0.0,0.0,0.0,4.726373860666892,4.58592566339739,3.7353699296368714,6.200353566925124,0.9780920635914249,5.198219672089385,4.976705990342887,4.101670860434266,6.763987182046011,1.0037729313314292,5.341991349146712,5.099209875959985,4.24213872392254,6.920973799688269,1.0191194270301216,5.568870963327381,5.351492194898115,4.4677632989772835,7.259254757090565,1.0240115600248012,6.005295435037039,5.8287071809863065,4.833357363747039,7.688050585164013,1.041580805888447,7.688404255282094,7.3862587309113445,6.4478473449284355,9.476900283233357,1.275733482284015,1.3000999999999998,1.3001,1.26146,1.33874,0.029342096392208514,0.0,0.0,0.0,0.0,0.0,0.0,0.0,0.0,0.0,0.0,0.0,0.0,0.0,0.0,0.0
Sweep_AmplitudeStep_1pct,1.0,PLL,Loop-based,fast,30,0.21826155695699098,0.16567866262627645,0.1614793203762417,0.31484662980746453,0.13527460634148894,0.16450824350702714,0.14746730885836273,0.14533822336619093,0.19414698198775812,0.04395763208802647,0.9501192608018113,0.536166508225211,0.27317661020217154,2.4225889314133466,0.9560880256213801,0.132110681844112,0.0755155290937082,0.07037328355208558,0.2476695912961274,0.1399875375667278,0.022160000000000003,0.0015999999999999999,0.0,0.07108000000000003,0.03977531377886159,9.999999999999998e-05,0.0001,0.0001,0.0001,4.135263320862086e-20,0.01633,0.00145,0.0,0.055080000000000025,0.03438532315212208,0.5608402890393633,0.37401389613948754,0.3564579801001463,0.9371557558761403,0.4636970582418417,1.649016666666667,1.6491500000000001,1.6475000000000002,1.6501,0.0010167844288306825,176.42514704972652,174.0229828858819,173.8793584505789,184.74266136215257,5.472199942633807,121.58131537437184,121.55836166829087,121.48013622441174,121.70084455790939,0.10049417526836665,100.34784290493556,99.77124801829981,96.44763287220596,105.17244972623753,3.371781389314101,0.004162787880510386,0.0019850430861309,0.0002975470787221401,0.01271540657907364,0.005173821053802533,13.058688097574825,13.020109993889228,11.284095328037331,15.39266337055349,1.602389088921715,0.0,0.0,0.0,0.0,0.0,0.0,0.0,0.0,0.0,0.0,0.0,0.0,0.0,0.0,0.0,0.0625,0.0625,0.0625,0.0625,0.0,0.0625,0.0625,0.0625,0.0625,0.0,375.0607933333333,386.1316,329.3216,421.32919000000004,41.31388924053586,1.0,1.0,1.0,1.0,0.0,0.0,0.0,0.0,0.0,0.0,0.0,0.0,0.0,0.0,0.0,0.16165811310418274,0.1613619758116804,0.16114621607410842,0.16159683480466439,0.0015859654846807497,0.1621703583968831,0.16212401462902004,0.1618327095054134,0.1624267961754304,0.000254760995630431,0.16165408294086395,0.16164870426070171,0.16147719312278863,0.16184527876810748,0.00013764460003449786,0.16149549666883536,0.16146699881903742,0.16132014451278745,0.1616797294639286,0.00013127275379415113,0.23220019370135556,0.23192048788039082,0.23044115231045695,0.23422890625247206,0.0014530957911726575,0.16132808269088866,0.16132443741746622,0.16114985373107574,0.16150710348370964,0.00013584870922943762,1.2990166666666667,1.2988,1.25868,1.3387,0.029281794783570333,0.0,0.0,0.0,0.0,0.0,0.0,0.0,0.0,0.0,0.0,0.0,0.0,0.0,0.0,0.0
Sweep_AmplitudeStep_1pct,1.0,SOGI-FLL,Loop-based,fast,30,0.0045403232467635555,0.00455345628412535,0.00387197875661021,0.00531367221015863,0.0005569093502856562,0.004099603584095979,0.00413041194416555,0.0037703687058125803,0.00444538490871446,0.0002560904374728193,0.017808832916995664,0.0178793487202888,0.0121910847920318,0.02345204384264569,0.00443812584305163,0.00185333852160896,0.00191655633826845,0.0008895469852738299,0.0029095610221817002,0.0007939439860490716,0.0,0.0,0.0,0.0,0.0,9.999999999999998e-05,0.0001,0.0001,0.0001,4.135263320862086e-20,0.0,0.0,0.0,0.0,0.0,0.009659619148923023,0.0098800809589711,0.00644064358254521,0.013174959804954471,0.002637600740919459,0.0,0.0,0.0,0.0,0.0,0.35394115734455056,0.35809401882858083,0.2201846107023897,0.5110284493134998,0.11770029413877377,0.04792306101288008,0.04461129532798,0.03020867900665667,0.06847410695185074,0.015106162120513437,31.687529723185094,31.374353014195627,26.701455539354637,35.970850930451384,4.415837161195646,8.147437718606095e-05,8.348713067202775e-05,5.1874849021778844e-05,0.00011258039729396,2.510696231629884e-05,11.737388046343105,11.718098994500306,9.837416439827418,13.62771512693739,1.5896376594966712,0.0,0.0,0.0,0.0,0.0,1.0,1.0,1.0,1.0,0.0,1.0,1.0,1.0,1.0,0.0,0.0625,0.0625,0.0625,0.0625,0.0,0.0625,0.0625,0.0625,0.0625,0.0,352.40928999999994,349.2886,308.0607,403.2901,49.00754388527483,1.0,1.0,1.0,1.0,0.0,0.0,0.0,0.0,0.0,0.0,0.0,0.0,0.0,0.0,0.0,0.003633779981393107,0.00361761947290465,0.00350176140238118,0.00378701078926529,0.00012522741123847128,0.0035994719351830204,0.00348418306143665,0.00301115431437908,0.00430526304212068,0.0005119571178273985,0.003668625461242537,0.0035787478035095,0.00313716991898718,0.00431377432430966,0.0004634604268923251,0.003846280500583473,0.0038470354352911,0.00371041356199228,0.00398492359702198,0.0001377782170755529,0.0044063105390645665,0.0043904233274040996,0.00410274402314591,0.0046754496282673105,0.00023042241339414925,0.00358218986489807,0.00358369766274345,0.0035526654729000897,0.00362888284035533,4.491166230935727e-05,0.0,0.0,0.0,0.0,0.0,0.0,0.0,0.0,0.0,0.0,0.0,0.0,0.0,0.0,0.0,0.0,0.0,0.0,0.0,0.0
Sweep_AmplitudeStep_1pct,1.0,SOGI-PLL,Loop-based,fast,30,0.0165392166767677,0.01562697030087715,0.0038193539206672904,0.027306273896338242,0.011001906119154085,0.005831278900460269,0.0055376976092025,0.00232993241245964,0.009312252266184899,0.0029755531864383215,0.10115290743984882,0.0832427670048119,0.019942251934818873,0.13988551660757478,0.12313814233071363,0.015417320769508988,0.0146128465826153,0.0030257235103710502,0.025665023678887414,0.010681752845756324,0.00016333333333333334,0.0,0.0,0.0,0.0008946135105917708,9.999999999999998e-05,0.0001,0.0001,0.0001,4.135263320862086e-20,0.00016333333333333334,0.0,0.0,0.0,0.0008946135105917708,0.05208324120898737,0.049376237357048394,0.01140710294357297,0.08631835847514883,0.03500760219385269,0.0005266666666666667,0.0,0.0,0.0,0.002884672136193875,3.935608878269529,2.813533842207505,2.1025342266778324,3.9271104542315536,5.700666055938771,1.44889555133911,1.3530578096630226,1.3303491286893547,1.4321015227445277,0.4371993309900786,61.66454647679752,60.90816714826828,57.53837893007636,67.09958121300316,3.7289948197272604,0.00037047342752045,0.00025012018367734997,7.131416829580554e-05,0.00036215231840051014,0.0007189603794341902,11.071915757766545,11.284095328037331,9.548080662185434,12.441438438605262,1.108766165168673,0.0,0.0,0.0,0.0,0.0,0.5,0.5,0.0,1.0,0.5085476277156078,0.9666666666666667,1.0,1.0,1.0,0.1825741858350553,0.0625,0.0625,0.0625,0.0625,0.0,0.0625,0.0625,0.0625,0.0625,0.0,336.5835333333334,349.2886,282.73236,386.1316,39.19467387238971,1.0,1.0,1.0,1.0,0.0,0.0,0.0,0.0,0.0,0.0,0.0,0.0,0.0,0.0,0.0,0.00203760516610637,0.00185914387359755,0.00177915937329499,0.00216696332898525,0.0006327388712142118,0.00305503856850576,0.0028493991407347,0.0018286582577097198,0.00439540373982211,0.0010282586063427698,0.002378030812391243,0.00228096333929895,0.00181412947987157,0.0030151806474891804,0.0004970670742378226,0.002158848293354083,0.00207612034703565,0.0018284279826564901,0.00258252265905104,0.00030402884450207376,0.005923791130550361,0.0058028581859197,0.00348796201084481,0.008166961491637089,0.0018741331524266555,0.0018101109128493967,0.00180547340764645,0.00177799588304489,0.0018528484736713199,3.237967976945602e-05,0.0,0.0,0.0,0.0,0.0,0.0,0.0,0.0,0.0,0.0,0.0,0.0,0.0,0.0,0.0,0.0,0.0,0.0,0.0,0.0
Sweep_AmplitudeStep_1pct,1.0,Type-3 SOGI-PLL,Loop-based,fast,30,0.032096223880664194,0.0245299229496296,0.005557199422697521,0.064129604818147,0.02764487406367966,0.009107245062587314,0.0074765059400549,0.00323990979683265,0.016183066928367382,0.006111046126614816,0.2873342569731468,0.22016884348823135,0.04486969297065848,0.5800581512126273,0.2525087969435732,0.030663618454516716,0.0233626437784408,0.0045122134354484205,0.06205407705519461,0.027094328507643678,0.002373333333333333,0.0,0.0,0.005890000000000007,0.0068741361003719454,9.999999999999998e-05,0.0001,0.0001,0.0001,4.135263320862086e-20,0.002373333333333333,0.0,0.0,0.005890000000000007,0.0068741361003719454,0.10109810042613764,0.07756443727537746,0.016776550103178002,0.20234529809395133,0.08739399349181942,0.015443333333333333,0.0032500000000000003,0.0,0.04317,0.020078598716961833,6.959392435527197,5.457983884404882,3.0617077313692675,11.844064364536779,4.4811958278900175,2.1945310593152447,2.052490789389222,1.963679073415808,2.52853557755338,0.3492660868396671,65.35500343414226,64.44085825381538,61.02874560429413,70.12877844699207,3.430292219872051,0.0016764299941880222,0.0013166244820354998,0.00022592947717309,0.0033986756833694408,0.0014742474270786061,13.058688097574825,12.441438438605262,10.705423772753363,15.39266337055349,2.533485668912526,0.0,0.0,0.0,0.0,0.0,0.3333333333333333,0.0,0.0,1.0,0.47946330148538413,0.8,1.0,0.0,1.0,0.4068381021724863,0.0625,0.0625,0.0625,0.0625,0.0,0.0625,0.0625,0.0625,0.0625,0.0,392.3742433333333,386.1316,329.3216,435.5788,44.43169459809521,1.0,1.0,1.0,1.0,0.0,0.0,0.0,0.0,0.0,0.0,0.0,0.0,0.0,0.0,0.0,0.0027031898267229734,0.0026461959098807,0.00261008675097097,0.00271734863862707,0.00023361742081911822,0.0034488195142121235,0.0031910277576615003,0.00283633672215427,0.0043935018218325605,0.0006501112373487589,0.0029930643093267926,0.0029050175628584,0.00269616142970782,0.00340263396612699,0.0002648492258454947,0.0028395026746265996,0.00278274450378005,0.00268548507968519,0.00306378500178641,0.00015408670638028378,0.006044987361002023,0.00578327164431865,0.0051796383966696,0.0074560247062144605,0.0009329937356829314,0.0026310010729772436,0.0026247291295015997,0.00261117993873632,0.00265556948169995,2.0204922752892906e-05,0.0,0.0,0.0,0.0,0.0,0.0,0.0,0.0,0.0,0.0,0.0,0.0,0.0,0.0,0.0,0.0,0.0,0.0,0.0,0.0
Sweep_AmplitudeStep_1pct,1.0,ZCD,Loop-based,fast,30,0.013397708587268967,0.012977615883020401,0.00694999425655206,0.01925571831273622,0.004703048968350175,0.010687024403895786,0.010202884111054751,0.00544398128963669,0.015583690089366562,0.0037823205762158568,0.03748790291448142,0.0382553300461978,0.0202046338715689,0.05452637844893568,0.01378256371915899,0.008069443041280714,0.0079105820249156,0.00431908286195498,0.01188848474696907,0.0028264435589675945,0.0,0.0,0.0,0.0,0.0,9.999999999999998e-05,0.0001,0.0001,0.0001,4.135263320862086e-20,0.0,0.0,0.0,0.0,0.0,0.03489535352773806,0.034177421222658,0.01840122987550165,0.05140030057308896,0.01220705289678449,0.0,0.0,0.0,0.0,0.0,93.23316597996603,90.39946048483571,45.20716076176967,138.66178000342444,34.05059509170929,12.666659938055869,12.082212417632393,6.50953892351546,18.499188782625968,4.44762069814058,80.12186014528073,79.98031431084618,79.48816173221094,81.11696615088475,0.7047726815079,0.0019368513221603599,0.0016434205141703999,0.0008812009892654201,0.0031862954758888015,0.0011875541269808958,4.735462227407118,4.629372442271725,4.340036664629743,5.005508953206305,0.5659778182086426,16.699999999999996,16.7,16.7,16.7,7.226896453227138e-15,0.8333333333333334,1.0,0.0,1.0,0.3790490217894517,1.0,1.0,1.0,1.0,0.0,0.0625,0.0625,0.0625,0.0625,0.0,0.0625,0.0625,0.0625,0.0625,0.0,257.28649333333334,201.6955,116.4554,232.8914,419.6327935429539,1.0,1.0,1.0,1.0,0.0,0.0,0.0,0.0,0.0,0.0,0.0,0.0,0.0,0.0,0.0,0.013196380604745934,0.009781870133885099,0.00461844382826642,0.023542285242077573,0.008194980470828048,0.01087780488371259,0.0068247747428886,0.0032317064582458705,0.023127359609866376,0.008937334430321794,0.01193724437725744,0.0112760209231074,0.00462880852062227,0.0206248584911843,0.006455141345834289,0.012883875217932328,0.013453263900069751,0.00475450854974514,0.021188537624670732,0.007227910419814986,0.02110897152752471,0.01933198545759745,0.00797916881147523,0.04015619485848771,0.011910116786387497,0.013418948228867775,0.013277834596115451,0.0067551277127511295,0.019478022037447043,0.005652919508576257,0.0,0.0,0.0,0.0,0.0,0.0,0.0,0.0,0.0,0.0,0.0,0.0,0.0,0.0,0.0,0.0,0.0,0.0,0.0,0.0
Sweep_AmplitudeStep_1pct,1.0,EKF,Model-based,fast,30,0.0027960505758083632,0.00265441651593555,0.00011289559506422115,0.00559107757249198,0.002060261615048161,0.001087181408747683,0.0010312150945016,9.11902208780105e-05,0.00212709431891781,0.0007798762145506488,0.012287203068135431,0.0116983384742823,0.00032900617709818997,0.02462926541514171,0.009077528847767927,0.002574569979031443,0.0024459147219807,6.643953844003642e-05,0.00517025140560872,0.0019089932737801543,0.0,0.0,0.0,0.0,0.0,9.999999999999998e-05,0.0001,0.0001,0.0001,4.135263320862086e-20,0.0,0.0,0.0,0.0,0.0,0.008810891345842151,0.00836895926044385,0.00029050883619803007,0.01763879302581781,0.006506704687632728,0.0,0.0,0.0,0.0,0.0,0.06578656302202998,0.0667947180765793,0.00792212478550875,0.12510213501926157,0.04447696280481851,0.018201412029048736,0.017266938638936698,0.00256883550941628,0.03514477068374068,0.012384148042541746,19.969741167323033,22.403127768850155,7.542506845495882,30.56649291580595,8.661886187181238,7.25773034570655e-05,6.96085919392222e-05,1.9292784635981452e-06,0.00014473940773679,5.3607901371468306e-05,14.13887500077156,14.17745310445716,11.515563950150918,16.868275836527598,2.282957768829171,0.0,0.0,0.0,0.0,0.0,1.0,1.0,1.0,1.0,0.0,1.0,1.0,1.0,1.0,0.0,0.0625,0.0625,0.0625,0.0625,0.0,0.0625,0.0625,0.0625,0.0625,0.0,405.6740566666667,403.2901,349.2886,450.8544,41.67229753521194,1.0,1.0,1.0,1.0,0.0,0.0,0.0,0.0,0.0,0.0,0.0,0.0,0.0,0.0,0.0,0.0011539252299904447,0.0011191751298248,9.739614308540888e-05,0.0025440237833947305,0.0009375172656986913,0.0005656764430285633,0.00043011258984980004,7.95840501254171e-05,0.00124663203723172,0.0004786969570746481,0.00048602681589856586,0.00033979484122980005,6.107358438783674e-05,0.00110143983716936,0.000417827998771219,0.00040238282313942333,0.00030432472133905004,5.478475736633582e-05,0.00090857681834502,0.0003430830637728159,0.000647318702313457,0.0005818012771676,0.0001042328687567,0.00131432103268305,0.0004883880711192374,8.160482275864247e-05,7.572013573736011e-05,4.051949617687314e-05,0.00013055487738733998,3.508001487313733e-05,0.0,0.0,0.0,0.0,0.0,0.0,0.0,0.0,0.0,0.0,0.0,0.0,0.0,0.0,0.0,0.0,0.0,0.0,0.0,0.0
Sweep_AmplitudeStep_1pct,1.0,LKF,Model-based,fast,30,0.003952414593960987,0.003944607003747,0.0038527286153878498,0.00405554508455974,7.850677617976671e-05,0.0035119087146308725,0.0035156369428581,0.00344256368935363,0.00358146552229997,5.6212445859228684e-05,0.008865134366787169,0.0083813151916807,0.0066579260440703895,0.012818976257403782,0.002305262044073243,0.001812901194120517,0.00181792458749705,0.00172345794333712,0.00189919711168011,6.724316671234237e-05,0.0,0.0,0.0,0.0,0.0,9.999999999999998e-05,0.0001,0.0001,0.0001,4.135263320862086e-20,0.0,0.0,0.0,0.0,0.0,0.008950612296992575,0.00893118575769945,0.00862441618260146,0.00929196142133945,0.0002527425102573142,0.0,0.0,0.0,0.0,0.0,5.396075280941067,5.395756798520779,5.389700720469293,5.403903194263648,0.005411077065667503,2.960833398461573,2.960576378913226,2.9591691657135213,2.9629749342044502,0.001463033036256323,68.07892615290963,67.49142841225,64.1770919236938,72.90493170617545,3.370759526075934,3.006518136645072e-05,2.746556479303466e-05,8.169975329083577e-06,4.980611001681075e-05,1.8651965417654577e-05,12.904375682832434,11.718098994500306,10.96582597263115,16.810408680999203,2.790356647985437,7.900000000000002,7.9,7.9,7.9,3.613448226613569e-15,1.0,1.0,1.0,1.0,0.0,1.0,1.0,1.0,1.0,0.0,0.0625,0.0625,0.0625,0.0625,0.0,0.0625,0.0625,0.0625,0.0625,0.0,386.35584000000006,386.1316,329.3216,421.32919000000004,46.37366186076182,1.0,1.0,1.0,1.0,0.0,0.0,0.0,0.0,0.0,0.0,0.0,0.0,0.0,0.0,0.0,0.0038801113082998235,0.00388369286394675,0.00386096764247101,0.00390030545951814,1.9970384926256847e-05,0.003952784091677494,0.00395117629646755,0.00388895021988425,0.00402554140216159,4.842343008455611e-05,0.00392123590473888,0.003918275519304,0.00390446808515386,0.00393896160056409,1.6876264630970744e-05,0.003918718984641084,0.00391626958310515,0.0039084278053012405,0.00393407815161221,1.0211758835669056e-05,0.00651018519361623,0.00640782716629925,0.0061549099050139,0.00700671997669882,0.00032963566142865067,0.003927301739303957,0.00392626040422895,0.00392436692423671,0.0039310620373516495,3.34499401065212e-06,0.0,0.0,0.0,0.0,0.0,0.0,0.0,0.0,0.0,0.0,0.0,0.0,0.0,0.0,0.0,0.0,0.0,0.0,0.0,0.0
Sweep_AmplitudeStep_1pct,1.0,LKF2,Model-based,fast,30,0.005405285805333464,0.0035168055975813,0.0005253151494323601,0.012448080321454402,0.004434618506191436,0.001399297538745795,0.00094096788796405,0.00019365444024666,0.0031161331969975503,0.0010852897542062488,0.03691324686355814,0.024318363034787148,0.004715489288906081,0.08100433413324944,0.031221847968181657,0.005219538616650146,0.0033964605190066497,0.0004885500927238001,0.012032650983246442,0.004301629866899133,0.0,0.0,0.0,0.0,0.0,9.999999999999998e-05,0.0001,0.0001,0.0001,4.135263320862086e-20,0.0,0.0,0.0,0.0,0.0,0.017057913388696375,0.01110148002597535,0.0016584763786773803,0.03928638407034627,0.013988662769356614,0.0,0.0,0.0,0.0,0.0,1.7628172886515376,1.7599217678299084,1.0279930396066561,2.3952489837828495,0.5789836641023339,0.33559341455274494,0.3424738207221716,0.20380165199946396,0.45667398309932516,0.10394315227575109,48.68860171435835,48.11500631805043,47.5159678779152,50.872402055951724,1.4224618247213132,0.00021169070062037964,0.00014070233151245001,2.071223454640059e-05,0.00047429263215568,0.00018548900655802758,13.888117326815177,13.888117326815175,12.412504860841064,15.334796215025094,1.1771281866646481,0.0,0.0,0.0,0.0,0.0,1.0,1.0,1.0,1.0,0.0,1.0,1.0,1.0,1.0,0.0,0.0625,0.0625,0.0625,0.0625,0.0,0.0625,0.0625,0.0625,0.0625,0.0,401.42735000000005,403.2901,349.2886,450.8544,39.32742195930654,1.0,1.0,1.0,1.0,0.0,0.0,0.0,0.0,0.0,0.0,0.0,0.0,0.0,0.0,0.0,0.0006759483510372847,0.00041784571716434995,0.00011577530195718472,0.0017199284674732202,0.0006569193073465926,0.0007219964251250033,0.0006478927547186001,0.00039096157473568,0.00128933711894354,0.0003352910490258253,0.0005432234474619299,0.00048728984407005,0.00030580056266275,0.00095170416070426,0.00022876132440281701,0.0004212897967013966,0.00038340394593305003,0.00026712707846954996,0.00070904863661536,0.00015965084928640924,0.0012160856497532265,0.00116634558403555,0.00075115444652307,0.0020848458850230697,0.0004608105388654088,0.0001300859736399721,0.0001217937107625,9.876456776591721e-05,0.0001659175474388,2.912293688421189e-05,0.0,0.0,0.0,0.0,0.0,0.0,0.0,0.0,0.0,0.0,0.0,0.0,0.0,0.0,0.0,0.0,0.0,0.0,0.0,0.0
Sweep_AmplitudeStep_1pct,1.0,RA-EKF,Model-based,fast,30,0.00063762367719828,0.00043344708764565,0.00040590150797073,0.0011052626173238603,0.0003845451759763293,0.00036756989991986664,0.0002514017501975,0.00023968553522975,0.0006554500901803001,0.00021247579699868008,0.004160188507511193,0.003028151681196,0.00269012407057613,0.007447408347572033,0.002507621586425891,0.00052080398615249,0.0003542414733736,0.00032417118361907,0.0008897530134032103,0.00032086777412943765,0.0,0.0,0.0,0.0,0.0,9.999999999999998e-05,0.0001,0.0001,0.0001,4.135263320862086e-20,0.0,0.0,0.0,0.0,0.0,0.0019299818583774998,0.0013124176069487501,0.0012167860617232202,0.0033247091303902007,0.0011745805613200024,0.0,0.0,0.0,0.0,0.0,1.5437046270990369,1.535588214833794,1.506554512491931,1.5875795767659187,0.037778702291762785,0.3004984743188841,0.29925838376908276,0.29681734170972296,0.3049392896116693,0.0038060466225979103,48.20653560018689,47.595020375120995,44.435402378202696,52.846328994643244,3.3342642484007956,1.220464858521466e-05,5.349711612104508e-06,2.674480154720272e-06,2.9138589830127087e-05,1.5598293273623013e-05,15.952045873994653,15.479464103846084,12.933309260596634,19.67483287965484,2.5831341316359397,0.0,0.0,0.0,0.0,0.0,1.0,1.0,1.0,1.0,0.0,1.0,1.0,1.0,1.0,0.0,0.0625,0.0625,0.0625,0.0625,0.0,0.0625,0.0625,0.0625,0.0625,0.0,435.9680433333334,435.5788,384.33566,521.81346,53.92584143972665,1.0,1.0,1.0,1.0,0.0,0.0,0.0,0.0,0.0,0.0,0.0,0.0,0.0,0.0,0.0,0.0007267765636445568,0.0004328451877891,0.00028081403669212,0.0013346118189403006,0.0006984185052950436,0.0005739367824809533,0.00033073097247265004,0.0002175189897618,0.0011490998901127504,0.0005489247674160987,0.0005331191347991401,0.00031378177206665004,0.00020904741143748,0.0010748431167123503,0.0005069700145445514,0.00048229734684759006,0.00029023668734665,0.00019708141032396,0.0009695831612010602,0.00045184664595538635,0.0008136498509601999,0.00057103316989775,0.00036291617920759,0.0014435175573679804,0.0006255286588930689,0.00020493221567813335,0.0001657236950314,0.00014740823717064,0.00028358545998217,0.00010595684867743863,0.0,0.0,0.0,0.0,0.0,0.0,0.0,0.0,0.0,0.0,0.0,0.0,0.0,0.0,0.0,0.0,0.0,0.0,0.0,0.0
Sweep_AmplitudeStep_1pct,1.0,UKF,Model-based,fast,30,0.0012153326037093167,0.0010827709525384,0.00040817992906115,0.00238291849814983,0.000728381935447176,0.00040764689826669335,0.0003611224908695,0.00016489807582452,0.0007391268057420101,0.00021342657119406705,0.00794373266474621,0.007063994809893601,0.00257656035958992,0.0156254297841378,0.004777529334232185,0.0011439777853762604,0.0010246550101392499,0.00036522996847397003,0.00226537320067686,0.0006980232199321705,0.0,0.0,0.0,0.0,0.0,9.999999999999998e-05,0.0001,0.0001,0.0001,4.135263320862086e-20,0.0,0.0,0.0,0.0,0.0,0.003839580254395634,0.00342385028076035,0.0012778307580325902,0.00753525052167554,0.002306855080359998,0.0,0.0,0.0,0.0,0.0,0.13654024558640285,0.12455801296162855,0.08378770152184244,0.214567785837616,0.04849287656051969,0.023791146628443293,0.02168425732410935,0.01645842292970458,0.03558774673594747,0.007159118497370382,25.656335073894915,25.84617246868869,20.350480212067357,31.46211078243043,4.301435515620433,4.720960495408956e-05,4.1462284030440366e-05,1.5242949584509554e-05,9.211961396127866e-05,2.879765461009968e-05,15.479464103846084,14.611456770920135,10.96582597263115,21.526581856563524,4.04553087736722,0.0,0.0,0.0,0.0,0.0,1.0,1.0,1.0,1.0,0.0,1.0,1.0,1.0,1.0,0.0,0.0625,0.0625,0.0625,0.0625,0.0,0.0625,0.0625,0.0625,0.0625,0.0,422.61688,427.66235,347.2919,481.33456,63.42919828003939,1.0,1.0,1.0,1.0,0.0,0.0,0.0,0.0,0.0,0.0,0.0,0.0,0.0,0.0,0.0,0.00012448902552573198,0.0001171018091366,4.786349083559595e-05,0.00021936237175013,7.424923971372387e-05,0.0001845042751510601,0.0001235082570698,6.341471955969862e-05,0.0003456179574574701,0.00012154174162751806,0.0001784802130986581,0.00014617814237815002,6.73306882065537e-05,0.00038206814983484,0.00011797366726023774,0.00015856483377780264,0.00013451645935355,6.43227608301899e-05,0.00032143366916687,8.891643865333197e-05,0.00029487917912306,0.0002762512709004,0.00013157118909028,0.00047075206665420007,0.0001286707245349094,7.485407065622552e-05,7.203784087956162e-05,4.4432151585689135e-05,0.00010442976934553002,2.622475545891622e-05,0.0,0.0,0.0,0.0,0.0,0.0,0.0,0.0,0.0,0.0,0.0,0.0,0.0,0.0,0.0,0.0,0.0,0.0,0.0,0.0
Sweep_AmplitudeStep_1pct,1.0,IPDFT,Window-based,fast,30,0.00045443178645137,0.0004577381125313,0.00030015365395912003,0.00063317560485028,0.00013520956441320282,0.0003539474091304,0.00035066710868015,0.00022785505978224,0.00049619672857041,0.00011096518027050335,0.00171568548287998,0.00180628225746555,0.0010574216632327602,0.0022534700009003497,0.0005072845390788471,0.00028395641175086,0.00028476536596350004,0.00019556266838212,0.00039331909078763007,8.116169199957412e-05,0.0,0.0,0.0,0.0,0.0,9.999999999999998e-05,0.0001,0.0001,0.0001,4.135263320862086e-20,0.0,0.0,0.0,0.0,0.0,0.0012058166443831265,0.0012230214626456001,0.0008125660542014601,0.00167615400093331,0.00034953063512384926,0.0,0.0,0.0,0.0,0.0,0.13994748504823437,0.1416301533296859,0.08284659076629451,0.1930805515684141,0.04579741188283564,0.038093553392162964,0.03803336259516575,0.0236142016232965,0.05409915885306879,0.011708687828289465,29.820897165858526,29.62052607917996,28.368425598162016,31.361410229758988,1.3207443043466758,1.6106364613986174e-05,1.3906486618115574e-05,6.251034127266434e-06,2.469560068930143e-05,8.991606737844324e-06,11.399829639094126,10.994759550395347,10.387154417347187,12.759707794011444,1.0841940638332577,66.59999999999998,66.60000000000001,66.60000000000001,66.60000000000001,4.336137871936283e-14,1.0,1.0,1.0,1.0,0.0,1.0,1.0,1.0,1.0,0.0,0.0625,0.0625,0.0625,0.0625,0.0,0.0625,0.0625,0.0625,0.0625,0.0,371.4632233333333,368.1722,329.3216,404.93568000000005,34.87606038346098,1.0,1.0,1.0,1.0,0.0,0.0,0.0,0.0,0.0,0.0,0.0,0.0,0.0,0.0,0.0,0.0004116804330346666,0.00034760632201825,0.00021914911805248,0.0006276953235985201,0.00019386086538357878,0.00042462675613447653,0.0003902617872587,0.00017196780426197004,0.0006808968417676701,0.00023470423062626656,0.0008860206074359433,0.0008493581794961501,0.0003974528074010201,0.0013527913923664801,0.00038379834051346267,0.0008012509349859099,0.0007631971222695,0.00041089821767184,0.0012200682111263002,0.0003209124363483369,0.0015567697274576102,0.001555196672335,0.00077987134851293,0.0022534700009003497,0.00061377401228221,0.00042206800140739677,0.00039649907031434996,0.00026899790551786,0.00062188235638126,0.00014646559566184106,0.0,0.0,0.0,0.0,0.0,0.0,0.0,0.0,0.0,0.0,0.0,0.0,0.0,0.0,0.0,0.0,0.0,0.0,0.0,0.0
Sweep_AmplitudeStep_1pct,1.0,TFT,Window-based,fast,30,0.0005990761205334167,0.0006206596155816,0.00028422400229965,0.0008600087658824701,0.00022819232255603594,0.00023216550751589666,0.00023470136148435,0.00013348612402188002,0.00036570079429536006,8.291391437132294e-05,0.011111405911684082,0.01296990119942265,0.00353217496726184,0.01693511416181077,0.005397323122956931,0.0005440330378550366,0.0005950966029966999,0.00019693252742014998,0.0007973021415356301,0.0002335111618465981,0.0,0.0,0.0,0.0,0.0,9.999999999999998e-05,0.0001,0.0001,0.0001,4.135263320862086e-20,0.0,0.0,0.0,0.0,0.0,0.001864264621081117,0.00196104446302925,0.0007767354260375099,0.00271598062743526,0.000743430259617493,0.0,0.0,0.0,0.0,0.0,0.7384240576531198,0.8050896917755068,0.20661235404517697,1.11140197415871,0.342179821651372,0.07937925776059566,0.08636093765527661,0.028566664662399342,0.11743327914948522,0.033955227893952555,35.54295555522514,35.67502495134869,27.792899491471942,41.26857400858651,5.694110300260952,6.486254397714163e-05,7.294790226694013e-05,1.742438873151728e-05,9.891608905154337e-05,3.083286056559882e-05,14.196742156299958,13.309445771531212,12.730774216247244,16.231737125715238,1.5346619848986853,83.30000000000003,83.3,83.3,83.3,1.4453792906454277e-14,1.0,1.0,1.0,1.0,0.0,1.0,1.0,1.0,1.0,0.0,0.0625,0.0625,0.0625,0.0625,0.0,0.0625,0.0625,0.0625,0.0625,0.0,387.8153866666667,394.71085,349.2886,419.7459,31.40868841452164,1.0,1.0,1.0,1.0,0.0,0.0,0.0,0.0,0.0,0.0,0.0,0.0,0.0,0.0,0.0,0.00022998976694696578,0.0002111036600714,9.261617726634804e-05,0.00034045179404000017,0.00014043130611715663,0.00023268618287874648,0.0001982904969208,6.306406941353838e-05,0.0005309773897748701,0.00020299662334723808,0.00035790748961159695,0.00036500225276595,0.00016055756397707002,0.0005861436844322701,0.00017740460401656803,0.0003428850771501587,0.00032988082014155,0.00013854988435623,0.00054443643914067,0.00015847816616793532,0.0005507212984845033,0.00054004300230655,0.00024412897930402002,0.00088743031484091,0.0002569607613119773,0.0002174604945543633,0.00019016942191539998,0.00012506749074754,0.00035665969904817997,9.157499887481056e-05,0.0,0.0,0.0,0.0,0.0,0.0,0.0,0.0,0.0,0.0,0.0,0.0,0.0,0.0,0.0,0.0,0.0,0.0,0.0,0.0
Sweep_AmplitudeStep_2pct,2.0,RLS,Adaptive,fast,30,0.3787690480642827,0.2686442106203305,0.0860634826497153,0.7534093729252835,0.29227313013415807,0.2944945166799576,0.1843268732617106,0.05322371205893255,0.7390010284212776,0.27629300497177867,1.2429134625448983,1.173535782828509,0.246030802407661,2.178005486123144,0.8931215611996243,0.19635780992191967,0.14200340794349503,0.03542446985869917,0.46736986533441044,0.16701893750248006,0.3890266666666666,0.08945,0.0,1.4181900000000003,0.5694123891517818,9.999999999999998e-05,0.0001,0.0001,0.0001,4.135263320862086e-20,0.27486333333333335,0.08945,0.0,0.7453000000000012,0.4542649435671028,0.8835679464457166,0.7505248172892778,0.24888120384399093,1.8505210266428995,0.6904393281476674,0.8866999999999998,0.82265,0.07694000000000004,1.6501,0.7389435086429255,47.71166886084721,22.18260209835954,11.437459900651703,137.05593574487204,61.578459430043125,10.159716485356475,7.769850321277188,3.6406237248757054,15.947976599709316,8.668204710421842,76.59409575493136,74.91376482040522,72.36088909993805,85.57187556745204,5.10982350154804,0.0071345515425043134,0.00665504120244155,0.00139892895756882,0.010494842126874146,0.005264170081579162,14.582523193155934,14.466788882099143,13.888117326815175,15.624131992667072,0.8749634273681511,0.0,0.0,0.0,0.0,0.0,0.0,0.0,0.0,0.0,0.0,0.03333333333333333,0.0,0.0,0.0,0.1825741858350553,0.0625,0.0625,0.0625,0.0625,0.0,0.0625,0.0625,0.0625,0.0625,0.0,422.1380666666667,419.7459,368.1722,465.6275,34.38326504742692,1.0,1.0,1.0,1.0,0.0,0.0,0.0,0.0,0.0,0.0,0.0,0.0,0.0,0.0,0.0,0.2814363536694602,0.11830305189930486,0.022671444414604402,0.7619524890868787,0.34565416968324664,0.4201988974001053,0.2162467160734124,0.02144400585595679,1.1952090729861655,0.46752837902412,0.44058805785420946,0.21180033522528446,0.01844032778796956,1.181739994360062,0.5262797178994474,0.4099355639770963,0.21338462589563578,0.014869307660129852,1.1229713915830102,0.4727184476089911,0.5153820003538245,0.2455802237043194,0.02786644466093405,1.4963088009455214,0.6132067595364988,0.29991883077876863,0.17374731443074776,0.013367139061757363,0.7454969211754648,0.31883552736337045,0.6375700000000001,0.50265,0.0,1.3157699999999999,0.6267855229881959,0.0,0.0,0.0,0.0,0.0,0.0,0.0,0.0,0.0,0.0,0.0,0.0,0.0,0.0,0.0
Sweep_AmplitudeStep_2pct,2.0,TKEO,Adaptive,fast,30,8.858259487312809,8.68640218461253,7.455366114982113,10.453509902617272,1.2181833121271588,8.259968765804672,8.01544268133152,6.833319688910991,9.950856852176514,1.2056282654724404,12.916383245212115,13.010089254659576,11.020143015262622,14.818581508556374,1.3813381955088957,3.1885435944959855,3.257354821069848,2.629324956522525,3.5580643128458926,0.3284502434710432,1.6501000000000003,1.6501,1.6501,1.6501,0.0,9.999999999999998e-05,0.0001,0.0001,0.0001,4.135263320862086e-20,1.6501000000000003,1.6501,1.6501,1.6501,0.0,17.825599549292626,17.83758225906213,14.963360545770332,20.731592515788687,2.049277321897269,1.6501000000000003,1.6501,1.6501,1.6501,0.0,267.2306526180771,266.103035067724,258.4380501656405,274.45463903251976,7.660118013643391,52.599260420840395,51.668771486458226,46.092028809807275,61.0030957052516,5.9165052710110615,92.94687364326924,92.26814885485263,87.99498727717095,99.1257948542184,4.315628539806516,0.06416423679764865,0.06473239214701654,0.053854607210557466,0.0750247257258189,0.007260229102670029,9.046565314272666,8.96940910690147,8.390737551617502,9.577014239949634,0.4679814534849495,0.30000000000000004,0.3,0.3,0.3,0.0,0.0,0.0,0.0,0.0,0.0,0.0,0.0,0.0,0.0,0.0,0.0625,0.0625,0.0625,0.0625,0.0,0.0625,0.0625,0.0625,0.0625,0.0,319.48365,329.3216,257.62511,351.17696,38.22142496363606,1.0,1.0,1.0,1.0,0.0,0.0,0.0,0.0,0.0,0.0,0.0,0.0,0.0,0.0,0.0,4.726373860666892,4.58592566339739,3.7353699296368714,6.200353566925124,0.9780920635914249,5.198396216848619,4.965957621087015,4.1194111461959215,6.763312983211279,1.0028321172773798,5.341949448227934,5.0900546831731015,4.268819083247757,6.933225715816757,1.0194621111099997,5.569626898589067,5.338568627034496,4.482700896559782,7.285547073694764,1.0214311110109162,6.015825845086634,5.82242391669736,4.870664122101698,7.729638259593715,1.0395143625008354,7.712024194174486,7.461398815541759,6.464532235308086,9.563743213324491,1.296907117280849,1.3000999999999998,1.3001,1.26146,1.33874,0.029342096392208514,0.0,0.0,0.0,0.0,0.0,0.0,0.0,0.0,0.0,0.0,0.0,0.0,0.0,0.0,0.0
Sweep_AmplitudeStep_2pct,2.0,PLL,Loop-based,fast,30,0.2182703080272458,0.16568652118730337,0.16148935563810168,0.3148519802215444,0.13527244724759016,0.1645170912253578,0.14747456996216454,0.1453469663001705,0.19415616882087164,0.04395732953408051,0.9501192608018113,0.536166508225211,0.27317661020217154,2.4225889314133466,0.9560880256213801,0.13211389256547396,0.07551859198734764,0.0703780602920855,0.24766917069080036,0.13998577025474065,0.022160000000000003,0.0015999999999999999,0.0,0.07108000000000003,0.03977531377886159,9.999999999999998e-05,0.0001,0.0001,0.0001,4.135263320862086e-20,0.01633,0.00145,0.0,0.055080000000000025,0.03438532315212208,0.5608587689217797,0.37403034592420764,0.3564811471764271,0.937163680893273,0.46369147351332585,1.649016666666667,1.6491500000000001,1.6475000000000002,1.6501,0.0010167844288306825,176.43461402996508,174.02433225724323,173.88391509501488,184.74266136215257,5.469398868164036,121.5886522710307,121.56627157366773,121.48635451868529,121.70860465090954,0.10048259100429124,100.34836706174954,99.77169690815663,96.4481471614354,105.17297319961722,3.3717825144158113,0.004162578760709283,0.0019811045778111,0.0002828054070775001,0.01272315373611465,0.00517522471164649,10.734357350517566,10.705423772753363,8.072468196211322,13.917050904579375,2.5262018338080097,0.0,0.0,0.0,0.0,0.0,0.0,0.0,0.0,0.0,0.0,0.0,0.0,0.0,0.0,0.0,0.0625,0.0625,0.0625,0.0625,0.0,0.0625,0.0625,0.0625,0.0625,0.0,331.99324,329.3216,282.73236,374.9128600000001,57.49263556476153,1.0,1.0,1.0,1.0,0.0,0.0,0.0,0.0,0.0,0.0,0.0,0.0,0.0,0.0,0.0,0.16165811310418274,0.1613619758116804,0.16114621607410842,0.16159683480466439,0.0015859654846807497,0.16301584875705474,0.16297899261990825,0.1626284508004938,0.16338918551505158,0.0003352808387471673,0.16197589121711614,0.16197493299773405,0.16178349768201894,0.1621683395378525,0.00014552620332075424,0.16166052562140856,0.1616336096795736,0.16149080067336974,0.16184543146880087,0.00013346097297042072,0.23558528909956492,0.2360082751125496,0.2325378116525463,0.23808320390986845,0.002250335697349438,0.1613281837659694,0.16132443671045626,0.16114997719151564,0.1615073510989206,0.0001358224510771057,1.2990166666666667,1.2988,1.25868,1.3387,0.029281794783570333,0.0,0.0,0.0,0.0,0.0,0.0,0.0,0.0,0.0,0.0,0.0,0.0,0.0,0.0,0.0
Sweep_AmplitudeStep_2pct,2.0,SOGI-FLL,Loop-based,fast,30,0.004567629265083224,0.0045796609440972,0.00390124292932507,0.00533547210888333,0.0005535200401323312,0.004126439419821427,0.00415689988684805,0.00379745097126801,0.00447275990616631,0.0002561119320073529,0.017808832916995664,0.0178793487202888,0.0121910847920318,0.02345204384264569,0.00443812584305163,0.00186333751365107,0.00192165820760335,0.00090677844258637,0.00290760570757586,0.0007855195100741766,0.0,0.0,0.0,0.0,0.0,9.999999999999998e-05,0.0001,0.0001,0.0001,4.135263320862086e-20,0.0,0.0,0.0,0.0,0.0,0.009716451960774784,0.0099218745096582,0.00651473178869072,0.013196395179170161,0.002612329637980741,0.0,0.0,0.0,0.0,0.0,0.3561085376950028,0.35809401882858083,0.22116767538626897,0.5110284493134998,0.11573529039092298,0.049879704867414956,0.04666556506445225,0.03292178488987011,0.06917076396310422,0.014553624047210166,32.109782565235314,31.761157086723703,27.04784853161085,36.189109101041524,4.313747867284495,8.160522905974036e-05,8.377553390887137e-05,5.0927755448658635e-05,0.00011333288486386,2.561666969263107e-05,10.0881741137838,9.982084328648408,8.10140177397552,12.470372016369462,1.6344947537032346,0.0,0.0,0.0,0.0,0.0,1.0,1.0,1.0,1.0,0.0,1.0,1.0,1.0,1.0,0.0,0.0625,0.0625,0.0625,0.0625,0.0,0.0625,0.0625,0.0625,0.0625,0.0,342.5022666666666,339.3051,260.3733,419.7459,54.608021577403456,1.0,1.0,1.0,1.0,0.0,0.0,0.0,0.0,0.0,0.0,0.0,0.0,0.0,0.0,0.0,0.003633779981393107,0.00361761947290465,0.00350176140238118,0.00378701078926529,0.00012522741123847128,0.0036071834973740195,0.0033602784025803002,0.00261938069248452,0.0047794656306209896,0.0008542155506803676,0.0037560358606687338,0.0036178232495802497,0.00273477530000106,0.0048826661258687,0.000830803284324138,0.004166526878504129,0.00416334335040775,0.00403650979333873,0.00432047319785799,0.00016691975458661858,0.005087813730786616,0.0051907368279522,0.00460633586542933,0.0054722556731348505,0.0003632885605131588,0.0035939493620333668,0.0035950615679979,0.00356587189103189,0.0036409321790297,4.456049783883203e-05,0.0,0.0,0.0,0.0,0.0,0.0,0.0,0.0,0.0,0.0,0.0,0.0,0.0,0.0,0.0,0.0,0.0,0.0,0.0,0.0
Sweep_AmplitudeStep_2pct,2.0,SOGI-PLL,Loop-based,fast,30,0.016552432462772878,0.0156301081623097,0.0038783860077739305,0.027307441566770483,0.01099384298852456,0.005855182360890371,0.00555035618663695,0.00237029348438767,0.009330810795805831,0.0029739685949435827,0.10116714617617335,0.0832427670048119,0.019942251934818873,0.13988551660757478,0.1231272057604088,0.015422216653428016,0.01461139621896225,0.00306918183827672,0.025663556252756844,0.01067422862048503,0.00016333333333333334,0.0,0.0,0.0,0.0008946135105917708,9.999999999999998e-05,0.0001,0.0001,0.0001,4.135263320862086e-20,0.00016333333333333334,0.0,0.0,0.0,0.0008946135105917708,0.05212183232117456,0.049384544843523795,0.011577838999218042,0.08632147955407637,0.03498310880665909,0.0005266666666666667,0.0,0.0,0.0,0.002884672136193875,3.967613165496431,2.821633469096696,2.121970301033116,3.9271104542315536,5.694014169536041,1.4523641316450575,1.3541112977821408,1.3341216385488008,1.4347586256870728,0.43652146785824364,61.686605579794374,60.92109994524033,57.54152522694432,67.13715358071963,3.733846082689583,0.00037544124205423355,0.00026223032716425,7.636597537199573e-05,0.00038831048395453004,0.0007188983580842627,10.62826756538217,10.416087995111385,8.680073329259486,12.470372016369462,1.3843425628833268,0.0,0.0,0.0,0.0,0.0,0.5,0.5,0.0,1.0,0.5085476277156078,0.9666666666666667,1.0,1.0,1.0,0.1825741858350553,0.0625,0.0625,0.0625,0.0625,0.0,0.0625,0.0625,0.0625,0.0625,0.0,327.92644,329.3216,282.73236,389.49303000000003,57.26548919286078,1.0,1.0,1.0,1.0,0.0,0.0,0.0,0.0,0.0,0.0,0.0,0.0,0.0,0.0,0.0,0.00203760516610637,0.00185914387359755,0.00177915937329499,0.00216696332898525,0.0006327388712142118,0.005085752407503036,0.0050116717400214995,0.00213071283569791,0.008282124744314431,0.0024270703885929507,0.0034683415904469338,0.00335060424432745,0.0018625959148343,0.00524572451218978,0.0013113934379326796,0.00290010362421044,0.00281926015921465,0.00187907249206517,0.0040768882021598105,0.0008859590785684004,0.00926393521246515,0.0096150220602915,0.00440648870990962,0.01427819816561419,0.004023204653318088,0.0018092249528127732,0.0018047198093033,0.00177751171288498,0.00185108592998762,3.1753406335666536e-05,0.0,0.0,0.0,0.0,0.0,0.0,0.0,0.0,0.0,0.0,0.0,0.0,0.0,0.0,0.0,0.0,0.0,0.0,0.0,0.0
Sweep_AmplitudeStep_2pct,2.0,Type-3 SOGI-PLL,Loop-based,fast,30,0.03210260019323575,0.02453075522506355,0.005564145027228961,0.0641301449961507,0.02764066704564665,0.00912469159527529,0.00748063034808585,0.00324663713236073,0.016189806762759534,0.006109280619583014,0.2873342569731468,0.22016884348823135,0.04486969297065848,0.5800581512126273,0.2525087969435732,0.030664409577816503,0.02336220138798365,0.0045158114702146404,0.06205287822912153,0.027091250411690092,0.002373333333333333,0.0,0.0,0.005890000000000007,0.0068741361003719454,9.999999999999998e-05,0.0001,0.0001,0.0001,4.135263320862086e-20,0.002373333333333333,0.0,0.0,0.005890000000000007,0.0068741361003719454,0.10111792032872496,0.07756723451203701,0.01679407154300475,0.2023484414501244,0.08738297429332094,0.015443333333333333,0.0032500000000000003,0.0,0.04317,0.020078598716961833,6.990752255620218,5.457983884404882,3.150171330183582,11.844064364536779,4.456491062337006,2.1968947835793755,2.0537912632017914,1.9657986546548514,2.530665438889541,0.34890208170716486,65.3647504089963,64.44637441862032,61.03909223778755,70.14177871611952,3.4304801310824993,0.001677781564819465,0.00132083001524165,0.00023368959482821,0.0034130676320754507,0.0014760089681223837,8.651139751495288,8.390737551617502,8.072468196211322,9.28767846230765,0.6463048366587971,0.0,0.0,0.0,0.0,0.0,0.3333333333333333,0.0,0.0,1.0,0.47946330148538413,0.8,1.0,0.0,1.0,0.4068381021724863,0.0625,0.0625,0.0625,0.0625,0.0,0.0625,0.0625,0.0625,0.0625,0.0,319.28855666666664,318.69115,282.73236,368.1722,33.50846551811052,1.0,1.0,1.0,1.0,0.0,0.0,0.0,0.0,0.0,0.0,0.0,0.0,0.0,0.0,0.0,0.0027031898267229734,0.0026461959098807,0.00261008675097097,0.00271734863862707,0.00023361742081911822,0.004766294429174613,0.00424527652006165,0.0031301086777432104,0.00716521598716467,0.0015857885019728366,0.00373894087605246,0.0033808093734172,0.00283049248150427,0.004917309648867061,0.0007900756409719229,0.0033006436612166004,0.00306772346771605,0.00275729821200499,0.004029114376747031,0.0005000704187867202,0.008180538438058892,0.0078459361132452,0.00611961161789123,0.01108484406442683,0.0019068846236950368,0.0026306301364936056,0.00262486930848395,0.00261183238064324,0.0026545622256054,1.963108768192218e-05,0.0,0.0,0.0,0.0,0.0,0.0,0.0,0.0,0.0,0.0,0.0,0.0,0.0,0.0,0.0,0.0,0.0,0.0,0.0,0.0
Sweep_AmplitudeStep_2pct,2.0,ZCD,Loop-based,fast,30,0.013295165194102714,0.0128745461637133,0.00689836298932548,0.01913256246709261,0.004670405692646268,0.010605015374825895,0.0101218649631878,0.005404240569753841,0.015472068479719742,0.003754733209797097,0.03721684247466063,0.037899204719131704,0.020011595736875113,0.054050961149078286,0.013747505651328958,0.008007907802342267,0.0078504683073531,0.00428609256622684,0.01179239692814401,0.002808728635438866,0.0,0.0,0.0,0.0,0.0,9.999999999999998e-05,0.0001,0.0001,0.0001,4.135263320862086e-20,0.0,0.0,0.0,0.0,0.0,0.03462873878185286,0.0339144660438358,0.018262518268434648,0.05110197571822842,0.012126391344946849,0.0,0.0,0.0,0.0,0.0,92.61310149165898,89.86003606588966,44.77667215440917,138.267109987666,33.92856466737395,12.569729025529828,11.987261923399014,6.460519454886851,18.35425663377489,4.41685808599315,80.05414950761916,79.91612859982848,79.41567819075532,81.04808074258206,0.7049131514677736,0.0019217516664480764,0.0016391708592423,0.00087768237987603,0.003167826222839891,0.0011782541447069997,5.256266627162688,4.918708219913709,4.629372442271725,6.394320685887821,0.8395495392053567,16.699999999999996,16.7,16.7,16.7,7.226896453227138e-15,0.8333333333333334,1.0,0.0,1.0,0.3790490217894517,1.0,1.0,1.0,1.0,0.0,0.0625,0.0625,0.0625,0.0625,0.0,0.0625,0.0625,0.0625,0.0625,0.0,225.48694000000003,232.8914,164.6882,285.2167,50.734760298632764,1.0,1.0,1.0,1.0,0.0,0.0,0.0,0.0,0.0,0.0,0.0,0.0,0.0,0.0,0.0,0.013196380604745934,0.009781870133885099,0.00461844382826642,0.023542285242077573,0.008194980470828048,0.010849348222934778,0.00676022610445765,0.00322912328481873,0.022972437493819987,0.008924513910537685,0.011862004528285074,0.0111920923277783,0.00459459038718046,0.02045853461535759,0.006423254870511917,0.012778511350283517,0.0133223610353999,0.00474060597036435,0.020998988966489184,0.007168769961456639,0.020943147675885326,0.0191395916376997,0.00794697765676125,0.03976780288522899,0.011819552048169922,0.013287277352754449,0.01314320108138265,0.00668808805299959,0.019287622066489395,0.005599666429573096,0.0,0.0,0.0,0.0,0.0,0.0,0.0,0.0,0.0,0.0,0.0,0.0,0.0,0.0,0.0,0.0,0.0,0.0,0.0,0.0
Sweep_AmplitudeStep_2pct,2.0,EKF,Model-based,fast,30,0.0027978464133217476,0.00265414504489065,0.00012539557680430158,0.00559234878891203,0.002058148811058496,0.0010892438343793392,0.0010308835796291,9.873026243084341e-05,0.00213044925671109,0.000778173216601112,0.012295387673833794,0.0116983384742823,0.00040666103962502,0.02462926541514171,0.009066325390504348,0.002575598907597786,0.00244576111483455,7.721968008241708e-05,0.0051702629206259,0.0019074784483701975,0.0,0.0,0.0,0.0,0.0,9.999999999999998e-05,0.0001,0.0001,0.0001,4.135263320862086e-20,0.0,0.0,0.0,0.0,0.0,0.008816040557172854,0.0083681669241329,0.00033038930267801004,0.017642140371571722,0.006500456373079849,0.0,0.0,0.0,0.0,0.0,0.06729235877145352,0.06690199723102805,0.01569013706870235,0.12510213501926157,0.042596742222801826,0.01850500677743648,0.017474500037263647,0.00359468129652902,0.035236512891822475,0.012132082528469913,20.65447926933791,22.43276344021698,10.412369524483623,30.59319254357293,7.796289744450313,7.261875636499153e-05,6.969632499622086e-05,2.443046013149182e-06,0.00014473028530003,5.358876239399924e-05,9.837416439827416,9.692748551006426,8.680073329259486,11.052626705923744,1.0051645478313287,0.0,0.0,0.0,0.0,0.0,1.0,1.0,1.0,1.0,0.0,1.0,1.0,1.0,1.0,0.0,0.0625,0.0625,0.0625,0.0625,0.0,0.0625,0.0625,0.0625,0.0625,0.0,326.10423000000003,329.3216,282.73236,369.96814,41.36922331830045,1.0,1.0,1.0,1.0,0.0,0.0,0.0,0.0,0.0,0.0,0.0,0.0,0.0,0.0,0.0,0.0011539252299904447,0.0011191751298248,9.739614308540888e-05,0.0025440237833947305,0.0009375172656986913,0.0005761189091511375,0.00035265095943140003,7.622608670036e-05,0.00126826244194223,0.0004908790311676437,0.0005026984966844161,0.00034945421177605,5.667245064854505e-05,0.0010918598581509701,0.00044086403406313324,0.0004147685552151626,0.0002835826622481,5.144294010099881e-05,0.0008805597386045401,0.00035917329006218343,0.0006957968714113339,0.0005817856452203,0.00013351159206890023,0.0013414509097692802,0.0004852474531388503,9.004938858647428e-05,8.567691920857591e-05,4.24668918248894e-05,0.00013010157272600001,3.617170141429184e-05,0.0,0.0,0.0,0.0,0.0,0.0,0.0,0.0,0.0,0.0,0.0,0.0,0.0,0.0,0.0,0.0,0.0,0.0,0.0,0.0
Sweep_AmplitudeStep_2pct,2.0,LKF,Model-based,fast,30,0.00395380244862288,0.00394610968619135,0.0038547837887787702,0.00405555153285651,7.799072982447043e-05,0.0035125607961828836,0.0035161898492637,0.0034434782788737204,0.00358143164635923,5.596346272117599e-05,0.009021721862228042,0.0083813151916807,0.006992994801234381,0.012818976257403782,0.0021914171533888834,0.001814671467153193,0.0018189356945828,0.00172527524512155,0.00189933974967736,6.661944503496653e-05,0.0,0.0,0.0,0.0,0.0,9.999999999999998e-05,0.0001,0.0001,0.0001,4.135263320862086e-20,0.0,0.0,0.0,0.0,0.0,0.008956575197642598,0.0089346765509537,0.00862646408362008,0.009292110981287651,0.0002505697628826478,0.0,0.0,0.0,0.0,0.0,5.396299319301079,5.395941698687068,5.389759464373256,5.404001363325861,0.0053889115746781,2.960882001575611,2.9605472418269683,2.959271709309453,2.963063474616549,0.0014678307104960563,68.07906872755427,67.49138229469362,64.17714010800633,72.90523225073373,3.370792097820512,3.09350070944459e-05,3.0986880525077315e-05,9.594148424489233e-06,5.384853253896704e-05,1.8071547674083507e-05,9.721682128770622,9.837416439827418,9.25874488454345,10.1267522174694,0.3363923989038695,7.900000000000002,7.9,7.9,7.9,3.613448226613569e-15,1.0,1.0,1.0,1.0,0.0,1.0,1.0,1.0,1.0,0.0,0.0625,0.0625,0.0625,0.0625,0.0,0.0625,0.0625,0.0625,0.0625,0.0,334.91313333333323,329.3216,305.7763,369.96814,35.98998080995486,1.0,1.0,1.0,1.0,0.0,0.0,0.0,0.0,0.0,0.0,0.0,0.0,0.0,0.0,0.0,0.0038801113082998235,0.00388369286394675,0.00386096764247101,0.00390030545951814,1.9970384926256847e-05,0.00406982749064208,0.0040446133087557005,0.00389735427038801,0.00431663795101427,0.00014197586830595616,0.00396403727964879,0.003947138545778051,0.00391299585198781,0.00404858097980741,4.993170119959503e-05,0.00394107399616173,0.0039327713009964,0.00391673697387825,0.0039794770287357,2.6312709532263237e-05,0.006980341536229367,0.006891348065490599,0.00628996174076801,0.008136915267200971,0.0006955593271790108,0.003927359585902627,0.003926443605803151,0.0039243439589405,0.0039308349393032,3.2219316272945867e-06,0.0,0.0,0.0,0.0,0.0,0.0,0.0,0.0,0.0,0.0,0.0,0.0,0.0,0.0,0.0,0.0,0.0,0.0,0.0,0.0
Sweep_AmplitudeStep_2pct,2.0,LKF2,Model-based,fast,30,0.005418787409373236,0.00352031345267175,0.00057083571111281,0.012450998080840861,0.004422307110902058,0.0014516449261699966,0.00098985287693195,0.0002489340645932,0.0031740870642212,0.0010869298229860636,0.03694923655356841,0.024318363034787148,0.004715489288906081,0.08100433413324944,0.03117981026881514,0.005217726541839367,0.0033861264827994,0.0005135554908029701,0.01202047155141523,0.004290428563413422,0.0,0.0,0.0,0.0,0.0,9.999999999999998e-05,0.0001,0.0001,0.0001,4.135263320862086e-20,0.0,0.0,0.0,0.0,0.0,0.017104824551688255,0.011121029979242001,0.0017896005370023002,0.0393066683311695,0.013956611111692002,0.0,0.0,0.0,0.0,0.0,1.7762643181479614,1.7599217678299084,1.039091972298678,2.4301986680335124,0.58323345576033,0.35582840918264597,0.357259618405104,0.22544412566426886,0.47049320337875694,0.099640812784785,49.297823113046476,48.88569230157968,47.853793345231075,51.36165608108234,1.526368373175633,0.00021185239175384692,0.0001380344124405,2.345030208397858e-05,0.00047297575591995997,0.00018525946220777383,10.223197476683396,9.837416439827418,9.548080662185434,11.341962483565728,0.7981260901455818,0.0,0.0,0.0,0.0,0.0,1.0,1.0,1.0,1.0,0.0,1.0,1.0,1.0,1.0,0.0,0.0625,0.0625,0.0625,0.0625,0.0,0.0625,0.0625,0.0625,0.0625,0.0,342.33132,339.3051,305.7763,386.1316,35.17862982338312,1.0,1.0,1.0,1.0,0.0,0.0,0.0,0.0,0.0,0.0,0.0,0.0,0.0,0.0,0.0,0.0006759483510372847,0.00041784571716434995,0.00011577530195718472,0.0017199284674732202,0.0006569193073465926,0.0013493219691713503,0.0012991424726726498,0.0008300485826824801,0.0021619906528232203,0.0005011226521883692,0.0010073977609044134,0.0009792144068899002,0.00063853290848665,0.00158344137117039,0.0003401284318295353,0.0007763793832418166,0.00075317835998345,0.00052452800409763,0.00118044351653307,0.0002338460169489377,0.0022021308307768068,0.0021916204529617,0.0014273208019715401,0.00337449518168561,0.00067605154633942,0.00023242762998244,0.00022698164073744998,0.00019544900483020998,0.00028111419052199,3.3919394043758646e-05,0.0,0.0,0.0,0.0,0.0,0.0,0.0,0.0,0.0,0.0,0.0,0.0,0.0,0.0,0.0,0.0,0.0,0.0,0.0,0.0
Sweep_AmplitudeStep_2pct,2.0,RA-EKF,Model-based,fast,30,0.00063895759642655,0.00043405879370255,0.0004065271348681,0.0011094702387053302,0.0003848698213601994,0.0003695964961040433,0.00025499276191075,0.00024205442093115,0.0006603512410230401,0.0002125844194407171,0.004160188507511193,0.003028151681196,0.00269012407057613,0.007447408347572033,0.002507621586425891,0.0005209808135069033,0.00035394586207135,0.00032379531557927,0.0008913540124040904,0.00032122468438213625,0.0,0.0,0.0,0.0,0.0,9.999999999999998e-05,0.0001,0.0001,0.0001,4.135263320862086e-20,0.0,0.0,0.0,0.0,0.0,0.0019325389366249266,0.00131300844108385,0.00121719244714645,0.0033344132782355007,0.0011757210148120247,0.0,0.0,0.0,0.0,0.0,1.5437046270990369,1.535588214833794,1.506554512491931,1.5875795767659187,0.037778702291762785,0.30103958214828636,0.29991105552253805,0.2973196430951964,0.3055442585301615,0.0038099345355292464,48.22216432807722,47.61040784356547,44.452618219955966,52.862301309961815,3.333877238323547,1.2158169839540956e-05,5.395436430603381e-06,2.7549854443579705e-06,2.919543610196992e-05,1.5612249252477496e-05,12.084590979513484,12.00743477214229,11.255161750273134,12.759707794011444,0.8719338618803273,0.0,0.0,0.0,0.0,0.0,1.0,1.0,1.0,1.0,0.0,1.0,1.0,1.0,1.0,0.0,0.0625,0.0625,0.0625,0.0625,0.0,0.0625,0.0625,0.0625,0.0625,0.0,374.19513333333333,386.1316,327.19551,419.7459,43.70827896896086,1.0,1.0,1.0,1.0,0.0,0.0,0.0,0.0,0.0,0.0,0.0,0.0,0.0,0.0,0.0,0.0007267765636445568,0.0004328451877891,0.00028081403669212,0.0013346118189403006,0.0006984185052950436,0.0006056572345441799,0.0003308650382859,0.00023511731339541,0.0012522311366948804,0.0005635550223682471,0.0005575456950091901,0.00030659002126645,0.00021780967637378002,0.0011621630607295402,0.0005193641343403738,0.0005001022917373066,0.00028730934045885,0.00020276602815077,0.00103833475791163,0.00046142924868913815,0.0008646989597076999,0.0005807835230591,0.00039489669645359,0.0015700435718549203,0.0006405498187714951,0.00020582065837996332,0.00016850416990975,0.00014937887180578,0.00028169303883188,0.0001037852821682737,0.0,0.0,0.0,0.0,0.0,0.0,0.0,0.0,0.0,0.0,0.0,0.0,0.0,0.0,0.0,0.0,0.0,0.0,0.0,0.0
Sweep_AmplitudeStep_2pct,2.0,UKF,Model-based,fast,30,0.0012169064794897665,0.00108312076379,0.00041440866357814004,0.0023829706616994703,0.0007274674108214361,0.0004137615151283267,0.0003641577562514,0.00017690743725345002,0.00074020897108463,0.00021250191969269676,0.00794373266474621,0.007063994809893601,0.00257656035958992,0.0156254297841378,0.004777529334232185,0.0011432501394725233,0.0010242078185386501,0.00036629660107237005,0.0022648099128924704,0.0006976996310699391,0.0,0.0,0.0,0.0,0.0,9.999999999999998e-05,0.0001,0.0001,0.0001,4.135263320862086e-20,0.0,0.0,0.0,0.0,0.0,0.0038435119335460703,0.0034241633725621,0.0012926471459278,0.00753544317112886,0.002304837396374751,0.0,0.0,0.0,0.0,0.0,0.139330752722581,0.12455801296162855,0.0930326897634614,0.214567785837616,0.04581416237233525,0.026929959061542406,0.02481772035139055,0.02049792094091813,0.03762381025267117,0.006433001427189102,26.89586286058538,26.497477425730686,21.99546494088025,31.949188847418483,3.997122223408302,4.718741879146711e-05,4.145576351767485e-05,1.551579545792588e-05,9.22457600124524e-05,2.881917204659544e-05,10.637912091303571,10.416087995111385,10.097818639705203,11.660231838971912,0.7774221492287808,0.0,0.0,0.0,0.0,0.0,1.0,1.0,1.0,1.0,0.0,1.0,1.0,1.0,1.0,0.0,0.0625,0.0625,0.0625,0.0625,0.0,0.0625,0.0625,0.0625,0.0625,0.0,361.6963333333334,368.1722,329.3216,387.84745000000004,26.14693871701359,1.0,1.0,1.0,1.0,0.0,0.0,0.0,0.0,0.0,0.0,0.0,0.0,0.0,0.0,0.0,0.00012448902552573198,0.0001171018091366,4.786349083559595e-05,0.00021936237175013,7.424923971372387e-05,0.0002851704632399396,0.0002089889026698,0.00010071290037254236,0.00052343733168088,0.00016494805084499897,0.00027510497929338366,0.00022546704885300002,9.209102536963751e-05,0.00052594055058778,0.00016212886215536602,0.00022552482818578187,0.00018627336304435,0.00010256432644668001,0.00041356961349870005,0.00011809887709993953,0.0004431621101706233,0.00037886280064109996,0.00021913821986312002,0.00071130696407592,0.000190579153644986,8.925107103927538e-05,8.760334257658676e-05,5.2233250856591636e-05,0.00012646484191218,3.064259430110489e-05,0.0,0.0,0.0,0.0,0.0,0.0,0.0,0.0,0.0,0.0,0.0,0.0,0.0,0.0,0.0,0.0,0.0,0.0,0.0,0.0
Sweep_AmplitudeStep_2pct,2.0,IPDFT,Window-based,fast,30,0.0005350252563845266,0.0005522591201243,0.00035899390914864,0.00071454453836997,0.00015000543334574079,0.00037844994229664327,0.0003815541473892,0.00024508730369059,0.0005319489476081799,0.0001141811904649497,0.0028817119383124632,0.0029026503633495498,0.0015029259022496999,0.00418842315810435,0.0011307581907770974,0.00037366349594538333,0.00035696398428055004,0.00024749322119463,0.00051286771487617,0.00011395129416669044,0.0,0.0,0.0,0.0,0.0,9.999999999999998e-05,0.0001,0.0001,0.0001,4.135263320862086e-20,0.0,0.0,0.0,0.0,0.0,0.0014994404301329604,0.00147998023303135,0.00100851221877661,0.00199214284310358,0.0004323507687721949,0.0,0.0,0.0,0.0,0.0,0.23563905089574175,0.2485699753052017,0.10475342985394315,0.3505972140089852,0.09652669188290441,0.04566999712410676,0.0450425186069447,0.02898590662682962,0.06383404268400716,0.013027422451371019,31.438143635206746,30.830487831711913,28.634359747175107,34.35680304647662,2.3593294489806733,2.0496321770803305e-05,2.0299047667123087e-05,9.806969191653249e-06,2.8685246756559962e-05,9.644740601953914e-06,11.708454468578907,11.573431105679315,10.387154417347187,13.33837934929541,1.2031621897972469,66.59999999999998,66.60000000000001,66.60000000000001,66.60000000000001,4.336137871936283e-14,1.0,1.0,1.0,1.0,0.0,1.0,1.0,1.0,1.0,0.0,0.0625,0.0625,0.0625,0.0625,0.0,0.0625,0.0625,0.0625,0.0625,0.0,389.96197666666666,386.1316,349.2886,450.8544,39.89535356369455,1.0,1.0,1.0,1.0,0.0,0.0,0.0,0.0,0.0,0.0,0.0,0.0,0.0,0.0,0.0,0.0004116804330346666,0.00034760632201825,0.00021914911805248,0.0006276953235985201,0.00019386086538357878,0.0005136139429935298,0.0005080358492973,0.00020021381856907,0.00084113631857891,0.0002729083733910346,0.0015748739139929502,0.0016407432638488,0.00045535483975279003,0.0023829213232047703,0.0007087486758668164,0.0013447052289096465,0.00135552025202355,0.0004965544988113001,0.0020928162021157,0.0005919241817756359,0.00280588430021704,0.0029026503633495498,0.0008950173969658501,0.00418842315810435,0.0012308150575766623,0.00041846547587142,0.00039399547593465,0.00026792015495922,0.00061640463917763,0.0001448996231803057,0.0,0.0,0.0,0.0,0.0,0.0,0.0,0.0,0.0,0.0,0.0,0.0,0.0,0.0,0.0,0.0,0.0,0.0,0.0,0.0
Sweep_AmplitudeStep_2pct,2.0,TFT,Window-based,fast,30,0.0006214110857485801,0.0006447842111589001,0.00031769818985970006,0.0008800236410982101,0.0002232075965305252,0.0002511925620287966,0.00024186905800310002,0.00014693418735817,0.00039432621189982003,8.481438139897247e-05,0.011112640118299037,0.01296990119942265,0.00353217496726184,0.01693511416181077,0.005394952422137325,0.0005606559245319034,0.0006124058708793,0.00022180168595953002,0.00080301450929806,0.0002272614672684678,0.0,0.0,0.0,0.0,0.0,9.999999999999998e-05,0.0001,0.0001,0.0001,4.135263320862086e-20,0.0,0.0,0.0,0.0,0.0,0.0019331603356246465,0.0020385898454262997,0.0008922155007553001,0.00278023656534975,0.0007262669754789034,0.0,0.0,0.0,0.0,0.0,0.7384240576531198,0.8050896917755068,0.20661235404517697,1.11140197415871,0.342179821651372,0.07967562905294161,0.0868219884167239,0.02852899946064319,0.11764860384182892,0.03387672860424413,35.59259036899454,35.687399389597616,28.03280804733997,41.32902567383691,5.659168534141222,6.486227324390269e-05,7.294059859218715e-05,1.740931761868398e-05,9.892590795828094e-05,3.0835027680732976e-05,14.842925393033713,14.322120993278151,13.309445771531212,16.810408680999203,1.5085124670022543,83.30000000000003,83.3,83.3,83.3,1.4453792906454277e-14,1.0,1.0,1.0,1.0,0.0,1.0,1.0,1.0,1.0,0.0,0.0625,0.0625,0.0625,0.0625,0.0,0.0625,0.0625,0.0625,0.0625,0.0,389.35240333333326,377.15189999999996,349.2886,450.8544,40.196667911300416,1.0,1.0,1.0,1.0,0.0,0.0,0.0,0.0,0.0,0.0,0.0,0.0,0.0,0.0,0.0,0.00022998976694696578,0.0002111036600714,9.261617726634804e-05,0.00034045179404000017,0.00014043130611715663,0.000265733821305785,0.0002020904190328,8.694733471470934e-05,0.0005544078979911001,0.00020029940101757838,0.0005838899925420022,0.00061018962196245,0.00024592294078724003,0.0009213643560083601,0.00026472909359260405,0.0005635547645350045,0.0005885638743549999,0.00025277537506079005,0.0008562887018520202,0.0002479765066811477,0.0008927978825700201,0.00096765724647335,0.00038321915667434,0.00133237790502177,0.00037728537144775243,0.000216405980931519,0.00018776183988725,0.00012673122534529,0.00035330073867757,9.087822584487756e-05,0.0,0.0,0.0,0.0,0.0,0.0,0.0,0.0,0.0,0.0,0.0,0.0,0.0,0.0,0.0,0.0,0.0,0.0,0.0,0.0
Sweep_AmplitudeStep_3pct,3.0,RLS,Adaptive,fast,30,0.40382261406821285,0.2991949497186521,0.08645216328808619,0.9027677293006879,0.336019531888616,0.3020951450116272,0.1907911370166561,0.05369137516649706,0.7594055836941607,0.28741240407090624,1.4068395117856591,1.2466335534775332,0.246030802407661,2.995216760900417,1.04978940659997,0.23706655360321624,0.1719581064106798,0.03446053591960159,0.5054871098209481,0.2155277502564375,0.36033666666666664,0.08945,0.0,1.27933,0.5120904462699138,9.999999999999998e-05,0.0001,0.0001,0.0001,4.135263320862086e-20,0.2177366666666667,0.08945,0.0,0.6394300000000002,0.3294017926833254,1.013294805821276,0.7399599895403264,0.24857810229619792,2.221450809301037,0.8829468298245693,0.9197399999999999,0.93045,0.07694000000000004,1.6501,0.7155875119860219,59.88255785606295,23.950582517136,11.81005160414017,206.7342503426435,70.61973962280175,11.736381731421647,8.332944111516948,3.637905100602334,27.494642430872997,10.405338634015989,77.50080510275193,75.17048322162458,72.3849742187425,87.05218353232169,5.653096796654307,0.008031337009660735,0.0080538271865249,0.00133773709934074,0.013316617524025496,0.005500458053821078,14.707902030134129,14.17745310445716,13.569847971408993,16.116002814658447,1.8426276083363602,0.0,0.0,0.0,0.0,0.0,0.0,0.0,0.0,0.0,0.0,0.03333333333333333,0.0,0.0,0.0,0.1825741858350553,0.0625,0.0625,0.0625,0.0625,0.0,0.0625,0.0625,0.0625,0.0625,0.0,417.29400999999996,419.7459,401.57425,437.10636,26.836068038258414,1.0,1.0,1.0,1.0,0.0,0.0,0.0,0.0,0.0,0.0,0.0,0.0,0.0,0.0,0.0,0.2814363536694602,0.11830305189930486,0.022671444414604402,0.7619524890868787,0.34565416968324664,0.5254000179348534,0.2834487901366407,0.03095382349264743,1.3605638391233805,0.5194027640085601,0.7094385692765848,0.279998436302364,0.026773727926916433,1.9602422469870995,0.8520575910509426,0.6404836155466068,0.27232267573690305,0.02368823499964458,1.740031929740446,0.7692255778682212,0.8512577640621598,0.3043765463548276,0.03638893896964597,2.2759069176636118,1.0514557142371626,0.2823578382740379,0.1876605364684189,0.013831569156195362,0.7058729920133411,0.2838168949036493,0.6615599999999999,0.62375,0.0,1.3157699999999999,0.6069766294427282,0.0,0.0,0.0,0.0,0.0,0.0,0.0,0.0,0.0,0.0,0.0,0.0,0.0,0.0,0.0
Sweep_AmplitudeStep_3pct,3.0,TKEO,Adaptive,fast,30,8.85158025055639,8.69126583849636,7.49479760097185,10.426762046176155,1.2055309065053081,8.253204411926754,8.02907471581835,6.868062235026312,9.926631558225033,1.1949090510388545,12.92592146260604,13.088537802953361,11.096312567591797,14.886338965571776,1.3613166746725318,3.1872948345981995,3.2212440691251256,2.650271200914762,3.531048616828225,0.3230598211046826,1.6501000000000003,1.6501,1.6501,1.6501,0.0,9.999999999999998e-05,0.0001,0.0001,0.0001,4.135263320862086e-20,1.6501000000000003,1.6501,1.6501,1.6501,0.0,17.81508891572135,17.7438552289614,14.997030018643867,20.826271379644993,2.0181117116621636,1.6501000000000003,1.6501,1.6501,1.6501,0.0,267.49017231319465,266.1441417015187,258.19948683991356,275.62614831569476,8.190400349274734,52.66242536388471,51.59961218529034,46.13947273305596,61.309185892673874,5.959465527475467,92.95675734425112,92.2675450111683,87.98058103948706,99.17774863681322,4.319798802879644,0.06405242149129446,0.06476441072242956,0.05332485840849418,0.07523994305345554,0.0069537959519041,8.303936818324907,8.390737551617502,8.072468196211322,8.680073329259486,0.388556326778084,0.30000000000000004,0.3,0.3,0.3,0.0,0.0,0.0,0.0,0.0,0.0,0.0,0.0,0.0,0.0,0.0,0.0625,0.0625,0.0625,0.0625,0.0,0.0625,0.0625,0.0625,0.0625,0.0,304.2966733333333,308.0607,260.3733,368.1722,43.75345105024472,1.0,1.0,1.0,1.0,0.0,0.0,0.0,0.0,0.0,0.0,0.0,0.0,0.0,0.0,0.0,4.726373860666892,4.58592566339739,3.7353699296368714,6.200353566925124,0.9780920635914249,5.196135898192959,4.973962029150001,4.098729720701815,6.762623779466905,1.0047700833816686,5.338539491343069,5.085867229964116,4.2390336376613575,6.929825386869771,1.0207661538473,5.566528225480019,5.338282906172882,4.457123952111869,7.277244538007412,1.0218592633686276,6.0150418042088045,5.834983598716846,4.855220995995649,7.7208254084986105,1.0352824762275445,7.696324367614703,7.487472100841584,6.458007768911704,9.525930044615484,1.289573868197711,1.3000999999999998,1.3001,1.26146,1.33874,0.029342096392208514,0.0,0.0,0.0,0.0,0.0,0.0,0.0,0.0,0.0,0.0,0.0,0.0,0.0,0.0,0.0
Sweep_AmplitudeStep_3pct,3.0,PLL,Loop-based,fast,30,0.21827919970043702,0.1656942890242316,0.16149955522089496,0.3148575483413669,0.13527025328424425,0.16452593730909518,0.14748171784397318,0.14535588210488182,0.19416523489481985,0.04395699895936024,0.9501192608018113,0.536166508225211,0.27317661020217154,2.4225889314133466,0.9560880256213801,0.1321173831587647,0.07552167684422045,0.07038305103398644,0.24766912355685283,0.13998393350756416,0.022160000000000003,0.0015999999999999999,0.0,0.07108000000000003,0.03977531377886159,9.999999999999998e-05,0.0001,0.0001,0.0001,4.135263320862086e-20,0.01633,0.00145,0.0,0.055080000000000025,0.03438532315212208,0.5608780867853896,0.3740467483766346,0.3565050352068412,0.9371726055653784,0.46368565138108747,1.649016666666667,1.6491500000000001,1.6475000000000002,1.6501,0.0010167844288306825,176.45729442221443,174.05070474900697,173.88847747204395,184.74266136215257,5.467105236094911,121.5959264509967,121.5741205146641,121.4924950609063,121.7163086153616,0.10047796990778983,100.3488867063767,99.77214023044182,96.4486565993396,105.17349290545515,3.371783785710445,0.004162762222422532,0.0019773317369679,0.00026999321384334,0.01273101553969243,0.0051764555355325445,10.782579980124561,9.982084328648408,8.10140177397552,14.293187415513954,2.553008651169644,0.0,0.0,0.0,0.0,0.0,0.0,0.0,0.0,0.0,0.0,0.0,0.0,0.0,0.0,0.0,0.0625,0.0625,0.0625,0.0625,0.0,0.0625,0.0625,0.0625,0.0625,0.0,336.99797,339.3051,285.2167,387.84745000000004,46.69860055569227,1.0,1.0,1.0,1.0,0.0,0.0,0.0,0.0,0.0,0.0,0.0,0.0,0.0,0.0,0.0,0.16165811310418274,0.1613619758116804,0.16114621607410842,0.16159683480466439,0.0015859654846807497,0.16387310163980734,0.163906875971723,0.1632453411699055,0.1644147725334238,0.0004511298205237208,0.16230197039065933,0.16229323878666646,0.16209011138997828,0.16251480690891712,0.00016217642755822858,0.1618280363881404,0.16181053932693296,0.16165158225919748,0.16203295888686486,0.0001387885586177526,0.2391467160903386,0.23932469573066933,0.2342767702789188,0.24303471702590043,0.003209500763683466,0.16132828507046487,0.16132443562135768,0.16115009974468325,0.16150759859904862,0.00013579707379579516,1.2990166666666667,1.2988,1.25868,1.3387,0.029281794783570333,0.0,0.0,0.0,0.0,0.0,0.0,0.0,0.0,0.0,0.0,0.0,0.0,0.0,0.0,0.0
Sweep_AmplitudeStep_3pct,3.0,SOGI-FLL,Loop-based,fast,30,0.004598426471636005,0.00460872372119795,0.0039327168311423,0.00535917153441597,0.0005497958392146517,0.004153015487384503,0.0041831289535274995,0.0038242752853379497,0.00449987451291009,0.00025613369336976885,0.017808832916995664,0.0178793487202888,0.0121910847920318,0.02345204384264569,0.00443812584305163,0.0018837845189282401,0.00193407985576795,0.00094221099525846,0.00290945768626252,0.0007733444333947614,0.0,0.0,0.0,0.0,0.0,9.999999999999998e-05,0.0001,0.0001,0.0001,4.135263320862086e-20,0.0,0.0,0.0,0.0,0.0,0.009804369044169372,0.00998536852083155,0.006649380988657389,0.01322899348016265,0.002575720687148337,0.0,0.0,0.0,0.0,0.0,0.36771748469277554,0.38624432933787034,0.23044421902085324,0.5110284493134998,0.11184279147784604,0.052885525424848326,0.05015572890234525,0.03690740895398268,0.07124109480403626,0.01387614336857826,32.702599627980256,32.261819394893664,27.573699460539267,36.703840574444,4.1998986553707995,8.17677300732876e-05,8.304785332263509e-05,4.986024441629605e-05,0.00011560052831738999,2.619656177091326e-05,10.367865365504388,10.126752217469402,8.10140177397552,12.470372016369462,1.7042688381609765,0.0,0.0,0.0,0.0,0.0,1.0,1.0,1.0,1.0,0.0,1.0,1.0,1.0,1.0,0.0,0.0625,0.0625,0.0625,0.0625,0.0,0.0625,0.0625,0.0625,0.0625,0.0,332.28237,318.69115,285.2167,386.1316,41.333346193893384,1.0,1.0,1.0,1.0,0.0,0.0,0.0,0.0,0.0,0.0,0.0,0.0,0.0,0.0,0.0,0.003633779981393107,0.00361761947290465,0.00350176140238118,0.00378701078926529,0.00012522741123847128,0.003630815010574097,0.00332326294941585,0.0022052857692786997,0.00528182109881178,0.00119594904066211,0.0038616991661008164,0.0036556607944218,0.0024108739665365,0.005486769409136149,0.0011843747022972089,0.004513939340571654,0.00449881214864985,0.00431895197197218,0.00469951387763375,0.00018885335625778245,0.005779443830147293,0.00584597457230625,0.00513735585688045,0.00631835892145386,0.0005270972200780342,0.00360564505104529,0.0036064001878978,0.00357896872597148,0.0036529069903322,4.423043571412568e-05,0.0,0.0,0.0,0.0,0.0,0.0,0.0,0.0,0.0,0.0,0.0,0.0,0.0,0.0,0.0,0.0,0.0,0.0,0.0,0.0
Sweep_AmplitudeStep_3pct,3.0,SOGI-PLL,Loop-based,fast,30,0.016574100767250584,0.01563532100680825,0.00397575565358922,0.0273094701085235,0.010980707731288054,0.005886812032748713,0.005565917325073151,0.0024252980366114003,0.00934365573050176,0.002972200210987217,0.10129504123746995,0.0832427670048119,0.019942251934818873,0.13988551660757478,0.1230311441169475,0.015433587184471185,0.0146110521170657,0.0031496908043510503,0.02566106433083369,0.01066097699797491,0.00016333333333333334,0.0,0.0,0.0,0.0008946135105917708,9.999999999999998e-05,0.0001,0.0001,0.0001,4.135263320862086e-20,0.00016333333333333334,0.0,0.0,0.0,0.0008946135105917708,0.05218757358616244,0.0493990736762704,0.011874370449664742,0.08632684872300292,0.03494091934858829,0.0005266666666666667,0.0,0.0,0.0,0.002884672136193875,4.0378861966784045,2.8672765242099274,2.163599453860243,3.9908927108278656,5.679505365718183,1.4586915133840366,1.360102771835553,1.3377112130629547,1.4397697883297111,0.4353420940787156,61.72659450050459,60.94588207792254,57.54960531000071,67.20442632701695,3.7418121391142707,0.0003828430301519288,0.0002793309413747,9.46641558234034e-05,0.00041455367558582997,0.0007184765753006615,9.875994543513013,9.837416439827418,8.390737551617502,11.891700461085497,1.3501386056924491,0.0,0.0,0.0,0.0,0.0,0.5,0.5,0.0,1.0,0.5085476277156078,0.9666666666666667,1.0,1.0,1.0,0.1825741858350553,0.0625,0.0625,0.0625,0.0625,0.0,0.0625,0.0625,0.0625,0.0625,0.0,326.2747533333333,329.3216,285.2167,386.1316,45.41848450133971,1.0,1.0,1.0,1.0,0.0,0.0,0.0,0.0,0.0,0.0,0.0,0.0,0.0,0.0,0.0,0.00203760516610637,0.00185914387359755,0.00177915937329499,0.00216696332898525,0.0006327388712142118,0.007226262033804925,0.0074017873465234,0.00263250906509048,0.01228627146369293,0.0038179035610502294,0.0046871252204133225,0.00469393045667475,0.00207261204226373,0.00761360242998179,0.0021562403384043026,0.0037675488449915935,0.00376162409977685,0.00197715097733717,0.005825591758395,0.001521235021768195,0.012678109477548521,0.0134598240114378,0.00536690294969302,0.02052100649186242,0.006173162859707558,0.0018083790188286734,0.0018040052871431001,0.00177707463151391,0.00184937372891989,3.114001209206656e-05,0.0,0.0,0.0,0.0,0.0,0.0,0.0,0.0,0.0,0.0,0.0,0.0,0.0,0.0,0.0,0.0,0.0,0.0,0.0,0.0
Sweep_AmplitudeStep_3pct,3.0,Type-3 SOGI-PLL,Loop-based,fast,30,0.03211283162620621,0.024532040936025103,0.00557523338944555,0.06413095857935722,0.0276338989802506,0.009147331745477053,0.0074866332963308,0.00325555246575303,0.016199450391036922,0.006107052014997401,0.2873690438705166,0.22016884348823135,0.04486969297065848,0.5800581512126273,0.25246907185806083,0.030667628389878823,0.0233616331973424,0.00452300741370239,0.0620512052207783,0.02708572454233499,0.002373333333333333,0.0,0.0,0.005890000000000007,0.0068741361003719454,9.999999999999998e-05,0.0001,0.0001,0.0001,4.135263320862086e-20,0.002373333333333333,0.0,0.0,0.005890000000000007,0.0068741361003719454,0.1011502169151137,0.07757153288835825,0.01682457470686029,0.20235306605337192,0.08736410972088099,0.015443333333333333,0.0032500000000000003,0.0,0.04317,0.020078598716961833,7.031463300036715,5.457983884404882,3.197647484105559,11.844064364536779,4.426565291829101,2.1997993254006856,2.0552003580147455,1.968670659435893,2.5331869165974457,0.34844345806979493,65.3767141170476,64.4523006306823,61.05130374473269,70.15877331888946,3.4309044675973452,0.0016794221722625257,0.0013250134752783999,0.00024359207125913002,0.0034273551782131005,0.0014776861549801676,9.490213506657039,9.403412773364442,8.680073329259486,10.445021572875582,0.7800787431684336,0.0,0.0,0.0,0.0,0.0,0.3333333333333333,0.0,0.0,1.0,0.47946330148538413,0.8,1.0,0.0,1.0,0.4068381021724863,0.0625,0.0625,0.0625,0.0625,0.0,0.0625,0.0625,0.0625,0.0625,0.0,330.6818533333334,329.3216,285.2167,369.96814,37.48181404596591,1.0,1.0,1.0,1.0,0.0,0.0,0.0,0.0,0.0,0.0,0.0,0.0,0.0,0.0,0.0,0.0027031898267229734,0.0026461959098807,0.00261008675097097,0.00271734863862707,0.00023361742081911822,0.006228822256404504,0.0055730209438462006,0.00350894245638299,0.01010246467988897,0.0025585297687056845,0.004643479718383223,0.0041104110498681,0.0030352209230489003,0.0067463336496704,0.0013898123523700123,0.0038950401324464434,0.00353923388221675,0.00286690134521539,0.00528294012242325,0.0009264678912671694,0.010344144983883249,0.009749752303516549,0.00720695331229417,0.014819769121432019,0.0028940421162455335,0.002630336627330886,0.0026251745546141,0.0026125343404449397,0.00265362448762142,1.906052037473161e-05,0.0,0.0,0.0,0.0,0.0,0.0,0.0,0.0,0.0,0.0,0.0,0.0,0.0,0.0,0.0,0.0,0.0,0.0,0.0,0.0
Sweep_AmplitudeStep_3pct,3.0,ZCD,Loop-based,fast,30,0.013194834217317757,0.01277371065067865,0.00684783648501169,0.01901228107959233,0.004638513151530536,0.010524605021451581,0.01004244135746915,0.00536526429356853,0.015362632231877631,0.0037276916523725293,0.03695988523910496,0.03763333169228385,0.01982221440222673,0.05358490983591433,0.013719721528516686,0.007947921567938708,0.00779185079514855,0.00425391564578038,0.011698529111252489,0.0027915507635309805,0.0,0.0,0.0,0.0,0.0,9.999999999999998e-05,0.0001,0.0001,0.0001,4.135263320862086e-20,0.0,0.0,0.0,0.0,0.0,0.03436836972526788,0.03365761139480365,0.018127011230909873,0.05081166387994069,0.012047868625433337,0.0,0.0,0.0,0.0,0.0,91.88153855072181,88.88423921371569,44.39011533781212,138.11576892060273,33.753785145281874,12.474887965844163,11.89438795165476,6.4125437867907555,18.212479307229195,4.386805514960111,79.9873688512765,79.85285403833316,79.34417121848617,80.98015908219136,0.7051323420610999,0.0019069802428279368,0.0016350280417413501,0.00087436465208667,0.0031497493671874513,0.0011691576545215278,4.36897024239394,4.340036664629743,4.05070088698776,4.629372442271725,0.24444902712655114,16.699999999999996,16.7,16.7,16.7,7.226896453227138e-15,0.8666666666666667,1.0,0.0,1.0,0.34574590364176044,1.0,1.0,1.0,1.0,0.0,0.0625,0.0625,0.0625,0.0625,0.0,0.0625,0.0625,0.0625,0.0625,0.0,190.61192666666662,201.6955,159.86492,232.8914,51.25401103593433,1.0,1.0,1.0,1.0,0.0,0.0,0.0,0.0,0.0,0.0,0.0,0.0,0.0,0.0,0.0,0.013196380604745934,0.009781870133885099,0.00461844382826642,0.023542285242077573,0.008194980470828048,0.010821634660294323,0.00674961261951765,0.0032265973325789703,0.022820801747592243,0.008912118051318902,0.011788386100115674,0.01111005956610715,0.004561061846322291,0.02029568232190002,0.00639231344866806,0.012675324383292198,0.0131940865207138,0.004727065423378631,0.020813286233956493,0.0071109360887306175,0.02078417502950808,0.0189509981479183,0.00791925983260809,0.03937804536989163,0.011730245604129119,0.013158184040476554,0.013011283966621549,0.00662236748021094,0.01910093511089636,0.005547428065531287,0.0,0.0,0.0,0.0,0.0,0.0,0.0,0.0,0.0,0.0,0.0,0.0,0.0,0.0,0.0,0.0,0.0,0.0,0.0,0.0
Sweep_AmplitudeStep_3pct,3.0,EKF,Model-based,fast,30,0.002800361192275877,0.00265422145607765,0.00014290365003529002,0.0055937514670040996,0.002055264970715071,0.00109270928415716,0.0010333480178996001,0.00010776139362668824,0.00213486548826222,0.0007763168364596981,0.012311359826863296,0.0116983384742823,0.00057548211420757,0.02462926541514171,0.00904461730824533,0.0025768765131929136,0.0024448072448619,9.376773500544022e-05,0.00517006793601055,0.0019051060401959058,0.0,0.0,0.0,0.0,0.0,9.999999999999998e-05,0.0001,0.0001,0.0001,4.135263320862086e-20,0.0,0.0,0.0,0.0,0.0,0.008823338823736019,0.008367769752485349,0.00038906459864301006,0.017645709170895793,0.006491480357462587,0.0,0.0,0.0,0.0,0.0,0.0693081947732802,0.0674817856083365,0.02266649157078857,0.12510213501926157,0.040342695012987394,0.018925946679608775,0.01780260815560295,0.00472170107848322,0.03539252898127987,0.011822230966063971,21.326565693471558,22.518644908897013,11.583665656022344,30.624765691065885,7.061154853525449,7.266483310290607e-05,6.978566994732263e-05,2.9648958726881436e-06,0.00014435999911800002,5.3566328231005243e-05,8.670428803338085,8.680073329259486,8.361803973853304,9.25874488454345,0.49525336019004185,0.0,0.0,0.0,0.0,0.0,1.0,1.0,1.0,1.0,0.0,1.0,1.0,1.0,1.0,0.0,0.0625,0.0625,0.0625,0.0625,0.0,0.0625,0.0625,0.0625,0.0625,0.0,304.67519333333325,308.0607,257.62511,331.3183,34.7786990644832,1.0,1.0,1.0,1.0,0.0,0.0,0.0,0.0,0.0,0.0,0.0,0.0,0.0,0.0,0.0,0.0011539252299904447,0.0011191751298248,9.739614308540888e-05,0.0025440237833947305,0.0009375172656986913,0.0005951942843216046,0.00036987340353195,8.879862410222724e-05,0.00128713642779278,0.0005054097575087428,0.0005378833308441651,0.00037060399236535,9.035601386113621e-05,0.00117267923710952,0.00046264473989461775,0.000440366219965206,0.00030693856116375,6.567417653601935e-05,0.0009288082677445201,0.0003741972089081567,0.0007536765809376283,0.0006179879386429,0.00016817502113178,0.0014032632073281003,0.000496677249132882,0.00010147205406909132,0.00010361618276985,4.6051085771814615e-05,0.00015685513401979002,4.1368177524210245e-05,0.0,0.0,0.0,0.0,0.0,0.0,0.0,0.0,0.0,0.0,0.0,0.0,0.0,0.0,0.0,0.0,0.0,0.0,0.0,0.0
Sweep_AmplitudeStep_3pct,3.0,LKF,Model-based,fast,30,0.003956062383660943,0.0039483831020024,0.00385859679111588,0.00405558369546749,7.719473642482639e-05,0.0035136280068717093,0.00351702061593055,0.00344532300694356,0.00358144143582637,5.557389751272268e-05,0.009225177230747957,0.0088032085984899,0.007181325249462121,0.012818976257403782,0.0020933650577660587,0.0018175397332510633,0.0018208288640714,0.00172785004198957,0.00189954003201171,6.569533444903743e-05,0.0,0.0,0.0,0.0,0.0,9.999999999999998e-05,0.0001,0.0001,0.0001,4.135263320862086e-20,0.0,0.0,0.0,0.0,0.0,0.008966247206625049,0.0089410965931409,0.008629927896845739,0.00929230521449622,0.00024730057713482837,0.0,0.0,0.0,0.0,0.0,5.396399110534726,5.39578995926604,5.3902667312630825,5.403798722385389,0.005318790197820098,2.9609526699107462,2.96052056808301,2.9593751960400927,2.963173527979407,0.0014756194258829201,68.07927602376957,67.49135251738679,64.17722803400845,72.90567154287054,3.3708359203681333,3.269264700438817e-05,3.3773742912249287e-05,1.2978634342503382e-05,5.5262652169265485e-05,1.7261285544081736e-05,11.515563950150922,10.705423772753363,10.1267522174694,13.396246504823809,2.2001068494482574,7.900000000000002,7.9,7.9,7.9,3.613448226613569e-15,1.0,1.0,1.0,1.0,0.0,1.0,1.0,1.0,1.0,0.0,0.0625,0.0625,0.0625,0.0625,0.0,0.0625,0.0625,0.0625,0.0625,0.0,364.8992699999999,349.2886,329.3216,435.5788,39.29522002679075,1.0,1.0,1.0,1.0,0.0,0.0,0.0,0.0,0.0,0.0,0.0,0.0,0.0,0.0,0.0,0.0038801113082998235,0.00388369286394675,0.00386096764247101,0.00390030545951814,1.9970384926256847e-05,0.004237930602718764,0.00417513736110205,0.0039161164188305795,0.00469167355967417,0.00027779357625460336,0.004030635568503174,0.0039904444092341,0.00392162494494533,0.00422603112270696,0.00010735553822917736,0.003976626383212844,0.0039560125667188,0.0039233281373421205,0.00407631485620713,5.7107730969117904e-05,0.007539811265091316,0.00735890042520985,0.00653050627544895,0.00926223346908153,0.0010137238984566635,0.003927476138708831,0.00392684364893885,0.00392464268167084,0.00393062103631398,3.1066450237627815e-06,0.0,0.0,0.0,0.0,0.0,0.0,0.0,0.0,0.0,0.0,0.0,0.0,0.0,0.0,0.0,0.0,0.0,0.0,0.0,0.0
Sweep_AmplitudeStep_3pct,3.0,LKF2,Model-based,fast,30,0.00543729664785756,0.00352627236309995,0.0006370340492365601,0.01245531863234554,0.004406460076776494,0.0015059734355981436,0.0010410404326202998,0.00030638717198137004,0.00323353589553593,0.0010884891646003125,0.03701121917747676,0.024318363034787148,0.004793486025661001,0.08100433413324944,0.031109789867866264,0.005219900571508088,0.00337737703569425,0.0005584230891726301,0.012008890784647942,0.004275820860113892,0.0,0.0,0.0,0.0,0.0,9.999999999999998e-05,0.0001,0.0001,0.0001,4.135263320862086e-20,0.0,0.0,0.0,0.0,0.0,0.017165675150122527,0.011145965396701,0.0019816564394992704,0.03933083698767466,0.013914243072379089,0.0,0.0,0.0,0.0,0.0,1.7938524514384824,1.7599217678299084,1.0732717744907916,2.4593266105465976,0.5709953583562475,0.3861628450041732,0.388312754442787,0.2580210828291374,0.49696874276409153,0.09471751764184888,50.103804034653784,49.8895488015836,48.33314644888323,52.421041630835546,1.739271341464352,0.00021213552323533363,0.00013677956255835001,2.8034975333524332e-05,0.00047071736155034,0.00018499940365828544,10.48359967656118,10.416087995111385,9.837416439827418,11.284095328037331,0.6204785732562407,0.0,0.0,0.0,0.0,0.0,1.0,1.0,1.0,1.0,0.0,1.0,1.0,1.0,1.0,0.0,0.0625,0.0625,0.0625,0.0625,0.0,0.0625,0.0625,0.0625,0.0625,0.0,350.7731066666666,349.2886,329.3216,386.1316,28.14742740314159,1.0,1.0,1.0,1.0,0.0,0.0,0.0,0.0,0.0,0.0,0.0,0.0,0.0,0.0,0.0,0.0006759483510372847,0.00041784571716434995,0.00011577530195718472,0.0017199284674732202,0.0006569193073465926,0.00197852801356639,0.0019067439506968,0.00122819187588658,0.00303488256264687,0.0006797180908328864,0.0014739731845071467,0.0014339408180005,0.00095586574788013,0.0021972329387058,0.00045920892100345364,0.00113491663677274,0.0011178832755144,0.00077623111999186,0.0016510658921980001,0.00031306583897199974,0.0031915724927102434,0.0030484431168673,0.0021154946913120804,0.0046518347963583895,0.0009072459977000282,0.00033858526539661004,0.0003368260964618,0.00029628456866944,0.00039961121645978,3.929866534688424e-05,0.0,0.0,0.0,0.0,0.0,0.0,0.0,0.0,0.0,0.0,0.0,0.0,0.0,0.0,0.0,0.0,0.0,0.0,0.0,0.0
Sweep_AmplitudeStep_3pct,3.0,RA-EKF,Model-based,fast,30,0.0006406844002919433,0.0004358575245014,0.00040736534976512,0.0011139311756962202,0.00038503664529408255,0.00037195919381575337,0.00025917228103570003,0.00024549831984535,0.0006653430915132901,0.00021253996840054035,0.004160188507511193,0.003028151681196,0.00269012407057613,0.007447408347572033,0.002507621586425891,0.00052139270897834,0.00035383609162705,0.00032353223026562,0.0008931937191223703,0.00032149942240657754,0.0,0.0,0.0,0.0,0.0,9.999999999999998e-05,0.0001,0.0001,0.0001,4.135263320862086e-20,0.0,0.0,0.0,0.0,0.0,0.001936137320750877,0.0013145370149749498,0.00121813093974199,0.003344924248880511,0.0011764625148243083,0.0,0.0,0.0,0.0,0.0,1.5437046270990369,1.535588214833794,1.506554512491931,1.5875795767659187,0.037778702291762785,0.3016103481891437,0.3006211290403113,0.2978602400568054,0.3061946342323812,0.0038179387214527165,48.23861783590775,47.626313914006616,44.471088194204036,52.87877592241543,3.333358448974732,1.2148962008416036e-05,5.6353643338547464e-06,3.0252880971925242e-06,2.9254689147801364e-05,1.561528315155073e-05,11.36125153540853,11.284095328037331,10.994759550395347,11.573431105679315,0.23947801128949714,0.0,0.0,0.0,0.0,0.0,1.0,1.0,1.0,1.0,0.0,1.0,1.0,1.0,1.0,0.0,0.0625,0.0625,0.0625,0.0625,0.0,0.0625,0.0625,0.0625,0.0625,0.0,375.23876000000007,368.1722,349.2886,403.2901,25.23838257634727,1.0,1.0,1.0,1.0,0.0,0.0,0.0,0.0,0.0,0.0,0.0,0.0,0.0,0.0,0.0,0.0007267765636445568,0.0004328451877891,0.00028081403669212,0.0013346118189403006,0.0006984185052950436,0.00064674109558798,0.00040203749801135,0.00025084471987307,0.00135561708570526,0.0005769895728591201,0.0005893131332261298,0.00035320409477659995,0.00022674500687584,0.00124921949903192,0.0005305246535951741,0.0005234791038496535,0.0002984940928772,0.00020931028806656,0.00110665037423558,0.00046973461070782727,0.0009331258174102198,0.00069304878410035,0.00041435271724656,0.0016975504506312603,0.0006536110253866525,0.00020710819099000998,0.00017104605510855,0.00015152747731958998,0.00027994580271304006,0.00010146648973817449,0.0,0.0,0.0,0.0,0.0,0.0,0.0,0.0,0.0,0.0,0.0,0.0,0.0,0.0,0.0,0.0,0.0,0.0,0.0,0.0
Sweep_AmplitudeStep_3pct,3.0,UKF,Model-based,fast,30,0.0012193979512933565,0.0010837458391319,0.00042348488355845005,0.00238333668615476,0.0007260607937988659,0.00042139113469854335,0.00036772751545229997,0.00018170289725847,0.00074607586385294,0.00021234524091932126,0.00794373266474621,0.007063994809893601,0.00257656035958992,0.0156254297841378,0.004777529334232185,0.0011428734800707468,0.0010236216822331,0.00036989287833487003,0.0022630113810167903,0.0006966959458160152,0.0,0.0,0.0,0.0,0.0,9.999999999999998e-05,0.0001,0.0001,0.0001,4.135263320862086e-20,0.0,0.0,0.0,0.0,0.0,0.00385001157491091,0.0034253362112707996,0.00131586051134926,0.007536707515012611,0.0023014559899362528,0.0,0.0,0.0,0.0,0.0,0.1488704539897393,0.13243163138554334,0.11043333762117406,0.214567785837616,0.038820144524753214,0.031015349039497316,0.02893380395224035,0.0255286890522116,0.04054684255168098,0.0056870021103765855,28.2418386273161,27.8550970677504,23.702711772747467,32.965761196191664,3.770775018763046,4.717594424110155e-05,4.144946897449803e-05,1.580702292028997e-05,9.23783164953679e-05,2.884349850018359e-05,10.049596010098206,9.982084328648408,9.548080662185434,10.705423772753363,0.45547746128710803,0.0,0.0,0.0,0.0,0.0,1.0,1.0,1.0,1.0,0.0,1.0,1.0,1.0,1.0,0.0,0.0625,0.0625,0.0625,0.0625,0.0,0.0625,0.0625,0.0625,0.0625,0.0,350.75806,349.2886,308.0607,386.1316,28.337975727252374,1.0,1.0,1.0,1.0,0.0,0.0,0.0,0.0,0.0,0.0,0.0,0.0,0.0,0.0,0.0,0.00012448902552573198,0.0001171018091366,4.786349083559595e-05,0.00021936237175013,7.424923971372387e-05,0.00040139162126614,0.00036563888956515,0.00014095208096243,0.00066057229395158,0.00020617705965761925,0.0003887481090997567,0.0003457441700938,0.00013534106814765002,0.00066089441397809,0.0002019702937402899,0.0003062955462884467,0.0002670489523755,0.00014172173208539,0.00050539965330013,0.00014736154390468373,0.0006184716499288368,0.00058014338777205,0.00029168993258602,0.0009098963075366601,0.00025138545765496055,0.00010758535916206286,0.00011020824697835,5.8019982366499976e-05,0.00015954510642185002,3.920504948152272e-05,0.0,0.0,0.0,0.0,0.0,0.0,0.0,0.0,0.0,0.0,0.0,0.0,0.0,0.0,0.0,0.0,0.0,0.0,0.0,0.0
Sweep_AmplitudeStep_3pct,3.0,IPDFT,Window-based,fast,30,0.0006393239419392766,0.0006170487332905,0.00041477023698573997,0.00085935828713324,0.0001915072676886167,0.0004049877903790767,0.00041027368254925004,0.00026371219152067,0.0005605289817962301,0.00011953734599882882,0.004133866978627961,0.0043017158224536,0.0017459315876351103,0.006105951287730621,0.001766199482504248,0.0004869528994797533,0.0005117663476441,0.00029866933070831,0.00070700573750574,0.00017390998665091175,0.0,0.0,0.0,0.0,0.0,9.999999999999998e-05,0.0001,0.0001,0.0001,4.135263320862086e-20,0.0,0.0,0.0,0.0,0.0,0.0018658464888184937,0.0018606494557604001,0.0011877113138618,0.0025723341112028203,0.000606025154780736,0.0,0.0,0.0,0.0,0.0,0.3391081643607426,0.37314569628854594,0.11383421046140539,0.5080968054258506,0.1466359591077577,0.05531895877421245,0.0534847469453741,0.035680461662942566,0.07754991126264243,0.016724998074638193,33.03955865693884,32.57302376493577,28.812466020299482,36.970183936999845,3.136042364954248,2.5960724063957844e-05,2.6253987377056277e-05,1.2034001570755618e-05,3.778933229248185e-05,1.1026112678864853e-05,10.155685795233598,9.837416439827418,9.548080662185434,10.994759550395347,1.0061692102988404,66.59999999999998,66.60000000000001,66.60000000000001,66.60000000000001,4.336137871936283e-14,1.0,1.0,1.0,1.0,0.0,1.0,1.0,1.0,1.0,0.0,0.0625,0.0625,0.0625,0.0625,0.0,0.0625,0.0625,0.0625,0.0625,0.0,346.61633,349.2886,305.7763,386.1316,31.42393257309982,1.0,1.0,1.0,1.0,0.0,0.0,0.0,0.0,0.0,0.0,0.0,0.0,0.0,0.0,0.0,0.0004116804330346666,0.00034760632201825,0.00021914911805248,0.0006276953235985201,0.00019386086538357878,0.0006275924105431033,0.0006226051587481,0.00027645495602445,0.00106235567029507,0.0003207578814288458,0.0022807400608440905,0.0023409530474306503,0.00058280052197655,0.00343375160789398,0.0010363889438901814,0.0019163082443406163,0.00201800105934205,0.00058970656975489,0.00292989481673823,0.0008709083507028951,0.0040829688534135804,0.0043017158224536,0.0010882513655246502,0.006105951287730621,0.0018477660586049694,0.0004150500426917367,0.00039176228651975,0.0002666357942974,0.00060867067036378,0.00014336970476903346,0.0,0.0,0.0,0.0,0.0,0.0,0.0,0.0,0.0,0.0,0.0,0.0,0.0,0.0,0.0,0.0,0.0,0.0,0.0,0.0
Sweep_AmplitudeStep_3pct,3.0,TFT,Window-based,fast,30,0.0006549202318515834,0.0006831762152702001,0.00036317194326762,0.00090796869368999,0.00021827345583123422,0.00027111408089343,0.0002626354149354,0.00016550792271809,0.00042239983407659003,8.81495424390501e-05,0.0111278552302522,0.01296990119942265,0.00353217496726184,0.01693511416181077,0.005365781623193004,0.0005892869407939334,0.0006439708529472001,0.00027907065523391,0.00082423818982603,0.0002198018567072877,0.0,0.0,0.0,0.0,0.0,9.999999999999998e-05,0.0001,0.0001,0.0001,4.135263320862086e-20,0.0,0.0,0.0,0.0,0.0,0.0020389749032753766,0.0021596798272447,0.00105060943636795,0.00284163908623818,0.0007072707894838066,0.0,0.0,0.0,0.0,0.0,0.7384240576531198,0.8050896917755068,0.20661235404517697,1.11140197415871,0.342179821651372,0.08015909412682302,0.08753106825305004,0.02851695628171932,0.1179669751719788,0.03374616202176209,35.670923266523374,35.71099500802583,28.379971728307506,41.423833673872316,5.609175550910563,6.486167698639784e-05,7.29319926103932e-05,1.739248670769591e-05,9.893611916656861e-05,3.083714452546927e-05,13.376957452981005,13.309445771531212,12.701840638483047,13.917050904579375,0.5967632296034653,83.30000000000003,83.3,83.3,83.3,1.4453792906454277e-14,1.0,1.0,1.0,1.0,0.0,1.0,1.0,1.0,1.0,0.0,0.0625,0.0625,0.0625,0.0625,0.0,0.0625,0.0625,0.0625,0.0625,0.0,376.6534333333333,377.15189999999996,329.3216,419.7459,37.46102283207251,1.0,1.0,1.0,1.0,0.0,0.0,0.0,0.0,0.0,0.0,0.0,0.0,0.0,0.0,0.0,0.00022998976694696578,0.0002111036600714,9.261617726634804e-05,0.00034045179404000017,0.00014043130611715663,0.00030493643834515353,0.00024807231240575004,0.00011586160609731819,0.0005782116900962002,0.00020045568990656018,0.0008211826275193301,0.00084162316668705,0.0003422559673358601,0.00124933918243293,0.00037471276964998494,0.0007952337848740567,0.0008441401871219,0.00032113537391035,0.00120326150633768,0.00035654939864857563,0.0012668254792593265,0.00134074996738315,0.0004922169675907,0.00192642363944269,0.0005506372048351121,0.00021613016697890407,0.00018548846440335001,0.00013116473378492,0.00035023021623472,9.012498900139047e-05,0.0,0.0,0.0,0.0,0.0,0.0,0.0,0.0,0.0,0.0,0.0,0.0,0.0,0.0,0.0,0.0,0.0,0.0,0.0,0.0
Sweep_AmplitudeStep_5pct,5.0,RLS,Adaptive,fast,30,0.5246928772854258,0.5255580573149539,0.19309487438634043,0.8372114451046114,0.2566977939395177,0.33792528907821967,0.28764630986797757,0.06922086580625636,0.6956168822778152,0.21592483268170368,2.1266782902070878,2.1680415485810336,0.812208396472947,3.3744918555045857,1.0518516877115434,0.3697023803601278,0.3937690383807651,0.11709271048728355,0.6350568299217009,0.2110494655406223,0.39180999999999994,0.2113,0.04302000000000002,1.2864300000000002,0.45577314634698973,9.999999999999998e-05,0.0001,0.0001,0.0001,4.135263320862086e-20,0.23737,0.18945,0.04302000000000002,0.67244,0.2361626312084754,1.447032430158603,1.5356528011708268,0.47402939783054365,2.3570539424827417,0.7383711406640029,1.0372433333333333,0.9514,0.1589,1.6501,0.5936950225339682,118.12728369061948,120.47930670630258,13.18716030615974,206.07863240535096,80.70954477810561,15.841951136066818,15.951513464562392,3.6526330579976145,24.284277259213848,8.237106217494583,80.91766912499588,82.37435131401499,72.62224332735549,87.01364907807319,5.518945934272322,0.009204293534162834,0.008528678674582249,0.0035431503847398104,0.015854136090887466,0.005895747923535342,14.109941423007362,14.032785215636167,13.598781549173191,14.785058237505323,0.66537829480438,0.0,0.0,0.0,0.0,0.0,0.0,0.0,0.0,0.0,0.0,0.0,0.0,0.0,0.0,0.0,0.0625,0.0625,0.0625,0.0625,0.0,0.0625,0.0625,0.0625,0.0625,0.0,422.0985266666667,427.66235,386.1316,452.33171000000004,34.883278214867026,1.0,1.0,1.0,1.0,0.0,0.0,0.0,0.0,0.0,0.0,0.0,0.0,0.0,0.0,0.0,0.2814363536694602,0.11830305189930486,0.022671444414604402,0.7619524890868787,0.34565416968324664,1.1133414440181988,1.331891719908504,0.031146455722921025,1.898793643744116,0.7246324514274342,1.5917196373328133,1.8633841283352683,0.029077033497174623,2.8350147837728925,1.1114951177049013,1.4229812409518885,1.655091559463142,0.02606732128955854,2.566206957846977,1.0051146752444111,1.8881711593594088,2.1680415485810336,0.042485087969951194,3.3744918555045857,1.3361131180509962,0.3126166768352425,0.3101902953745226,0.01645851084702402,0.49439869416465326,0.19061769656939223,0.7243700000000001,0.6447,0.0,1.3157699999999999,0.5372383168287288,0.0,0.0,0.0,0.0,0.0,0.0,0.0,0.0,0.0,0.0,0.0,0.0,0.0,0.0,0.0
Sweep_AmplitudeStep_5pct,5.0,TKEO,Adaptive,fast,30,8.870334631121723,8.71781071309373,7.525830098543923,10.455030921250824,1.188220384122793,8.270029582749041,8.041125967287643,6.948660559368019,9.953710751332268,1.1809601922461528,12.960292554985664,12.995001625192884,11.235713740845851,14.92163592032543,1.3481612955501756,3.195434719021664,3.2281378844692474,2.7027861393948767,3.5434660484603255,0.313937409300468,1.6501000000000003,1.6501,1.6501,1.6501,0.0,9.999999999999998e-05,0.0001,0.0001,0.0001,4.135263320862086e-20,1.6501000000000003,1.6501,1.6501,1.6501,0.0,17.856333739814033,17.81301302023634,15.357072669271501,20.80548650460998,1.970572504602444,1.6501000000000003,1.6501,1.6501,1.6501,0.0,268.3309849202189,266.2055440509281,258.5266230042791,280.43397672688997,9.272988960842357,52.822135746877635,51.730683142370964,46.39146925648243,61.96721762764313,5.998904902483249,92.98282175080902,92.28199257131885,88.09963953593542,99.27185820331863,4.321966933881288,0.06419621897395185,0.06426635205689771,0.05372380103246613,0.0749054359807083,0.007118575360132934,9.26838941046485,8.680073329259486,8.10140177397552,10.416087995111388,2.1281880433879516,0.30000000000000004,0.3,0.3,0.3,0.0,0.0,0.0,0.0,0.0,0.0,0.0,0.0,0.0,0.0,0.0,0.0625,0.0625,0.0625,0.0625,0.0,0.0625,0.0625,0.0625,0.0625,0.0,319.9300133333334,308.0607,285.2167,374.9128600000001,50.639025193276886,1.0,1.0,1.0,1.0,0.0,0.0,0.0,0.0,0.0,0.0,0.0,0.0,0.0,0.0,0.0,4.726373860666892,4.58592566339739,3.7353699296368714,6.200353566925124,0.9780920635914249,5.199859096672631,4.970653886497945,4.095888693717136,6.797136532709335,1.0063006096925255,5.346863402990549,5.097178572900598,4.238839376805606,6.989723266119247,1.02541258360211,5.576630910565911,5.357021789080749,4.4853178230331965,7.314429760864445,1.0278108276817728,6.026851978328476,5.885630808815698,4.881589009164796,7.759535672342105,1.0401450916699728,7.722032763554221,7.422278087729963,6.369812603773873,9.580946963097546,1.2771722538794918,1.3000999999999998,1.3001,1.26146,1.33874,0.029342096392208514,0.0,0.0,0.0,0.0,0.0,0.0,0.0,0.0,0.0,0.0,0.0,0.0,0.0,0.0,0.0
Sweep_AmplitudeStep_5pct,5.0,PLL,Loop-based,fast,30,0.21829740745612244,0.16570955814839625,0.16152043674959984,0.31486933887544666,0.13526575964788384,0.1645436083859954,0.14749566226383026,0.14537359013509074,0.19418351549647964,0.04395633707116051,0.9501192608018113,0.536166508225211,0.27317661020217154,2.4225889314133466,0.9560880256213801,0.13212528652218,0.0755279478689162,0.07039439449837921,0.24766975029344537,0.13997996776043153,0.022160000000000003,0.0015999999999999999,0.0,0.07108000000000003,0.03977531377886159,9.999999999999998e-05,0.0001,0.0001,0.0001,4.135263320862086e-20,0.01633,0.00145,0.0,0.055080000000000025,0.03438532315212208,0.5609194679525356,0.3740795058705791,0.3565567736302286,0.9371927663768158,0.46367313722386955,1.649016666666667,1.6491500000000001,1.6475000000000002,1.6501,0.0010167844288306825,176.52047346108367,174.061382101538,173.89462521125765,184.74266136215257,5.46061738753581,121.61029213334524,121.58964006531343,121.50454886608861,121.73155391035444,0.10049039823243616,100.34991285313107,99.77301061317095,96.4496612313273,105.1745214354128,3.371786781771733,0.004165573217099904,0.0019702720776704503,0.00025457643389216006,0.01274707521811945,0.005177341502432361,8.998342684665666,8.96940910690147,8.10140177397552,9.866350017591618,0.8872493899571466,0.0,0.0,0.0,0.0,0.0,0.0,0.0,0.0,0.0,0.0,0.0,0.0,0.0,0.0,0.0,0.0625,0.0625,0.0625,0.0625,0.0,0.0625,0.0625,0.0625,0.0625,0.0,308.91788333333335,308.0607,260.3733,351.17696,36.33204383335766,1.0,1.0,1.0,1.0,0.0,0.0,0.0,0.0,0.0,0.0,0.0,0.0,0.0,0.0,0.0,0.16165811310418274,0.1613619758116804,0.16114621607410842,0.16159683480466439,0.0015859654846807497,0.16562190299032142,0.16577038121915455,0.16455592163936542,0.1664279764036236,0.0007427622315331096,0.16296693620110062,0.16296488028604975,0.162709086387981,0.16325626497978096,0.00021746317219135017,0.16217051630126775,0.1621586103723116,0.16198422837915413,0.162411746349481,0.0001598300359267506,0.2462207816062701,0.247682751245545,0.23873060309005176,0.25198767367582847,0.005511428004753645,0.16132848833977595,0.1613244323343879,0.1611503421861273,0.16150809322816756,0.00013574887986854598,1.2990166666666667,1.2988,1.25868,1.3387,0.029281794783570333,0.0,0.0,0.0,0.0,0.0,0.0,0.0,0.0,0.0,0.0,0.0,0.0,0.0,0.0,0.0
Sweep_AmplitudeStep_5pct,5.0,SOGI-FLL,Loop-based,fast,30,0.0046697219134526026,0.0046748075549806496,0.00401677448325864,0.00541193910364544,0.0005417855241928367,0.00420641389656706,0.004234830427245,0.00387716995456967,0.00455334268768684,0.0002559890960356778,0.017808832916995664,0.0178793487202888,0.0121910847920318,0.02345204384264569,0.00443812584305163,0.0019490691407516234,0.0019770410513726498,0.00103986542427213,0.0029241152294530704,0.0007431866127704359,0.0,0.0,0.0,0.0,0.0,9.999999999999998e-05,0.0001,0.0001,0.0001,4.135263320862086e-20,0.0,0.0,0.0,0.0,0.0,0.010053621318822085,0.0101677116715506,0.00699726703919686,0.01332629394952087,0.0024844684026796102,0.0,0.0,0.0,0.0,0.0,0.4208507932492722,0.41078660602877903,0.23653849103766325,0.5745080702190819,0.13586679785042205,0.0611535350943136,0.06097158334855065,0.04617600486929677,0.07608431399552724,0.012810566899703947,34.0973605641925,33.64555725251854,29.052453499840162,39.14397376634707,4.0310555904463845,8.218893201579721e-05,8.165684893933785e-05,4.660625738711031e-05,0.00011789648746307,2.7539772063607208e-05,7.8699331518619315,7.812065996333536,7.522730218691553,8.390737551617502,0.298179991956356,0.0,0.0,0.0,0.0,0.0,1.0,1.0,1.0,1.0,0.0,1.0,1.0,1.0,1.0,0.0,0.0625,0.0625,0.0625,0.0625,0.0,0.0625,0.0625,0.0625,0.0625,0.0,302.6094766666666,308.0607,260.3733,331.3183,33.249725960806764,1.0,1.0,1.0,1.0,0.0,0.0,0.0,0.0,0.0,0.0,0.0,0.0,0.0,0.0,0.0,0.003633779981393107,0.00361761947290465,0.00350176140238118,0.00378701078926529,0.00012522741123847128,0.003756114771829076,0.0033254794446055,0.0015813609983673,0.006297302389551881,0.0018066753223776632,0.004150343071594479,0.0037564833268469502,0.0020110664691483397,0.00666037728724965,0.0018038899894569091,0.00526257012740213,0.00525519933457095,0.00490026477765829,0.00552614579774393,0.00025063424393877224,0.007162367846948283,0.00732446600565945,0.0059443252984528894,0.0081101325106189,0.0008826963758471764,0.0036288343447802435,0.0036289894963572,0.00360427709500816,0.00367625918939752,4.36288820248829e-05,0.0,0.0,0.0,0.0,0.0,0.0,0.0,0.0,0.0,0.0,0.0,0.0,0.0,0.0,0.0,0.0,0.0,0.0,0.0,0.0
Sweep_AmplitudeStep_5pct,5.0,SOGI-PLL,Loop-based,fast,30,0.016639917883379325,0.01565152235224955,0.00426627149845496,0.027315918158334913,0.010941853295836185,0.005959827824491364,0.00560355903442405,0.00254831425987428,0.00937492484253139,0.002969104658389014,0.10196730870836743,0.0832427670048119,0.02756247704100969,0.13988551660757478,0.12257950206387123,0.01547772729249247,0.014614005226514699,0.0034205001202528705,0.025656579513077333,0.010619706601890164,0.00016333333333333334,0.0,0.0,0.0,0.0008946135105917708,9.999999999999998e-05,0.0001,0.0001,0.0001,4.135263320862086e-20,0.00016333333333333334,0.0,0.0,0.0,0.0008946135105917708,0.05239300970196891,0.04944557471396835,0.01280981462063291,0.08634466338176347,0.0348118246872944,0.0005266666666666667,0.0,0.0,0.0,0.002884672136193875,4.583826589377911,3.810477717625105,2.593098738604027,4.416359318648588,5.585773491175237,1.4790712510051873,1.389527007184554,1.3456268717398236,1.4666881668480998,0.431894893209878,61.85347385552155,61.007979705527106,57.57943661888854,67.41603923804648,3.766824738209713,0.0004029480395408729,0.00028649552264955005,0.00010947839492569544,0.00043087122301000005,0.000717177738938833,8.805452166237677,8.246069662796511,7.812065996333536,9.779549284299025,1.4510290130129258,0.0,0.0,0.0,0.0,0.0,0.5,0.5,0.0,1.0,0.5085476277156078,0.9666666666666667,1.0,1.0,1.0,0.1825741858350553,0.0625,0.0625,0.0625,0.0625,0.0,0.0625,0.0625,0.0625,0.0625,0.0,314.95111,308.0607,285.2167,351.17696,34.13046474763999,1.0,1.0,1.0,1.0,0.0,0.0,0.0,0.0,0.0,0.0,0.0,0.0,0.0,0.0,0.0,0.00203760516610637,0.00185914387359755,0.00177915937329499,0.00216696332898525,0.0006327388712142118,0.01152267241695817,0.0121446972615942,0.0035875060634958803,0.02018599173371468,0.006513866095084608,0.007205894434841718,0.0074913784696993,0.00259517806239065,0.01235444454486757,0.003809560078494242,0.005604637079285993,0.0057895761778902,0.00222242690418573,0.0093903420349838,0.002789105949530254,0.019540321648098026,0.0211061853169169,0.006934451273484341,0.032950057675986875,0.010386252972001629,0.0018068008686119735,0.0018026872182638001,0.00177633398220245,0.0018460929032834501,2.9950679380200764e-05,0.0,0.0,0.0,0.0,0.0,0.0,0.0,0.0,0.0,0.0,0.0,0.0,0.0,0.0,0.0,0.0,0.0,0.0,0.0,0.0
Sweep_AmplitudeStep_5pct,5.0,Type-3 SOGI-PLL,Loop-based,fast,30,0.03214396983422267,0.0245358943565865,0.0056088312422213505,0.0641333652427738,0.027613390948545518,0.009201364061923291,0.007504713182940451,0.00327799179077327,0.01622577023655854,0.006102111262851966,0.28748846778235965,0.22016884348823135,0.04486969297065848,0.5800581512126273,0.25233374225817207,0.030683521196128095,0.0233598919652977,0.004548536382534511,0.06204682182963043,0.027066572480791553,0.002373333333333333,0.0,0.0,0.005890000000000007,0.0068741361003719454,9.999999999999998e-05,0.0001,0.0001,0.0001,4.135263320862086e-20,0.002373333333333333,0.0,0.0,0.005890000000000007,0.0068741361003719454,0.10125192765030772,0.07758438907883364,0.016923600938377,0.20236623572545004,0.08730142932015844,0.015443333333333333,0.0032500000000000003,0.0,0.04317,0.020078598716961833,7.108460932339374,5.457983884404882,3.3502667850768835,11.844064364536779,4.370765070500008,2.207151624850655,2.0583280714178227,1.9785846597055283,2.539360653501111,0.34726822732033275,65.4069183098741,64.46530978442252,61.08105110235881,70.20403007081643,3.432442272596259,0.0016835384911981506,0.00133331285284085,0.00023452272124762003,0.0034556223275524606,0.0014807845757841486,9.345545617836047,9.25874488454345,8.390737551617502,10.416087995111385,1.0254930610079909,0.0,0.0,0.0,0.0,0.0,0.3333333333333333,0.0,0.0,1.0,0.47946330148538413,0.8,1.0,0.0,1.0,0.4068381021724863,0.0625,0.0625,0.0625,0.0625,0.0,0.0625,0.0625,0.0625,0.0625,0.0,334.48619999999994,329.3216,282.73236,387.84745000000004,39.879243312417984,1.0,1.0,1.0,1.0,0.0,0.0,0.0,0.0,0.0,0.0,0.0,0.0,0.0,0.0,0.0,0.0027031898267229734,0.0026461959098807,0.00261008675097097,0.00271734863862707,0.00023361742081911822,0.009278580212648756,0.00842628281256785,0.00441499862928467,0.0160279644319634,0.004474487536987337,0.006624133196206446,0.0058419348674513,0.00356199152370781,0.01057568432270472,0.0026110958482840497,0.005256701923016097,0.0047114147630058,0.00313979132392803,0.00802275898011358,0.0018342131017250554,0.014663223556287328,0.0134580954352259,0.009506618579889901,0.02229744440442252,0.004907647293995126,0.00262996810408224,0.0026257869645509,0.00261402738233376,0.0026519449518717297,1.7942594659963942e-05,0.0,0.0,0.0,0.0,0.0,0.0,0.0,0.0,0.0,0.0,0.0,0.0,0.0,0.0,0.0,0.0,0.0,0.0,0.0,0.0
Sweep_AmplitudeStep_5pct,5.0,ZCD,Loop-based,fast,30,0.013000547765428508,0.012578476317703601,0.00674996968742926,0.018779984717780043,0.004576890103700197,0.010368401776591651,0.009888195374985101,0.005289518458398489,0.015150062616153091,0.0036751862653487907,0.03647054878603859,0.03728287051538,0.01945401412657467,0.05267979976039207,0.013676796578031305,0.00783239787312336,0.0076789219401224,0.0041919054749517005,0.01151719670968504,0.0027587344042177475,0.0,0.0,0.0,0.0,0.0,9.999999999999998e-05,0.0001,0.0001,0.0001,4.135263320862086e-20,0.0,0.0,0.0,0.0,0.0,0.03386559539596187,0.033161470728704,0.01786523488325387,0.0500839244041852,0.011896964338586204,0.0,0.0,0.0,0.0,0.0,90.24930506314868,86.99397401834119,43.61713662051869,135.79054353771625,33.18216616605457,12.291228078877152,11.714620992082935,6.319603132983589,17.93801383295231,4.328745528309923,79.85652510613114,79.73650710258643,79.20401050761448,80.8471326032957,0.7058082345011704,0.0018783828065914632,0.0016270482028689,0.0008629343783170001,0.003114725165258611,0.0011515517946573076,4.176079723965952,4.05070088698776,4.05070088698776,4.340036664629743,0.22390375382145075,16.699999999999996,16.7,16.7,16.7,7.226896453227138e-15,0.8666666666666667,1.0,0.0,1.0,0.34574590364176044,1.0,1.0,1.0,1.0,0.0,0.0625,0.0625,0.0625,0.0625,0.0,0.0625,0.0625,0.0625,0.0625,0.0,178.62015999999994,201.6955,116.4554,232.8914,50.32039314731566,1.0,1.0,1.0,1.0,0.0,0.0,0.0,0.0,0.0,0.0,0.0,0.0,0.0,0.0,0.0,0.013196380604745934,0.009781870133885099,0.00461844382826642,0.023542285242077573,0.008194980470828048,0.01076834267663537,0.0067302971162587,0.00322171019083767,0.022526990766600294,0.008888525719697737,0.01164582101902777,0.0109514501992143,0.0044959937239182,0.01997997516414019,0.006333140584485343,0.012475227143820827,0.012945115776603299,0.00470102180135014,0.020452970601100882,0.006999038517090441,0.020475351503976405,0.0185847694577816,0.00787327549608603,0.03862104402112074,0.011558702520904829,0.012907431042939604,0.012755275032729049,0.0064947306933891905,0.018738271074891302,0.00544587903998933,0.0,0.0,0.0,0.0,0.0,0.0,0.0,0.0,0.0,0.0,0.0,0.0,0.0,0.0,0.0,0.0,0.0,0.0,0.0,0.0
Sweep_AmplitudeStep_5pct,5.0,EKF,Model-based,fast,30,0.00280691348335987,0.00265541211629135,0.00018687269439211004,0.00559695862885732,0.0020480572776804128,0.0011024660405615126,0.00104467615149555,0.00012773600401544096,0.00214662351027239,0.000772865564880716,0.012343112659736448,0.0116983384742823,0.0009155882291536701,0.02462926541514171,0.009001981607858959,0.002579876256423783,0.00244127302851215,0.00013632183246721,0.00516872654629229,0.0018986966357864754,0.0,0.0,0.0,0.0,0.0,9.999999999999998e-05,0.0001,0.0001,0.0001,4.135263320862086e-20,0.0,0.0,0.0,0.0,0.0,0.008842094809833011,0.00836849523703205,0.0005367015014170799,0.017653312432705032,0.006468750050199311,0.0,0.0,0.0,0.0,0.0,0.07470212024844133,0.06915686799224824,0.03802759726312385,0.12581499292529935,0.035091163183772305,0.02001366286586337,0.0187957319051189,0.0071332826981767294,0.03583718981920495,0.011152367725962507,22.52512067740533,23.232750047881282,14.075584454644945,30.725371832499786,5.994697501105613,7.27671182885885e-05,6.996928964340626e-05,4.0243672547161045e-06,0.00014357929137914,5.3516826822931967e-05,10.79222450604596,10.126752217469402,8.680073329259486,12.962242838360833,2.2796888819817953,0.0,0.0,0.0,0.0,0.0,1.0,1.0,1.0,1.0,0.0,1.0,1.0,1.0,1.0,0.0,0.0625,0.0625,0.0625,0.0625,0.0,0.0625,0.0625,0.0625,0.0625,0.0,348.2313299999999,349.2886,285.2167,404.93568000000005,46.47865167612383,1.0,1.0,1.0,1.0,0.0,0.0,0.0,0.0,0.0,0.0,0.0,0.0,0.0,0.0,0.0,0.0011539252299904447,0.0011191751298248,9.739614308540888e-05,0.0025440237833947305,0.0009375172656986913,0.0006624604544691557,0.0004747920596683,0.00015810742913720003,0.00138419939212816,0.0005321153174647213,0.0006480961503861123,0.0005360765303802,0.00016067470658135002,0.0013015154493824302,0.000503220483130553,0.0005199254666164703,0.00041185315478410004,0.00011586182256031358,0.0010461218079348801,0.00040167936546788,0.0008930291977742794,0.00076478284853815,0.0002480310569815,0.00156188262688484,0.0005323504283044428,0.00013254394554605375,0.0001275506298559,7.189930129105311e-05,0.00021975628648897,5.6726668376078386e-05,0.0,0.0,0.0,0.0,0.0,0.0,0.0,0.0,0.0,0.0,0.0,0.0,0.0,0.0,0.0,0.0,0.0,0.0,0.0,0.0
Sweep_AmplitudeStep_5pct,5.0,LKF,Model-based,fast,30,0.0039630824012994795,0.00395514972336635,0.00386934935228808,0.00405571655508327,7.506724908124446e-05,0.003517147655782276,0.0035193159118643,0.00345144407852105,0.00358158697148868,5.4378736357614275e-05,0.01000651599919915,0.00939806748613485,0.00789076714835058,0.012818976257403782,0.0020110412903787487,0.00182602512377741,0.0018322487765235502,0.00173489320812881,0.0019027204697948498,6.364376341833805e-05,0.0,0.0,0.0,0.0,0.0,9.999999999999998e-05,0.0001,0.0001,0.0001,4.135263320862086e-20,0.0,0.0,0.0,0.0,0.0,0.008995223027114665,0.00898238998850755,0.00865298513707366,0.009293054012565529,0.00023956100221113525,0.0,0.0,0.0,0.0,0.0,5.396783433856929,5.396148895044917,5.391029914425971,5.404234267540886,0.005461858258407535,2.961157363156906,2.9604744352212036,2.9596143540501805,2.963548551033778,0.0015065007512691585,68.07987642369484,67.49134027539822,64.1775150983321,72.90695123630036,3.370956307915707,3.709663893242591e-05,3.714937898065733e-05,1.257446027628392e-05,5.786285606976787e-05,1.7549305711276468e-05,11.168361016980537,10.850091661574355,9.548080662185434,13.049043571653428,1.4745459006768475,7.900000000000002,7.9,7.9,7.9,3.613448226613569e-15,1.0,1.0,1.0,1.0,0.0,1.0,1.0,1.0,1.0,0.0,0.0625,0.0625,0.0625,0.0625,0.0,0.0625,0.0625,0.0625,0.0625,0.0,360.1607666666666,349.2886,327.19551,435.5788,47.89299757205412,1.0,1.0,1.0,1.0,0.0,0.0,0.0,0.0,0.0,0.0,0.0,0.0,0.0,0.0,0.0,0.0038801113082998235,0.00388369286394675,0.00386096764247101,0.00390030545951814,1.9970384926256847e-05,0.0046883538221123245,0.0044954375432822,0.00397253370275357,0.00573649100765667,0.0006311137475201917,0.0042245620789375235,0.00412435087068425,0.0039384899837634005,0.00473977082696702,0.00027492804018488626,0.004083217555890936,0.00402953683945505,0.00393277791988013,0.00436389061591022,0.00015170206536602702,0.008687343108701102,0.0083478582406009,0.00680845162910655,0.01149948633099874,0.0016478555261864088,0.003927878447692921,0.0039274744479162,0.00392469328029523,0.00393135676716848,2.9605863109338057e-06,0.0,0.0,0.0,0.0,0.0,0.0,0.0,0.0,0.0,0.0,0.0,0.0,0.0,0.0,0.0,0.0,0.0,0.0,0.0,0.0
Sweep_AmplitudeStep_5pct,5.0,LKF2,Model-based,fast,30,0.005485717338648344,0.0035453866222247,0.00080894100441534,0.01246812388279265,0.004368326325435621,0.0016151526713441334,0.00114400065511825,0.0004211335319736,0.00335258139925943,0.0010916046638155819,0.03725713455852187,0.024318363034787148,0.00625074343143907,0.08100433413324944,0.030841655837472053,0.005234622547970099,0.00336526794490235,0.0006906688297577501,0.0119887952257989,0.00423988715937137,0.0,0.0,0.0,0.0,0.0,9.999999999999998e-05,0.0001,0.0001,0.0001,4.135263320862086e-20,0.0,0.0,0.0,0.0,0.0,0.017319020315254594,0.011211450840982951,0.00249314002124696,0.03938964982597264,0.013809271963013283,0.0,0.0,0.0,0.0,0.0,1.8787626968889508,1.8227038956375452,1.2960352499078454,2.4619350805767937,0.4921889658420647,0.46741271765633546,0.45062211335815466,0.35353861209420334,0.577628172244062,0.08761610883235103,51.883498020395,51.28603450181308,49.580588865256026,54.4738308600426,2.194285516578442,0.00021299854138943802,0.00013709293716509998,3.8114588131008e-05,0.00047018364870358997,0.00018446545609805508,11.071915757766549,10.994759550395347,9.837416439827418,12.470372016369462,1.0135537752775887,0.0,0.0,0.0,0.0,0.0,1.0,1.0,1.0,1.0,0.0,1.0,1.0,1.0,1.0,0.0,0.0625,0.0625,0.0625,0.0625,0.0,0.0625,0.0625,0.0625,0.0625,0.0,364.25389333333334,368.1722,308.0607,404.93568000000005,49.9628596218813,1.0,1.0,1.0,1.0,0.0,0.0,0.0,0.0,0.0,0.0,0.0,0.0,0.0,0.0,0.0,0.0006759483510372847,0.00041784571716434995,0.00011577530195718472,0.0017199284674732202,0.0006569193073465926,0.0032374641422074136,0.00316047347911885,0.00201881539248689,0.00472248892692285,0.0010491526374842664,0.0024072048772150563,0.0023348724696998,0.0015783444078843799,0.00341975242956129,0.0007048832436455952,0.0018530190567411235,0.0017838033809874,0.00128327844889374,0.0025689379923434998,0.0004767438884098617,0.00517336786473184,0.0049341408902101,0.00349240663502425,0.007205141302566811,0.0013873527513826997,0.0005519474878360567,0.00054944411021925,0.00049338382553165,0.00063726750720507,5.137846517822333e-05,0.0,0.0,0.0,0.0,0.0,0.0,0.0,0.0,0.0,0.0,0.0,0.0,0.0,0.0,0.0,0.0,0.0,0.0,0.0,0.0
Sweep_AmplitudeStep_5pct,5.0,RA-EKF,Model-based,fast,30,0.0006452337474266499,0.00044738444272355,0.00041083442605059,0.0011235888591071403,0.00038495766918220347,0.00037754979130174323,0.0002683936467676,0.00025086292141226005,0.00067561198762024,0.00021208247259246524,0.004160188507511193,0.003028151681196,0.00269012407057613,0.007447408347572033,0.002507621586425891,0.0005229165055676134,0.0003585222075758,0.00032340968630023,0.0008975522976434903,0.0003218171299041088,0.0,0.0,0.0,0.0,0.0,9.999999999999998e-05,0.0001,0.0001,0.0001,4.135263320862086e-20,0.0,0.0,0.0,0.0,0.0,0.0019462993080047299,0.00134296256866445,0.00122202875937979,0.003368268880550821,0.0011768813741173602,0.0,0.0,0.0,0.0,0.0,1.5440991124868002,1.535588214833794,1.506554512491931,1.5875795767659187,0.037524772534689124,0.3028349024987433,0.30220524423924305,0.2990276067072766,0.3076240715109951,0.0038482457494665072,48.27380860975416,47.65949600647545,44.51154498023494,52.91324019015148,3.3319975068734364,1.2303426363241712e-05,6.126020132730075e-06,3.1580291765372497e-06,2.938037135640151e-05,1.5539157153749576e-05,12.865797579146836,11.862766883321298,11.284095328037331,16.839342258763402,2.5482552137707555,0.0,0.0,0.0,0.0,0.0,1.0,1.0,1.0,1.0,0.0,1.0,1.0,1.0,1.0,0.0,0.0625,0.0625,0.0625,0.0625,0.0,0.0625,0.0625,0.0625,0.0625,0.0,396.6282366666667,386.1316,349.2886,442.7572700000001,51.98115802565973,1.0,1.0,1.0,1.0,0.0,0.0,0.0,0.0,0.0,0.0,0.0,0.0,0.0,0.0,0.0,0.0007267765636445568,0.0004328451877891,0.00028081403669212,0.0013346118189403006,0.0006984185052950436,0.00074704126717831,0.0005080888087156,0.00028676995822593,0.00155264127378625,0.000604922470846969,0.0006669943000856299,0.0004508015808063,0.0002531676123889,0.0014042562769731,0.0005532008763223757,0.0005811179663584968,0.00038502980170935,0.00022979483107989,0.00121914137023609,0.00048581182454568114,0.0010952164743116065,0.0008440927541073,0.00048923422857918,0.00195354290578883,0.0006808796321298415,0.00021081202360074004,0.00017756653966075,0.00015617487212494,0.00027698449237120005,9.658824105009268e-05,0.0,0.0,0.0,0.0,0.0,0.0,0.0,0.0,0.0,0.0,0.0,0.0,0.0,0.0,0.0,0.0,0.0,0.0,0.0,0.0
Sweep_AmplitudeStep_5pct,5.0,UKF,Model-based,fast,30,0.00122700963266831,0.0010855990148042499,0.00043820989734721005,0.00238500166005515,0.0007219091314460189,0.00043827510848779336,0.0003849556430964,0.00019212473464167,0.00076131335172425,0.00021279066911849978,0.00794373266474621,0.007063994809893601,0.00257656035958992,0.0156254297841378,0.004777529334232185,0.0011441419689604633,0.0010223346824242,0.00038465516644365,0.00225935439384703,0.0006931317363705923,0.0,0.0,0.0,0.0,0.0,9.999999999999998e-05,0.0001,0.0001,0.0001,4.135263320862086e-20,0.0,0.0,0.0,0.0,0.0,0.00387070101536931,0.0034303854589557,0.00137308133390396,0.00754199932345506,0.0022905865579344715,0.0,0.0,0.0,0.0,0.0,0.18846804947673465,0.17927742818280018,0.17150082658190507,0.2276387357493803,0.021549861562912345,0.04081898970377459,0.03885670091890075,0.03680344209705076,0.04837935950570851,0.004457333568765025,30.751940953301865,30.090350393713027,26.65269286052965,35.69769719653659,3.5380607343010593,4.7184673051938754e-05,4.143754313056288e-05,1.6835344130874327e-05,9.266248785259287e-05,2.8901413379405254e-05,10.396798943268585,10.1267522174694,9.837416439827418,11.023693128159547,0.5783388898035925,0.0,0.0,0.0,0.0,0.0,1.0,1.0,1.0,1.0,0.0,1.0,1.0,1.0,1.0,0.0,0.0625,0.0625,0.0625,0.0625,0.0,0.0625,0.0625,0.0625,0.0625,0.0,344.25173333333333,349.2886,305.7763,386.1316,35.709941721264286,1.0,1.0,1.0,1.0,0.0,0.0,0.0,0.0,0.0,0.0,0.0,0.0,0.0,0.0,0.0,0.00012448902552573198,0.0001171018091366,4.786349083559595e-05,0.00021936237175013,7.424923971372387e-05,0.0006434595050001202,0.00067873242993115,0.00024239568188505004,0.0009741412595113201,0.00029315901575682133,0.0006236678102816667,0.00063074182824065,0.00020289467991754,0.0009359460832695202,0.0002888608026412569,0.00047869736942627,0.00047909647376350004,0.00021378154903387,0.0007086625925480801,0.0002093750578607702,0.0009894872546043535,0.0010423807574042,0.00047361446019200004,0.0013949864042736,0.0003725230025427278,0.0001499171055327385,0.0001488815811831,7.248362153925465e-05,0.00022663665987119003,6.157588802132145e-05,0.0,0.0,0.0,0.0,0.0,0.0,0.0,0.0,0.0,0.0,0.0,0.0,0.0,0.0,0.0,0.0,0.0,0.0,0.0,0.0
Sweep_AmplitudeStep_5pct,5.0,IPDFT,Window-based,fast,30,0.0008795336756589766,0.00093189186655965,0.0005192303169345,0.0012323862467659302,0.0003118146176555695,0.0004603209078426166,0.00047571988660125,0.00030463744103266,0.00061389018471175,0.00013473250903405643,0.006647711180104877,0.0070923949294723,0.00178891894246643,0.01000697435105375,0.0030025364467569163,0.0007388275503610732,0.0007936315378753,0.00033161585412634,0.00108530209471513,0.0003089319573815397,0.0,0.0,0.0,0.0,0.0,9.999999999999998e-05,0.0001,0.0001,0.0001,4.135263320862086e-20,0.0,0.0,0.0,0.0,0.0,0.002676803558925987,0.00286922916935475,0.0014600816150010202,0.00385164211758765,0.0010248987174188574,0.0,0.0,0.0,0.0,0.0,0.5489734086054909,0.6101365659549884,0.1645169071622376,0.8115204883836213,0.24026576444884432,0.0773089122367384,0.08085398261603266,0.043295650374659045,0.11039431012494658,0.027126856347607715,35.7667862980925,35.6231850748515,30.032811646703504,40.74630837359808,4.0873810124519085,3.834201340982444e-05,4.039043082298785e-05,2.1086683771254733e-05,5.2798553005203457e-05,1.4343075852627261e-05,10.62826756538217,10.416087995111385,9.548080662185434,11.891700461085497,1.0020965069536867,66.59999999999998,66.60000000000001,66.60000000000001,66.60000000000001,4.336137871936283e-14,1.0,1.0,1.0,1.0,0.0,1.0,1.0,1.0,1.0,0.0,0.0625,0.0625,0.0625,0.0625,0.0,0.0625,0.0625,0.0625,0.0625,0.0,356.9033733333333,349.2886,285.2167,404.93568000000005,43.681739870623076,1.0,1.0,1.0,1.0,0.0,0.0,0.0,0.0,0.0,0.0,0.0,0.0,0.0,0.0,0.0,0.0004116804330346666,0.00034760632201825,0.00021914911805248,0.0006276953235985201,0.00019386086538357878,0.0008899543943448934,0.0007879271840698,0.00036793165296620004,0.00151217431122464,0.000434355343795183,0.0036873435277335097,0.0039554403983405,0.00091783150357101,0.0055628583683397905,0.0016819456348639457,0.0030711931870912035,0.0033340843433525497,0.00078902841400178,0.004613011087245261,0.001420457819258902,0.00663901157002817,0.0070923949294723,0.0017184351908396901,0.01000697435105375,0.0030174529281794425,0.00040877119173937334,0.0003880937346064,0.00026313445384491997,0.00059168579570515,0.00014041945569566788,0.0,0.0,0.0,0.0,0.0,0.0,0.0,0.0,0.0,0.0,0.0,0.0,0.0,0.0,0.0,0.0,0.0,0.0,0.0,0.0
Sweep_AmplitudeStep_5pct,5.0,TFT,Window-based,fast,30,0.0007441136756687534,0.0007818403486277,0.00045911663985291,0.00100470875527176,0.00022191107687877094,0.00031119233474612,0.0002932815983601,0.00019723012536065,0.00047361472900198,9.791002857444706e-05,0.011166121292167673,0.01296990119942265,0.00353217496726184,0.01693511416181077,0.005294205740697516,0.0006705128995215602,0.0007331662199464,0.00036177945636452,0.00093495883261136,0.00021722344753937527,0.0,0.0,0.0,0.0,0.0,9.999999999999998e-05,0.0001,0.0001,0.0001,4.135263320862086e-20,0.0,0.0,0.0,0.0,0.0,0.00232273103331098,0.0024676593724675,0.0013675027413725,0.00317285890296176,0.0007130974503415077,0.0,0.0,0.0,0.0,0.0,0.7384240576531198,0.8050896917755068,0.20661235404517697,1.11140197415871,0.342179821651372,0.08163475038592859,0.08964343462600716,0.02862671688890786,0.1188978173773246,0.033379095642894374,35.89667791734564,35.789726628333725,29.114348503661926,41.70342601050017,5.4839949244535715,6.485954796798349e-05,7.291099725240683e-05,1.7353690976698013e-05,9.893681760376758e-05,3.0841243054792755e-05,14.949015178169114,14.17745310445716,12.730774216247244,17.67841601392515,1.8617200129929747,83.30000000000003,83.3,83.3,83.3,1.4453792906454277e-14,1.0,1.0,1.0,1.0,0.0,1.0,1.0,1.0,1.0,0.0,0.0625,0.0625,0.0625,0.0625,0.0,0.0625,0.0625,0.0625,0.0625,0.0,402.00090000000006,394.71085,366.28384,450.8544,32.72752549435182,1.0,1.0,1.0,1.0,0.0,0.0,0.0,0.0,0.0,0.0,0.0,0.0,0.0,0.0,0.0,0.00022998976694696578,0.0002111036600714,9.261617726634804e-05,0.00034045179404000017,0.00014043130611715663,0.000392603883428437,0.00036837524348475,0.00016753760022556003,0.0006832414394531001,0.00021243033331932052,0.0013067389800275264,0.00137008729453425,0.0005522898753693401,0.00201455346244326,0.0006094912845724098,0.0012659051126418335,0.0013469162416827,0.00045284483633145,0.00192705357827819,0.000585211305503551,0.0020309069506789,0.0022045949475817,0.00075495999162665,0.00308913323366506,0.0009198654817030563,0.0002176983042321196,0.0001860383186924,0.00014375949315135,0.00034491609773218,8.856772915221255e-05,0.0,0.0,0.0,0.0,0.0,0.0,0.0,0.0,0.0,0.0,0.0,0.0,0.0,0.0,0.0,0.0,0.0,0.0,0.0,0.0
Sweep_AmplitudeStep_7p5pct,7.5,RLS,Adaptive,fast,30,0.5921170784405564,0.6457349717080499,0.25665705410631406,0.8138653883738379,0.2538924403312581,0.3529217955162444,0.30717012075728856,0.15500593843152,0.661453759241937,0.2031959544623166,2.56297987746311,2.667086667396603,1.1129692156985151,3.80318855564823,1.1548429184686184,0.4478323581315563,0.44148066845167067,0.12118474883226901,0.7132736204452351,0.2225914055025767,0.3724333333333333,0.219,0.05752,1.3052700000000002,0.4199973803968661,9.999999999999998e-05,0.0001,0.0001,0.0001,4.135263320862086e-20,0.23462333333333338,0.18685000000000002,0.05517000000000001,0.5930200000000002,0.2458402855280349,1.6964188699109135,1.8616665097197878,0.6279644145191895,2.4972740468015178,0.7642716252071781,1.08801,1.08695,0.5668500000000001,1.6501,0.5392866203254711,142.9390957334776,198.7366208290009,22.6654074061301,206.07863240535096,78.70860738584093,18.149875486063586,20.98478230750898,7.719267434086222,25.185913811008913,7.161853663255346,82.73758347533239,83.39898550178478,74.50926919356252,87.34405667938724,5.086683647465943,0.010173976499026785,0.00953952381023135,0.004277081526983991,0.015413178838811414,0.004918057676723069,13.888117326815177,13.888117326815175,13.309445771531212,14.466788882099143,0.44952325150473843,0.0,0.0,0.0,0.0,0.0,0.0,0.0,0.0,0.0,0.0,0.0,0.0,0.0,0.0,0.0,0.0625,0.0625,0.0625,0.0625,0.0,0.0625,0.0625,0.0625,0.0625,0.0,415.2905266666667,411.51800000000003,384.33566,450.8544,32.30804091344416,1.0,1.0,1.0,1.0,0.0,0.0,0.0,0.0,0.0,0.0,0.0,0.0,0.0,0.0,0.0,0.2814363536694602,0.11830305189930486,0.022671444414604402,0.7619524890868787,0.34565416968324664,1.370967417006606,1.4714377911712564,0.24822530386897337,1.9066807762623705,0.6998810312845087,2.044649785836049,2.2331809525996045,0.24388219264333227,3.1478175560495214,1.1160022540550474,1.8406512679312057,1.9948505277609372,0.23660880296624465,2.92900192325381,1.0181332477578773,2.4373098726322917,2.667086667396603,0.26282533624836757,3.80318855564823,1.3463359289550447,0.2925943300269763,0.31379264737195706,0.13334226465667226,0.4268907911376246,0.1400644723821149,0.7538333333333335,0.76195,0.21389000000000002,1.3157699999999999,0.511267311372594,0.0,0.0,0.0,0.0,0.0,0.0,0.0,0.0,0.0,0.0,0.0,0.0,0.0,0.0,0.0
Sweep_AmplitudeStep_7p5pct,7.5,TKEO,Adaptive,fast,30,8.891309271760369,8.679293025436367,7.413906115642459,10.483500667889436,1.1910103679313384,8.289493624846022,8.018630263994488,6.9628148310776075,9.865341698450479,1.183565554353025,12.967884078570368,12.905524780867545,11.09838466336805,14.796168174171854,1.3286279759107542,3.2028951344600856,3.2208838414745964,2.66230433392678,3.5646479254917742,0.31877096947533345,1.6501000000000003,1.6501,1.6501,1.6501,0.0,9.999999999999998e-05,0.0001,0.0001,0.0001,4.135263320862086e-20,1.6501000000000003,1.6501,1.6501,1.6501,0.0,17.898179028226284,17.768160804861346,15.227663142579532,20.73040146957323,1.9812135948023608,1.6501000000000003,1.6501,1.6501,1.6501,0.0,268.86228464831714,266.1862632140277,261.9513752938829,280.9796552824473,8.642032525374075,53.07417362467922,51.865312120265,46.45003091736831,62.44131623892177,6.084923881488309,93.02377739040718,92.36258624828986,88.18590103482744,99.33249108437225,4.330880665958421,0.06434321740367414,0.06461271031871735,0.05569596406681494,0.0742595808052377,0.006813215768543334,9.548080662185434,9.403412773364442,8.96940910690147,10.1556857952336,0.6838496794955277,0.30000000000000004,0.3,0.3,0.3,0.0,0.0,0.0,0.0,0.0,0.0,0.0,0.0,0.0,0.0,0.0,0.0625,0.0625,0.0625,0.0625,0.0,0.0625,0.0625,0.0625,0.0625,0.0,335.97796,329.3216,308.0607,369.96814,31.99696786267788,1.0,1.0,1.0,1.0,0.0,0.0,0.0,0.0,0.0,0.0,0.0,0.0,0.0,0.0,0.0,4.726373860666892,4.58592566339739,3.7353699296368714,6.200353566925124,0.9780920635914249,5.206734792330957,4.991166811886336,4.092568166245253,6.794429173093981,1.0091125786044897,5.359905961704969,5.143890617387317,4.248926817677191,6.973981227303351,1.021948658430966,5.590760343445513,5.38075435074634,4.51091750010286,7.287960399600958,1.0205214444473247,6.0414757084182025,5.901388397515014,4.974269711749537,7.682737694937254,1.029200545255341,7.749992905248535,7.5246780227497645,6.33554673108399,9.547659658026998,1.2867736628906508,1.3000999999999998,1.3001,1.26146,1.33874,0.029342096392208514,0.0,0.0,0.0,0.0,0.0,0.0,0.0,0.0,0.0,0.0,0.0,0.0,0.0,0.0,0.0
Sweep_AmplitudeStep_7p5pct,7.5,PLL,Loop-based,fast,30,0.21832096845074966,0.16572815918940395,0.16154741564480424,0.3148853058133746,0.13525994193193483,0.16456558030209664,0.1475124880330815,0.1453950835678638,0.19420696533035625,0.0439554829233194,0.9503690854218309,0.536166508225211,0.27317661020217154,2.4225889314133466,0.9558975526251076,0.13213702973296818,0.07553590240801665,0.07041191071857267,0.2476716177817718,0.13997443947865174,0.022160000000000003,0.0015999999999999999,0.0,0.07108000000000003,0.03977531377886159,9.999999999999998e-05,0.0001,0.0001,0.0001,4.135263320862086e-20,0.01633,0.00145,0.0,0.055080000000000025,0.03438532315212208,0.5609766695010012,0.3741201952571316,0.35663081572358196,0.9372218186756717,0.4636557589992295,1.649016666666667,1.6491500000000001,1.6475000000000002,1.6501,0.0010167844288306825,176.62416310793932,174.07239258180772,173.90287642819757,185.0205006905288,5.47161670282706,121.62792014532583,121.60871622491072,121.52049860471665,121.75031968922286,0.10054857001917569,100.351171861314,99.77406919160143,96.45089107090438,105.17578772788433,3.3717914141571343,0.0041726370425776765,0.0019623311114597003,0.00025000063597253,0.01275804019687082,0.005176338162793414,9.239455832700653,8.96940910690147,8.390737551617502,9.895283595355815,1.2108155647588317,0.0,0.0,0.0,0.0,0.0,0.0,0.0,0.0,0.0,0.0,0.0,0.0,0.0,0.0,0.0,0.0625,0.0625,0.0625,0.0625,0.0,0.0625,0.0625,0.0625,0.0625,0.0,350.7366066666667,318.69115,260.3733,386.1316,169.96309382389757,1.0,1.0,1.0,1.0,0.0,0.0,0.0,0.0,0.0,0.0,0.0,0.0,0.0,0.0,0.0,0.16165811310418274,0.1613619758116804,0.16114621607410842,0.16159683480466439,0.0015859654846807497,0.16786961119598842,0.16811873074968575,0.16604985066277553,0.16919136342057145,0.0011861112812137867,0.16382208765585995,0.16385089508917644,0.16338859580700618,0.16422679141987023,0.0003196110211072517,0.1626126080933081,0.16262022991442865,0.1623297532508277,0.16288570775843092,0.00020654483119999888,0.25516102369386356,0.25647360427973354,0.24398672671145857,0.2643703703198575,0.008231520077729721,0.16132874359522834,0.16132442623859922,0.1611506403757477,0.16150871075123716,0.00013569324059021427,1.2990166666666667,1.2988,1.25868,1.3387,0.029281794783570333,0.0,0.0,0.0,0.0,0.0,0.0,0.0,0.0,0.0,0.0,0.0,0.0,0.0,0.0,0.0
Sweep_AmplitudeStep_7p5pct,7.5,SOGI-FLL,Loop-based,fast,30,0.004775068496881783,0.0047577213790167,0.00413957093270505,0.00548714562212564,0.0005321263051651345,0.004280063074875273,0.00429874661603795,0.00394192356671153,0.0046188004860905005,0.0002569271345536854,0.017808832916995664,0.0178793487202888,0.0121910847920318,0.02345204384264569,0.00443812584305163,0.0020533451963548736,0.00203651304849725,0.0012082568002342701,0.0029616247508771,0.0007017377592861551,0.0,0.0,0.0,0.0,0.0,9.999999999999998e-05,0.0001,0.0001,0.0001,4.135263320862086e-20,0.0,0.0,0.0,0.0,0.0,0.010440098663940054,0.0104090808493746,0.00758887551589654,0.013504112274641291,0.002360276988295532,0.0,0.0,0.0,0.0,0.0,0.48757921326962145,0.4837249511346897,0.3095103189405534,0.6800656335990141,0.13717445775077053,0.07407312024807869,0.0775513641370437,0.05735148535963723,0.09056776651190242,0.012884624920653613,35.84682928881806,35.70832219611883,31.29534767054475,41.71754264467908,3.9437528382363607,8.290015949149523e-05,8.082844508661884e-05,4.102350091477488e-05,0.00012077608611579,2.9491429239448167e-05,9.027276262429865,8.680073329259486,7.522730218691553,11.370896061329928,1.460382378066678,0.0,0.0,0.0,0.0,0.0,1.0,1.0,1.0,1.0,0.0,1.0,1.0,1.0,1.0,0.0,0.0625,0.0625,0.0625,0.0625,0.0,0.0625,0.0625,0.0625,0.0625,0.0,302.81812333333335,308.0607,260.3733,331.3183,31.2244806218883,1.0,1.0,1.0,1.0,0.0,0.0,0.0,0.0,0.0,0.0,0.0,0.0,0.0,0.0,0.0,0.003633779981393107,0.00361761947290465,0.00350176140238118,0.00378701078926529,0.00012522741123847128,0.004143159378611013,0.00334964674559775,0.00163855528396201,0.0075705797260015905,0.002340934150608901,0.0046961805529550935,0.003923989703873,0.00220287618950992,0.008104755342597521,0.002371449751426894,0.006252845585414964,0.006229313413952799,0.00576872597977288,0.0067570468089529,0.0004054085669222373,0.008869743811858604,0.0091040746760278,0.006948782290053371,0.01038978994372284,0.0013200847769989693,0.0036574195543979194,0.00365703403434225,0.00363398553560098,0.00370500491326027,4.2974812578311494e-05,0.0,0.0,0.0,0.0,0.0,0.0,0.0,0.0,0.0,0.0,0.0,0.0,0.0,0.0,0.0,0.0,0.0,0.0,0.0,0.0
Sweep_AmplitudeStep_7p5pct,7.5,SOGI-PLL,Loop-based,fast,30,0.016757072122927815,0.0156815324821918,0.0047598431826908205,0.027328009109042564,0.010876442148697775,0.006054245192771787,0.00566195858097545,0.00270210990365917,0.009415287098569109,0.0029664427025690456,0.10334670161069488,0.0832427670048119,0.030518693143577674,0.13988551660757478,0.12177567484756759,0.015570709354511568,0.0146236541106227,0.003916030440006461,0.02565473913480655,0.010547718952566981,0.00016333333333333334,0.0,0.0,0.0,0.0008946135105917708,9.999999999999998e-05,0.0001,0.0001,0.0001,4.135263320862086e-20,0.00016333333333333334,0.0,0.0,0.0,0.0008946135105917708,0.05276637325630662,0.04953292091284365,0.014450201223678672,0.08637950450298897,0.034589532054126286,0.0005266666666666667,0.0,0.0,0.0,0.002884672136193875,5.617535446318082,4.9087061852226554,2.7113752049174877,6.326691436708387,5.508271917031407,1.516788398185134,1.4498480349652783,1.3574558092795466,1.5301217495623627,0.4268075150177732,62.0811864114165,61.07629273949874,57.63946509118332,67.79189963013354,3.8143620736302166,0.00043401629218773653,0.00030563066170850005,6.633968026548893e-05,0.0004654707159809401,0.0007158924248622233,8.844030269923275,8.680073329259486,8.10140177397552,9.837416439827418,0.6992252623140351,0.0,0.0,0.0,0.0,0.0,0.5,0.5,0.0,1.0,0.5085476277156078,0.9666666666666667,1.0,1.0,1.0,0.1825741858350553,0.0625,0.0625,0.0625,0.0625,0.0,0.0625,0.0625,0.0625,0.0625,0.0,313.96477666666664,308.0607,260.3733,351.17696,42.49250669030939,1.0,1.0,1.0,1.0,0.0,0.0,0.0,0.0,0.0,0.0,0.0,0.0,0.0,0.0,0.0,0.00203760516610637,0.00185914387359755,0.00177915937329499,0.00216696332898525,0.0006327388712142118,0.016771085941289555,0.0178907460038846,0.00441990219842429,0.029766500353933308,0.009742257900056868,0.010332094416495597,0.010941519610401601,0.0030243122791232604,0.01814023144614478,0.005789175859323666,0.007917250118146353,0.0083427327579443,0.00247866955541334,0.01377535076353207,0.0043170632129347205,0.02794675379986387,0.03045090464295435,0.00835145642159313,0.04809511846670415,0.015478793563763908,0.0018050261694625867,0.0018010240671209,0.00177549013865884,0.00184224326405004,2.8531769819733328e-05,0.0,0.0,0.0,0.0,0.0,0.0,0.0,0.0,0.0,0.0,0.0,0.0,0.0,0.0,0.0,0.0,0.0,0.0,0.0,0.0
Sweep_AmplitudeStep_7p5pct,7.5,Type-3 SOGI-PLL,Loop-based,fast,30,0.03220055444520487,0.0245429277211199,0.00566950203219484,0.0641377377505074,0.027576628608304003,0.009276808906616871,0.0075341628324130504,0.00331260552121857,0.016264108185346782,0.006095872864081116,0.2876330599334125,0.22016884348823135,0.04486969297065848,0.5800581512126273,0.2521720659048721,0.030720955836670633,0.023357809078733,0.00459934792361985,0.062041311586986794,0.027029482288301716,0.002373333333333333,0.0,0.0,0.005890000000000007,0.0068741361003719454,9.999999999999998e-05,0.0001,0.0001,0.0001,4.135263320862086e-20,0.002373333333333333,0.0,0.0,0.005890000000000007,0.0068741361003719454,0.10143967641662893,0.0776075900686121,0.017110649292078412,0.20238804294630716,0.08718325525560218,0.015443333333333333,0.0032500000000000003,0.0,0.04317,0.020078598716961833,7.2233396889510955,5.461354883582459,3.5771384500709047,11.844064364536779,4.314025733671798,2.21903562589971,2.062778455574643,1.9947346417980203,2.549087319835281,0.34539147575944096,65.45547634521095,64.48356252287488,61.12752260744764,70.27985042185486,3.4356174982808847,0.0016902313377385064,0.00134355769046285,0.00018806308892177002,0.0034903920146802507,0.001484098437597165,9.769904758377619,9.25874488454345,8.680073329259486,12.15210266096328,1.352168274674859,0.0,0.0,0.0,0.0,0.0,0.3333333333333333,0.0,0.0,1.0,0.47946330148538413,0.8,1.0,0.0,1.0,0.4068381021724863,0.0625,0.0625,0.0625,0.0625,0.0,0.0625,0.0625,0.0625,0.0625,0.0,326.5176599999999,329.3216,305.7763,368.1722,31.083821751966088,1.0,1.0,1.0,1.0,0.0,0.0,0.0,0.0,0.0,0.0,0.0,0.0,0.0,0.0,0.0,0.0027031898267229734,0.0026461959098807,0.00261008675097097,0.00271734863862707,0.00023361742081911822,0.013115835589471058,0.012044906312427,0.00577877027210714,0.02332701522376691,0.006785483368709964,0.009184360955444311,0.00815008824302745,0.00435029749387061,0.015364496239704671,0.004093681056077202,0.007071210031681331,0.0063456555476455005,0.00359517359250421,0.01152317695742836,0.0029572570401825084,0.02001752826865106,0.018020818517005148,0.01225277753068354,0.031573669829975795,0.007379481299721487,0.0026298841416408604,0.0026265415589994,0.00261356758517304,0.0026501828504225597,1.663465874741049e-05,0.0,0.0,0.0,0.0,0.0,0.0,0.0,0.0,0.0,0.0,0.0,0.0,0.0,0.0,0.0,0.0,0.0,0.0,0.0,0.0
Sweep_AmplitudeStep_7p5pct,7.5,ZCD,Loop-based,fast,30,0.012769010577178748,0.012345859210038099,0.00663329994972447,0.01850425189414288,0.004503697157705146,0.010181405264136658,0.0097035666755982,0.0051987638527680995,0.01489555591781245,0.003612425904074239,0.035912062713160914,0.03686234418876915,0.019012578530990948,0.05154074615945843,0.013661850743015649,0.007695817791983807,0.0075453934312731,0.00411855315881746,0.011301914824318731,0.002720335568194204,0.0,0.0,0.0,0.0,0.0,9.999999999999998e-05,0.0001,0.0001,0.0001,4.135263320862086e-20,0.0,0.0,0.0,0.0,0.0,0.03326885864008821,0.03257246224206805,0.01755442332922051,0.0491567293344338,0.011718999525444838,0.0,0.0,0.0,0.0,0.0,88.41605585895823,84.73974080610347,42.6097492062496,132.54774889879073,32.528496401910424,12.07234661976542,11.500525739051483,6.208779774099308,17.611066630550436,4.259799761468712,79.69788755018836,79.60024550094775,79.05708220606795,80.68594774823084,0.7071006307274823,0.0018443137077949368,0.001617611478687,0.00084805839838621,0.003072947598139821,0.001130588676935598,4.291814035022745,4.340036664629743,3.761365109345777,4.629372442271725,0.3488894007854412,16.699999999999996,16.7,16.7,16.7,7.226896453227138e-15,0.9666666666666667,1.0,1.0,1.0,0.1825741858350553,1.0,1.0,1.0,1.0,0.0,0.0625,0.0625,0.0625,0.0625,0.0,0.0625,0.0625,0.0625,0.0625,0.0,175.77946999999995,164.6882,116.4554,232.8914,41.273020005193096,1.0,1.0,1.0,1.0,0.0,0.0,0.0,0.0,0.0,0.0,0.0,0.0,0.0,0.0,0.0,0.013196380604745934,0.009781870133885099,0.00461844382826642,0.023542285242077573,0.008194980470828048,0.010705501683892081,0.006831132396736149,0.00321589350053435,0.022176503176989715,0.008861109737879836,0.011475908428508224,0.01076285975804785,0.00441819460072539,0.019603078562307693,0.006263953015947908,0.01223625959939073,0.0126473695734995,0.00467029541891017,0.020022285704828034,0.006865873124324319,0.02010554454325747,0.0181464595049689,0.00781821378232052,0.037714818959620526,0.011356804170185754,0.012607204464357858,0.01244915409044295,0.0063419478725639505,0.018303983701649904,0.005324150655033323,0.0,0.0,0.0,0.0,0.0,0.0,0.0,0.0,0.0,0.0,0.0,0.0,0.0,0.0,0.0,0.0,0.0,0.0,0.0,0.0
Sweep_AmplitudeStep_7p5pct,7.5,EKF,Model-based,fast,30,0.0028171545014658577,0.00265884670236225,0.00025024093019864,0.00560169568510333,0.0020374556351220817,0.001118411978098137,0.0010689574654146501,0.00015422627759931003,0.00216776796279555,0.0007702262267700846,0.012383238538208446,0.0116983384742823,0.0012958741231905101,0.02462926541514171,0.00894912518074742,0.0025841099688219235,0.00243447596043785,0.00019701351982736,0.00516419515482043,0.0018884223278215367,0.0,0.0,0.0,0.0,0.0,9.999999999999998e-05,0.0001,0.0001,0.0001,4.135263320862086e-20,0.0,0.0,0.0,0.0,0.0,0.008870741884564054,0.00837238534672835,0.00074526683708149,0.01766299151389828,0.006435086982504691,0.0,0.0,0.0,0.0,0.0,0.08375538805083235,0.07435070108918745,0.05358525342558093,0.12715426209908287,0.027584278305102836,0.02171588981710253,0.020584909492669348,0.00997913040155796,0.03642225812086376,0.010327542164426134,23.82524168746045,24.27388895245334,16.52461381147739,30.91288746401543,5.127783695413473,7.291071144538837e-05,7.020830507767063e-05,4.856283536380852e-06,0.00014260616856895001,5.345089014801234e-05,11.67952089081471,11.284095328037331,9.837416439827418,13.945984482343572,1.706638543708743,0.0,0.0,0.0,0.0,0.0,1.0,1.0,1.0,1.0,0.0,1.0,1.0,1.0,1.0,0.0,0.0625,0.0625,0.0625,0.0625,0.0,0.0625,0.0625,0.0625,0.0625,0.0,362.5404133333333,349.2886,308.0607,421.32919000000004,43.78401879520799,1.0,1.0,1.0,1.0,0.0,0.0,0.0,0.0,0.0,0.0,0.0,0.0,0.0,0.0,0.0,0.0011539252299904447,0.0011191751298248,9.739614308540888e-05,0.0025440237833947305,0.0009375172656986913,0.0007858732695716635,0.0005721223412986,0.00025882982074106005,0.0015002404790233404,0.0005626676991861336,0.0008235544059667,0.0007486513108327,0.00024024894233236002,0.0015971941378979102,0.000555160032385513,0.0006462988347804315,0.00057318403037355,0.00017875032945799003,0.0012596415172314002,0.00043623058127270793,0.0011106681612673135,0.0009678590891475,0.00038601394501321004,0.0018765710137728002,0.0005838361126674244,0.00018166713248576435,0.00018587864386895002,8.757282778502971e-05,0.00029190802716668005,8.061669954352428e-05,0.0,0.0,0.0,0.0,0.0,0.0,0.0,0.0,0.0,0.0,0.0,0.0,0.0,0.0,0.0,0.0,0.0,0.0,0.0,0.0
Sweep_AmplitudeStep_7p5pct,7.5,LKF,Model-based,fast,30,0.00397624506433411,0.00397570734100825,0.00387373115566268,0.00405839154347502,7.25930894737099e-05,0.0035241743019126305,0.00352280622929045,0.0034537822652255298,0.0035820130240204,5.263951205624617e-05,0.011131725374529777,0.0106068758481896,0.009046054396030451,0.014308229735363569,0.002245406844883763,0.001841032883323417,0.0018494307539779998,0.00174676003899744,0.00191651877895986,6.214916176663793e-05,0.0,0.0,0.0,0.0,0.0,9.999999999999998e-05,0.0001,0.0001,0.0001,4.135263320862086e-20,0.0,0.0,0.0,0.0,0.0,0.009047272951883014,0.00911583345392185,0.00869206427593403,0.0093187048830748,0.00023268426566166667,0.0,0.0,0.0,0.0,0.0,5.396953976778936,5.396033481064322,5.391373036397695,5.4047031054764725,0.0054863174192367305,2.9615250716343877,2.960718471283641,2.9601037174690723,2.964125779121418,0.00159316068251296,68.08095482074577,67.4914094195548,64.17806326889401,72.90926547138879,3.371165652874813,4.464139964421416e-05,4.729281647184265e-05,2.073416973172708e-05,6.348520475678852e-05,1.8768409619041618e-05,14.553589615391736,15.045460437383106,10.1267522174694,18.806825546728888,3.160530726119607,7.900000000000002,7.9,7.9,7.9,3.613448226613569e-15,1.0,1.0,1.0,1.0,0.0,1.0,1.0,1.0,1.0,0.0,0.0625,0.0625,0.0625,0.0625,0.0,0.0625,0.0625,0.0625,0.0625,0.0,394.09412000000003,394.71085,308.0607,465.6275,61.96726347822917,1.0,1.0,1.0,1.0,0.0,0.0,0.0,0.0,0.0,0.0,0.0,0.0,0.0,0.0,0.0,0.0038801113082998235,0.00388369286394675,0.00386096764247101,0.00390030545951814,1.9970384926256847e-05,0.00538826638926442,0.0050067923833325995,0.00409116360242559,0.00734264752318304,0.0011501249717982807,0.004553624286067499,0.0043800020195936505,0.00397646660129739,0.00558692946066768,0.0005498761306884075,0.004271532249133326,0.004170309215853,0.00395369608085993,0.00486634227763571,0.0003164304621304432,0.010100721496600752,0.0097328300012051,0.00716045822053382,0.01425321742250028,0.0024483022945814216,0.003928681500111077,0.00392787227837715,0.00392481398617828,0.00393171427059424,3.136607499101469e-06,0.0,0.0,0.0,0.0,0.0,0.0,0.0,0.0,0.0,0.0,0.0,0.0,0.0,0.0,0.0,0.0,0.0,0.0,0.0,0.0
Sweep_AmplitudeStep_7p5pct,7.5,LKF2,Model-based,fast,30,0.005562525647974347,0.00358230349349155,0.0010628693030835898,0.012491819548439871,0.0043141172314590985,0.0017504797763079935,0.0012715410470008999,0.00056317145502068,0.00350012213421603,0.0010955964527218963,0.037740853407746244,0.024318363034787148,0.008862665223186619,0.08100433413324944,0.030346160620965578,0.00526837922817852,0.0033603658459489,0.00090139252529292,0.011970219554233911,0.004187739800414477,0.0,0.0,0.0,0.0,0.0,9.999999999999998e-05,0.0001,0.0001,0.0001,4.135263320862086e-20,0.0,0.0,0.0,0.0,0.0,0.017555617460843744,0.01132236765239295,0.0032673490308994598,0.03948207392100628,0.013656325803680683,0.0,0.0,0.0,0.0,0.0,2.153412088831056,2.114970939466332,1.7800810783459298,2.5412371634718767,0.35108833335055994,0.5912572790752636,0.5706414255976782,0.4919936483061182,0.7054306910798646,0.08656285736614745,53.98889324815669,53.27807256082972,51.28401335913286,57.289020878770295,2.577390258916554,0.00021448481351998803,0.00013353932740054999,5.164379084193619e-05,0.00046877326019817,0.00018394377070290538,15.788088933330865,15.913467770309056,12.586106327426254,18.5464233468511,2.593116739126864,0.0,0.0,0.0,0.0,0.0,1.0,1.0,1.0,1.0,0.0,1.0,1.0,1.0,1.0,0.0,0.0625,0.0625,0.0625,0.0625,0.0,0.0625,0.0625,0.0625,0.0625,0.0,430.89541,443.21659999999997,366.28384,479.9445,48.20336088857327,1.0,1.0,1.0,1.0,0.0,0.0,0.0,0.0,0.0,0.0,0.0,0.0,0.0,0.0,0.0,0.0006759483510372847,0.00041784571716434995,0.00011577530195718472,0.0017199284674732202,0.0006569193073465926,0.004810359054818517,0.0046921892963377,0.00296909249474851,0.006828931487725579,0.0015180829939244024,0.003571397221601646,0.00344978579581115,0.0023466690757966203,0.004943933559773,0.0010158968045425921,0.0027491585333309664,0.00264471746485985,0.00191721976964267,0.0037108049711716204,0.0006842912195383538,0.007657036259126163,0.0073443633415841,0.00521703718738273,0.01039420262202382,0.0019944097659989886,0.0008165145063282367,0.00081593536878075,0.00073244719574704,0.00093210016589556,6.774749363562577e-05,0.0,0.0,0.0,0.0,0.0,0.0,0.0,0.0,0.0,0.0,0.0,0.0,0.0,0.0,0.0,0.0,0.0,0.0,0.0,0.0
Sweep_AmplitudeStep_7p5pct,7.5,RA-EKF,Model-based,fast,30,0.0006527545395100566,0.0004668261885354,0.00041427145858925003,0.0011369075288153103,0.0003842410318922593,0.0003856061601960001,0.0002861695570356,0.00025607683506393,0.0006888524003549101,0.00021115108437420036,0.004160188507511193,0.003028151681196,0.00269012407057613,0.007447408347572033,0.002507621586425891,0.0005262743296629367,0.00037110155939459996,0.00032619165257977996,0.0009042138171515202,0.00032171879747370326,0.0,0.0,0.0,0.0,0.0,9.999999999999998e-05,0.0001,0.0001,0.0001,4.135263320862086e-20,0.0,0.0,0.0,0.0,0.0,0.001964429149184973,0.0013963968400435,0.00123776693678005,0.003401493851809681,0.0011755701220555652,0.0,0.0,0.0,0.0,0.0,1.5459728589680328,1.5395161598430462,1.506554512491931,1.5962018232809072,0.03777828698562914,0.3045223106226225,0.30427519722620944,0.3005367197250221,0.30947142885782325,0.003926812761448306,48.322055081437924,47.703185221019346,44.568783930197135,52.95917016765852,3.3296571223684768,1.2653361174835635e-05,6.4195434345705715e-06,3.4732867239727213e-06,2.95508160971886e-05,1.5420108480069174e-05,14.032785215636169,13.598781549173191,12.441438438605262,15.363729792789291,2.1176723650036458,0.0,0.0,0.0,0.0,0.0,1.0,1.0,1.0,1.0,0.0,1.0,1.0,1.0,1.0,0.0,0.0625,0.0625,0.0625,0.0625,0.0,0.0625,0.0625,0.0625,0.0625,0.0,412.5780699999999,419.7459,347.2919,465.6275,49.28124106846722,1.0,1.0,1.0,1.0,0.0,0.0,0.0,0.0,0.0,0.0,0.0,0.0,0.0,0.0,0.0,0.0007267765636445568,0.0004328451877891,0.00028081403669212,0.0013346118189403006,0.0006984185052950436,0.0008911168490453265,0.00068092150780345,0.00033474346667746005,0.0017225986435267702,0.0006475792359218052,0.0007790218315111032,0.00057704338951605,0.00028242836145334,0.0015172517781754703,0.000586343344585775,0.0006648385119545201,0.00048201138979245,0.00025400464366815003,0.0013042873795868902,0.000508392604810105,0.0013219460379516564,0.0010874470166406,0.00064819212133491,0.00224702717957106,0.000728029488166194,0.00021737231023622334,0.00019077450437670002,0.00016447902244889,0.00027438843862287004,9.035319472374469e-05,0.0,0.0,0.0,0.0,0.0,0.0,0.0,0.0,0.0,0.0,0.0,0.0,0.0,0.0,0.0,0.0,0.0,0.0,0.0,0.0
Sweep_AmplitudeStep_7p5pct,7.5,UKF,Model-based,fast,30,0.0012410621903018633,0.00108903047776405,0.00044954947959034003,0.0023888094270681903,0.0007146472152730142,0.0004606025726267767,0.00040846990419435,0.00020583041819669,0.00078201147811241,0.0002140142847854715,0.00794373266474621,0.007063994809893601,0.00257656035958992,0.0156254297841378,0.004777529334232185,0.0011499047148758766,0.0010207244363482498,0.00039943374897537004,0.0022562600491174904,0.0006862348705129947,0.0,0.0,0.0,0.0,0.0,9.999999999999998e-05,0.0001,0.0001,0.0001,4.135263320862086e-20,0.0,0.0,0.0,0.0,0.0,0.003910316717254557,0.00343995572001085,0.0014041316651229802,0.007553544639020751,0.0022701211775093162,0.0,0.0,0.0,0.0,0.0,0.2588563718782429,0.25589445987073134,0.24972749040230724,0.27009024436175366,0.008602175335084873,0.05463588295209142,0.0529932860640556,0.05151898456066016,0.06046472047868579,0.003453111312527831,33.343168148379974,32.48531487947442,29.484223274546366,37.88290115295112,3.4371696863268246,4.725376714404979e-05,4.142384048600149e-05,1.6910631856600295e-05,9.315717798091573e-05,2.899315647392915e-05,12.836864001382638,12.730774216247244,10.676490194989166,15.913467770309056,1.8972762163849075,0.0,0.0,0.0,0.0,0.0,1.0,1.0,1.0,1.0,0.0,1.0,1.0,1.0,1.0,0.0,0.0625,0.0625,0.0625,0.0625,0.0,0.0625,0.0625,0.0625,0.0625,0.0,393.43183000000005,386.1316,347.2919,465.6275,50.13555883855875,1.0,1.0,1.0,1.0,0.0,0.0,0.0,0.0,0.0,0.0,0.0,0.0,0.0,0.0,0.0,0.00012448902552573198,0.0001171018091366,4.786349083559595e-05,0.00021936237175013,7.424923971372387e-05,0.0009497857665125933,0.0010494474683685,0.00036553844646371,0.00140268581832707,0.00040893693523758897,0.0009192794814718866,0.00097401306585645,0.00029906605904244,0.00136927592854213,0.00040530838232685627,0.0006979914404995833,0.0007411897711516,0.00026655736449471,0.0010287209454405203,0.00029227484500605116,0.001461060848439593,0.0015677743691887998,0.00069516199861249,0.0020491625095302697,0.0005293183266114279,0.00020777205215491624,0.00020341874704820002,9.526857129126618e-05,0.00033048622480739005,9.1091490617226e-05,0.0,0.0,0.0,0.0,0.0,0.0,0.0,0.0,0.0,0.0,0.0,0.0,0.0,0.0,0.0,0.0,0.0,0.0,0.0,0.0
Sweep_AmplitudeStep_7p5pct,7.5,IPDFT,Window-based,fast,30,0.0012016576714514802,0.00130747038802675,0.00059034655696356,0.00173044198162133,0.00047830048294196867,0.0005303118823416867,0.00053228851452465,0.0003450023431852,0.0007159771916678201,0.00015927889442468934,0.009772689243592418,0.01055969304710655,0.00249428161505202,0.01467592919401991,0.004440427598097111,0.0010674392975223899,0.0011647175932422,0.00035751397358587,0.0015940464578671,0.00047700070030799643,0.0,0.0,0.0,0.0,0.0,9.999999999999998e-05,0.0001,0.0001,0.0001,4.135263320862086e-20,0.0,0.0,0.0,0.0,0.0,0.003732629774909003,0.00410296099957755,0.00154223126624954,0.005459003761681891,0.0015598722895288398,0.0,0.0,0.0,0.0,0.0,0.8053416446056616,0.8920698360626034,0.2373792564611676,1.1844822221735996,0.35408713660845426,0.10659427765293449,0.11633954984903845,0.04959676955736116,0.15333242897515906,0.0412847351874784,38.38986253830795,38.53449355636576,31.763617286680443,43.93615482158616,4.705589298449649,5.421184460473488e-05,5.243909489135282e-05,2.744963370570073e-05,7.450231400808697e-05,1.9999054202645806e-05,10.367865365504384,9.837416439827418,9.25874488454345,12.49930559413366,1.3929695606045924,66.59999999999998,66.60000000000001,66.60000000000001,66.60000000000001,4.336137871936283e-14,1.0,1.0,1.0,1.0,0.0,1.0,1.0,1.0,1.0,0.0,0.0625,0.0625,0.0625,0.0625,0.0,0.0625,0.0625,0.0625,0.0625,0.0,357.8152233333333,349.2886,308.0607,387.84745000000004,35.14604346908506,1.0,1.0,1.0,1.0,0.0,0.0,0.0,0.0,0.0,0.0,0.0,0.0,0.0,0.0,0.0,0.0004116804330346666,0.00034760632201825,0.00021914911805248,0.0006276953235985201,0.00019386086538357878,0.0012407060990064231,0.00122739805759395,0.00048320993048171003,0.00207420806692708,0.000599932374494473,0.005412259773800491,0.0058420050339421,0.00135018296564107,0.00818260782438281,0.0024693772619186673,0.004500043907232107,0.004980542159497401,0.00106679840813725,0.0067352838982259,0.0020905710571809326,0.009772689243592418,0.01055969304710655,0.00249428161505202,0.01467592919401991,0.004440427598097111,0.00040193190285690004,0.00038578153384375,0.00025995291193582,0.0005719378234245701,0.00013694403388788426,0.0,0.0,0.0,0.0,0.0,0.0,0.0,0.0,0.0,0.0,0.0,0.0,0.0,0.0,0.0,0.0,0.0,0.0,0.0,0.0
Sweep_AmplitudeStep_7p5pct,7.5,TFT,Window-based,fast,30,0.0008797672622873968,0.00090178230014365,0.00051047190440218,0.0012080860732311901,0.0002603056919958422,0.00036076055117729663,0.0003524749520729,0.00022914407264198,0.0005263335842462001,0.00011402442941167541,0.011219663936866396,0.01296990119942265,0.00353217496726184,0.01693511416181077,0.0052008493141315676,0.0007980259741439966,0.0008368576527469,0.00042720734276353005,0.0011058135837614,0.0002489890700864493,0.0,0.0,0.0,0.0,0.0,9.999999999999998e-05,0.0001,0.0001,0.0001,4.135263320862086e-20,0.0,0.0,0.0,0.0,0.0,0.002754838473609433,0.00284474632580005,0.0015410768998077,0.00381390570438084,0.0008325101697075558,0.0,0.0,0.0,0.0,0.0,0.7384240576531198,0.8050896917755068,0.20661235404517697,1.11140197415871,0.342179821651372,0.08429020800835599,0.09344469066130939,0.03059331469806862,0.12003265788943902,0.03286210908068493,36.2664865110502,35.941099246349104,29.55031788456602,42.183726029032535,5.3223797242916335,6.485522825900778e-05,7.287792759479077e-05,1.7295871589944023e-05,9.890611896897144e-05,3.0846158426211734e-05,13.907406378657978,13.743449437994183,13.020109993889228,15.363729792789291,0.9488282782783983,83.30000000000003,83.3,83.3,83.3,1.4453792906454277e-14,1.0,1.0,1.0,1.0,0.0,1.0,1.0,1.0,1.0,0.0,0.0625,0.0625,0.0625,0.0625,0.0,0.0625,0.0625,0.0625,0.0625,0.0,374.77566,368.1722,347.2919,419.7459,31.550768708200206,1.0,1.0,1.0,1.0,0.0,0.0,0.0,0.0,0.0,0.0,0.0,0.0,0.0,0.0,0.0,0.00022998976694696578,0.0002111036600714,9.261617726634804e-05,0.00034045179404000017,0.00014043130611715663,0.00051237682154139,0.0005035159179365501,0.00016468672224305,0.0008266347827315,0.00024329573324606899,0.0019209195547722463,0.0020595735980274,0.0006218456393806101,0.0029668751164875903,0.0009088758331073509,0.0018554887507901535,0.00202124504245625,0.00056459368026076,0.0028196116165611403,0.0008730600154840387,0.0029901135682755832,0.0033169293120138,0.0010060896009320601,0.00453042294676173,0.0013935069224063474,0.0002229793871391847,0.00019812726854475,0.00014518621636239,0.00034116383824424004,8.694757877848226e-05,0.0,0.0,0.0,0.0,0.0,0.0,0.0,0.0,0.0,0.0,0.0,0.0,0.0,0.0,0.0,0.0,0.0,0.0,0.0,0.0
Sweep_AmplitudeStep_10pct,10.0,RLS,Adaptive,fast,30,0.5660762453347142,0.5993139604786759,0.21080651492076805,0.8245534590112483,0.26836331364375243,0.33598305157538566,0.2844762742926185,0.1508404983215787,0.6429964135449705,0.19599798754973907,2.4602587230674997,2.620067387894995,0.6735218057509997,3.9658405807449952,1.2412470966741527,0.43186848882448,0.4393207003078149,0.1038521606596413,0.7137348630717731,0.23532262820448238,0.33642333333333324,0.22099999999999997,0.05409000000000001,1.0175900000000004,0.38512044840751986,9.999999999999998e-05,0.0001,0.0001,0.0001,4.135263320862086e-20,0.19555000000000003,0.1624,0.04084000000000001,0.30957000000000023,0.18989794491452144,1.6315885180488257,1.7689589489064383,0.5634297107756664,2.5002241445796556,0.8141162551247269,1.08083,1.10305,0.51129,1.6501,0.5453929327905991,136.60421840941277,197.63119971911715,20.35032425693295,204.91849643054928,79.91908283809347,17.530766862465963,20.275354788185943,7.502332053715817,24.748907989781998,7.2957716926954195,82.36072210541995,82.5928647193467,74.27518528116335,87.26530158301472,5.227340920486682,0.009748077220955057,0.0091625144554029,0.00358081406242773,0.014818515280593421,0.004984213850497874,13.608426075094595,13.598781549173191,13.280512193767015,14.17745310445716,0.41951680823002346,0.0,0.0,0.0,0.0,0.0,0.0,0.0,0.0,0.0,0.0,0.0,0.0,0.0,0.0,0.0,0.0625,0.0625,0.0625,0.0625,0.0,0.0625,0.0625,0.0625,0.0625,0.0,412.26828666666665,419.7459,349.2886,450.8544,35.994773719400584,1.0,1.0,1.0,1.0,0.0,0.0,0.0,0.0,0.0,0.0,0.0,0.0,0.0,0.0,0.0,0.2814363536694602,0.11830305189930486,0.022671444414604402,0.7619524890868787,0.34565416968324664,1.313815236166716,1.4466311975190336,0.24950560545004133,1.9282194341335475,0.7136768609551872,1.9562477600505324,2.1414485371025083,0.24280502285021727,3.2604949623908235,1.1633151807823703,1.7614786779074343,1.8838410890592374,0.23114597940329598,3.036273246553856,1.0662703951616046,2.335815775897202,2.620067387894995,0.2640621663886066,3.9658405807449952,1.4100358151180894,0.27463395400619484,0.26837141311401935,0.11797263078104009,0.4377087082834809,0.1372896742528129,0.7466533333333333,0.7780499999999999,0.18926,1.3157699999999999,0.5177173924418433,0.0,0.0,0.0,0.0,0.0,0.0,0.0,0.0,0.0,0.0,0.0,0.0,0.0,0.0,0.0
Sweep_AmplitudeStep_10pct,10.0,TKEO,Adaptive,fast,30,8.9537343854033,8.761310508513962,7.561318951423883,10.576406252046894,1.1839735534927898,8.343994016040025,8.063549213736662,7.013085603483618,9.88475559121141,1.1773149378175651,13.035455529919151,12.869684076895027,11.315416449282774,14.878551623449757,1.3190635763816125,3.2342238637611027,3.270838969547964,2.7272181678706904,3.6435974747238133,0.3250222048591293,1.6501000000000003,1.6501,1.6501,1.6501,0.0,9.999999999999998e-05,0.0001,0.0001,0.0001,4.135263320862086e-20,1.6501000000000003,1.6501,1.6501,1.6501,0.0,18.046665607323334,17.930732569949225,15.463915454549245,20.67039047331838,1.9779322957191192,1.6501000000000003,1.6501,1.6501,1.6501,0.0,268.37931122972,265.581681933984,261.3383649072034,284.20108447883763,8.531854755851308,53.28730841766804,52.15101242394643,46.635933085949446,62.873562713690774,6.1270649407247175,93.0579068295525,92.33290296997342,88.2195044613274,99.4008487829356,4.335224012590113,0.06465710922647899,0.0635903582950719,0.056366669100479445,0.07482436868752086,0.006960732310301892,8.303936818324907,8.10140177397552,7.812065996333536,8.96940910690147,0.5161833489494254,0.30000000000000004,0.3,0.3,0.3,0.0,0.0,0.0,0.0,0.0,0.0,0.0,0.0,0.0,0.0,0.0,0.0625,0.0625,0.0625,0.0625,0.0,0.0625,0.0625,0.0625,0.0625,0.0,309.4934,308.0607,260.3733,349.2886,30.862883121639815,1.0,1.0,1.0,1.0,0.0,0.0,0.0,0.0,0.0,0.0,0.0,0.0,0.0,0.0,0.0,4.726373860666892,4.58592566339739,3.7353699296368714,6.200353566925124,0.9780920635914249,5.206865880466265,4.993720813259904,4.1115756300512105,6.7917867231317635,1.0077479963550995,5.365737769030463,5.150947301362342,4.274272484497484,6.9655363591072454,1.0209209523137994,5.600744042601202,5.40045840390864,4.542061246430695,7.26975112659786,1.0234603356075447,6.063446974142791,5.944540547281832,4.99496636031036,7.655708767964278,1.03712769056283,7.817157260304196,7.569325663487287,6.427120498082242,9.516363495562231,1.2891721217153855,1.3000999999999998,1.3001,1.26146,1.33874,0.029342096392208514,0.0,0.0,0.0,0.0,0.0,0.0,0.0,0.0,0.0,0.0,0.0,0.0,0.0,0.0,0.0
Sweep_AmplitudeStep_10pct,10.0,PLL,Loop-based,fast,30,0.2183454256603063,0.16574624118233694,0.16157533004368194,0.3149026390452713,0.13525389838509536,0.16458755508313427,0.14752871938325976,0.14541657618696918,0.19423116993326572,0.04395453430894513,0.9507738132095931,0.536166508225211,0.27317661020217154,2.4225889314133466,0.9555907240914279,0.13215059228396042,0.0755438785809619,0.07043157415873641,0.24767462834609189,0.1399683880129645,0.022160000000000003,0.0015999999999999999,0.0,0.07108000000000003,0.03977531377886159,9.999999999999998e-05,0.0001,0.0001,0.0001,4.135263320862086e-20,0.01633,0.00145,0.0,0.055080000000000025,0.03438532315212208,0.5610393319350158,0.37416035512614554,0.35671129866317863,0.9372550549715416,0.4636367297570719,1.649016666666667,1.6491500000000001,1.6475000000000002,1.6501,0.0010167844288306825,176.7486798930816,174.086281898278,173.90587853498297,185.67315335007706,5.523680758742744,121.64520038474122,121.62744779504632,121.5377161190725,121.76878105323642,0.10065691939842443,100.35240585115275,99.77509657145518,96.45209307839635,105.1770338741699,3.3717970823694023,0.004182788080988747,0.0019553338965114502,0.00024588716445535,0.0127586979475054,0.005173674856390024,8.911541951373072,8.680073329259486,7.783132418569338,10.734357350517563,1.0373876949768484,0.0,0.0,0.0,0.0,0.0,0.0,0.0,0.0,0.0,0.0,0.0,0.0,0.0,0.0,0.0,0.0625,0.0625,0.0625,0.0625,0.0,0.0625,0.0625,0.0625,0.0625,0.0,308.68667,308.0607,232.8914,349.2886,43.97830024019408,1.0,1.0,1.0,1.0,0.0,0.0,0.0,0.0,0.0,0.0,0.0,0.0,0.0,0.0,0.0,0.16165811310418274,0.1613619758116804,0.16114621607410842,0.16159683480466439,0.0015859654846807497,0.17018216103976921,0.17046863506123716,0.16752581154610063,0.1720895278349359,0.0017057032828754592,0.16470365296908696,0.16478352080481465,0.16404923155531934,0.16522565716839058,0.0004539869270715474,0.16307021415162348,0.1630984250129476,0.162708540750726,0.16338512948748132,0.00027529773326095876,0.2640385701412583,0.2649287121784986,0.24907221390819312,0.276692523707328,0.010941077204280095,0.16132900005557094,0.16132441805728287,0.16115093333369734,0.1615093273294762,0.00013564245690012388,1.2990166666666667,1.2988,1.25868,1.3387,0.029281794783570333,0.0,0.0,0.0,0.0,0.0,0.0,0.0,0.0,0.0,0.0,0.0,0.0,0.0,0.0,0.0
Sweep_AmplitudeStep_10pct,10.0,SOGI-FLL,Loop-based,fast,30,0.004895800884128792,0.00484906625712585,0.0042604826553990695,0.005593806915244659,0.0005250448631637219,0.004357417230797671,0.00436103760954735,0.0040089459100474,0.00468391360547337,0.00026008583784827737,0.017808832916995664,0.0178793487202888,0.0121910847920318,0.02345204384264569,0.00443812584305163,0.002181430263803036,0.0021194963999816,0.0013891742442798001,0.00305541457381453,0.0006624692011503723,0.0,0.0,0.0,0.0,0.0,9.999999999999998e-05,0.0001,0.0001,0.0001,4.135263320862086e-20,0.0,0.0,0.0,0.0,0.0,0.010901708022206956,0.01071952680949235,0.00819516563799152,0.01385706390980565,0.0022442692684560422,0.0,0.0,0.0,0.0,0.0,0.5508421437750618,0.5502859198980303,0.3955998253371007,0.7137931389369356,0.12116403067540939,0.08850753741890234,0.08820676856894921,0.06902223703719944,0.1061815374401495,0.014513708491348993,37.427087978081964,37.32895292328705,33.210216871527464,43.657537726411974,3.9267720745483436,8.382542067260553e-05,8.362543497476461e-05,3.9689901144012044e-05,0.00012489016266811,3.164703960678731e-05,8.120690825818317,8.10140177397552,7.522730218691553,8.709006907023685,0.5369247425830794,0.0,0.0,0.0,0.0,0.0,1.0,1.0,1.0,1.0,0.0,1.0,1.0,1.0,1.0,0.0,0.0625,0.0625,0.0625,0.0625,0.0,0.0625,0.0625,0.0625,0.0625,0.0,300.10897666666665,308.0607,260.3733,349.2886,41.58120385549456,1.0,1.0,1.0,1.0,0.0,0.0,0.0,0.0,0.0,0.0,0.0,0.0,0.0,0.0,0.0,0.003633779981393107,0.00361761947290465,0.00350176140238118,0.00378701078926529,0.00012522741123847128,0.004744419720493881,0.0033919985338386,0.00214802059548409,0.0088397522926857,0.0027124859558210175,0.005404764190950303,0.0041319931904594005,0.00254487068036979,0.00952224899880931,0.0027819646345063976,0.00726731733216828,0.00726439718874085,0.00650555694008167,0.0081126657608744,0.0006182895116909408,0.010543760675708285,0.0108069806525392,0.00794380112179736,0.01264106940513867,0.001746084433848896,0.003685534354004027,0.00368464091744805,0.00366327469834606,0.00373322322422884,4.2413670866185136e-05,0.0,0.0,0.0,0.0,0.0,0.0,0.0,0.0,0.0,0.0,0.0,0.0,0.0,0.0,0.0,0.0,0.0,0.0,0.0,0.0
Sweep_AmplitudeStep_10pct,10.0,SOGI-PLL,Loop-based,fast,30,0.016904059776759368,0.01572101160877845,0.005184990196183191,0.02734400519543408,0.010800306662280268,0.006147717049777179,0.0057231398989299,0.0027527938427068304,0.00945578483319956,0.0029651917412038455,0.10527573127852176,0.0832427670048119,0.03863956259540865,0.13988551660757478,0.12084698426409562,0.015696485543918816,0.01464220868420815,0.004395387354186491,0.02565693783264404,0.010463348517281769,0.00016333333333333334,0.0,0.0,0.0,0.0008946135105917708,9.999999999999998e-05,0.0001,0.0001,0.0001,4.135263320862086e-20,0.00016333333333333334,0.0,0.0,0.0,0.0008946135105917708,0.053237173681533786,0.04964976595155455,0.01593191900750451,0.0864265983311318,0.03433090479216674,0.0005266666666666667,0.0,0.0,0.0,0.002884672136193875,6.686012088441255,6.296670242171842,2.9292800314841827,8.206517096441601,5.506798800443975,1.5651000269365056,1.5140888525716385,1.3596937596503433,1.6135081203345292,0.42265395526125166,62.360674114599156,61.19861123501198,57.72080045858548,68.24742773457679,3.8780289722860193,0.0004726934439659349,0.0003559503957879,8.383954571368788e-05,0.0005532318035837701,0.0007128339669863103,8.863319321766074,8.390737551617502,7.812065996333536,11.284095328037331,1.251957899356275,0.0,0.0,0.0,0.0,0.0,0.5,0.5,0.0,1.0,0.5085476277156078,0.9666666666666667,1.0,1.0,1.0,0.1825741858350553,0.0625,0.0625,0.0625,0.0625,0.0,0.0625,0.0625,0.0625,0.0625,0.0,320.7852299999999,329.3216,260.3733,368.1722,39.15072056223452,1.0,1.0,1.0,1.0,0.0,0.0,0.0,0.0,0.0,0.0,0.0,0.0,0.0,0.0,0.0,0.00203760516610637,0.00185914387359755,0.00177915937329499,0.00216696332898525,0.0006327388712142118,0.021839560411821318,0.02341920130236465,0.005284286798247171,0.03900975371235866,0.01283547224580596,0.013371641181274466,0.014281070493589301,0.0034916110259471003,0.02373500988540328,0.007682546781703823,0.010180588612901045,0.010831375300996,0.00276867143937542,0.01802846151682827,0.005779823611390675,0.0360706140517841,0.03947224252920375,0.009793398640370942,0.06270184045557341,0.020375806282435176,0.0018034517661073934,0.0017997868529963002,0.0017746087869816702,0.00183864996397809,2.71855738291518e-05,0.0,0.0,0.0,0.0,0.0,0.0,0.0,0.0,0.0,0.0,0.0,0.0,0.0,0.0,0.0,0.0,0.0,0.0,0.0,0.0
Sweep_AmplitudeStep_10pct,10.0,Type-3 SOGI-PLL,Loop-based,fast,30,0.03227357658305016,0.0245521826012353,0.00574720147011847,0.06414350027704392,0.027530162017122103,0.009355659939534187,0.0075681662782385,0.00341028834440858,0.016305268857955843,0.006090161253190592,0.2878544601930097,0.22016884348823135,0.04511520884683968,0.5800581512126273,0.251933135393116,0.03077543090743382,0.023356547598671153,0.00466879609851909,0.06203647338024245,0.02698123210547866,0.002373333333333333,0.0,0.0,0.005890000000000007,0.0068741361003719454,9.999999999999998e-05,0.0001,0.0001,0.0001,4.135263320862086e-20,0.002373333333333333,0.0,0.0,0.005890000000000007,0.0068741361003719454,0.10168195266183579,0.07763780907425215,0.017356949645919488,0.2024146889986833,0.08703183549962282,0.015443333333333333,0.0032500000000000003,0.0,0.04317,0.020078598716961833,7.437388723048481,5.6968775896493185,3.932514642766449,11.844064364536779,4.2598121743209045,2.2336392373954483,2.07208859849509,2.009864658061047,2.5608953741288247,0.3431804182790857,65.51468739732248,64.50379574495099,61.183340637940724,70.37440665507502,3.440143462562492,0.0016987551398524301,0.00135365590327845,0.00016623122744254,0.0035245526315318505,0.0014865217674459045,10.637912091303571,10.416087995111385,8.96940910690147,13.077977149417626,1.5076191764012041,0.0,0.0,0.0,0.0,0.0,0.3333333333333333,0.0,0.0,1.0,0.47946330148538413,0.8,1.0,0.0,1.0,0.4068381021724863,0.0625,0.0625,0.0625,0.0625,0.0,0.0625,0.0625,0.0625,0.0625,0.0,341.59157,349.2886,279.98417,386.1316,56.2126319607119,1.0,1.0,1.0,1.0,0.0,0.0,0.0,0.0,0.0,0.0,0.0,0.0,0.0,0.0,0.0,0.0027031898267229734,0.0026461959098807,0.00261008675097097,0.00271734863862707,0.00023361742081911822,0.01689658174133848,0.015604405580107051,0.00707376182110833,0.03044879983949704,0.009012373855742852,0.011733531942115644,0.0104683473724417,0.00520327270568838,0.02005491678607523,0.005517717275032996,0.008905793091480763,0.00802324202150285,0.00411810787009823,0.01497853942626608,0.004039079434247707,0.025268968554603262,0.02251775044958745,0.01468934021915724,0.04071014520533109,0.009836599574043368,0.0026301761447512606,0.0026273130836968004,0.00261536118841778,0.0026485400384528,1.5511850871108324e-05,0.0,0.0,0.0,0.0,0.0,0.0,0.0,0.0,0.0,0.0,0.0,0.0,0.0,0.0,0.0,0.0,0.0,0.0,0.0,0.0
Sweep_AmplitudeStep_10pct,10.0,ZCD,Loop-based,fast,30,0.012549223113850951,0.0121250960593391,0.0065225160407346395,0.01824365723017213,0.004434481165298117,0.010002989885075373,0.00952743820490575,0.005112097931027361,0.014652697440689161,0.003552642501253915,0.03540386009307326,0.0361530160443521,0.018590748076628152,0.050384252431507494,0.013652280105676972,0.007567341603039064,0.0074197672520435,0.0040495161443688905,0.01111393005848948,0.002684652003021564,0.0,0.0,0.0,0.0,0.0,9.999999999999998e-05,0.0001,0.0001,0.0001,4.135263320862086e-20,0.0,0.0,0.0,0.0,0.0,0.03270501469419273,0.03200586202006275,0.01726064636413423,0.04827741611030415,0.011552083507508856,0.0,0.0,0.0,0.0,0.0,86.92052641985389,83.36318657754305,41.9943950793602,131.261886856894,31.98877930924492,11.864563413426056,11.297437150387102,6.103519699037434,17.300858984097943,4.194617579491684,79.544474761915,79.46457177240478,78.93627983933712,80.53018211881242,0.7088912210760169,0.0018119845649270635,0.0016087268855501,0.00083416899880769,0.003033244804610141,0.0011107113440617605,4.677595071878722,4.629372442271725,4.340036664629743,4.918708219913709,0.3319290450007165,16.699999999999996,16.7,16.7,16.7,7.226896453227138e-15,0.9666666666666667,1.0,1.0,1.0,0.1825741858350553,1.0,1.0,1.0,1.0,0.0,0.0625,0.0625,0.0625,0.0625,0.0,0.0625,0.0625,0.0625,0.0625,0.0,181.0480533333333,201.6955,116.4554,232.8914,55.055624491892104,1.0,1.0,1.0,1.0,0.0,0.0,0.0,0.0,0.0,0.0,0.0,0.0,0.0,0.0,0.0,0.013196380604745934,0.009781870133885099,0.00461844382826642,0.023542285242077573,0.008194980470828048,0.010646549794347208,0.0069214531246134005,0.0032103796630155302,0.021843398814705758,0.00883578148130405,0.011314601000427344,0.01058428425246855,0.0043440710763336,0.01924457324939376,0.006199678924358779,0.012008879948738364,0.01236361545051865,0.00464144782854452,0.019612081157303344,0.006739683786336611,0.01975260827278068,0.017728387450159,0.00776566763114842,0.03685020385037415,0.011167876370239763,0.012320713830740817,0.01215744468986615,0.0061961950435312696,0.017889495096124343,0.005207840356493993,0.0,0.0,0.0,0.0,0.0,0.0,0.0,0.0,0.0,0.0,0.0,0.0,0.0,0.0,0.0,0.0,0.0,0.0,0.0,0.0
Sweep_AmplitudeStep_10pct,10.0,EKF,Model-based,fast,30,0.0028291632055086175,0.0026644655809839497,0.00031797232377643,0.00560708276556664,0.0020258000582186754,0.0011363913985184537,0.0010969014186341,0.00018189692668849002,0.00216991710302276,0.0007686272371157886,0.012436244708699657,0.0116983384742823,0.00146908447453455,0.02462926541514171,0.00888102261150774,0.002589230980617126,0.00242817160448755,0.00026077355270326,0.00515843230224903,0.0018767095396916432,0.0,0.0,0.0,0.0,0.0,9.999999999999998e-05,0.0001,0.0001,0.0001,4.135263320862086e-20,0.0,0.0,0.0,0.0,0.0,0.008904084340369996,0.0083814162320969,0.0009642175847984801,0.01767392137490544,0.006397988160975082,0.0,0.0,0.0,0.0,0.0,0.09467721382942308,0.08780665265994965,0.07168559804604506,0.12831544614755327,0.020145798862337607,0.023705516618647796,0.0229552813356336,0.012431257206136801,0.03722678151850879,0.009578099107976417,24.976831370753658,25.372348216717853,18.836584638976554,31.144468746577044,4.564536445562937,7.307198022779832e-05,7.045822398061457e-05,4.842076895556386e-06,0.00014163628538948,5.338024117981139e-05,9.220166780857854,8.96940910690147,8.680073329259486,9.837416439827418,0.6390431746583386,0.0,0.0,0.0,0.0,0.0,1.0,1.0,1.0,1.0,0.0,1.0,1.0,1.0,1.0,0.0,0.0625,0.0625,0.0625,0.0625,0.0,0.0625,0.0625,0.0625,0.0625,0.0,325.16206666666665,329.3216,285.2167,368.1722,37.57675632495515,1.0,1.0,1.0,1.0,0.0,0.0,0.0,0.0,0.0,0.0,0.0,0.0,0.0,0.0,0.0,0.0011539252299904447,0.0011191751298248,9.739614308540888e-05,0.0025440237833947305,0.0009375172656986913,0.0009327104803395502,0.0007644941450608499,0.0003550031171500101,0.0017066396010357605,0.0005961754098305011,0.0010107533466530768,0.0009499510481627,0.00023976729583382,0.0018860768564260201,0.0006173600713636362,0.0007819868913522233,0.0007280624816202,0.00024024737480360004,0.0014646096378587402,0.0004757592075045824,0.00135062031834792,0.0012478594703502,0.0005272287674841201,0.0022589677824946,0.0006563054074690316,0.00023723575966740545,0.0002394783602795,9.883877298657101e-05,0.00037811209660722,0.00010874702645147443,0.0,0.0,0.0,0.0,0.0,0.0,0.0,0.0,0.0,0.0,0.0,0.0,0.0,0.0,0.0,0.0,0.0,0.0,0.0,0.0
Sweep_AmplitudeStep_10pct,10.0,LKF,Model-based,fast,30,0.0039938617371636466,0.0040056157673004,0.00388171570015176,0.00408306433699156,7.262204266725669e-05,0.0035329207052080935,0.0035329715039914,0.00345934170643043,0.00358884125874637,5.1840330913350905e-05,0.012317991227429746,0.011537883451982301,0.009112504078576911,0.016968379415041528,0.002772361041338019,0.001862190574416157,0.0018667842005012,0.00175941821535724,0.00194217244797364,6.551746790120897e-05,0.0,0.0,0.0,0.0,0.0,9.999999999999998e-05,0.0001,0.0001,0.0001,4.135263320862086e-20,0.0,0.0,0.0,0.0,0.0,0.009119492428456714,0.009153092117736801,0.00873758579897435,0.009422114799229159,0.0002401345559102783,0.0,0.0,0.0,0.0,0.0,5.397152047031284,5.39571298629582,5.391593172024756,5.405627226615195,0.005367482659545948,2.9620078205625275,2.9611626965152684,2.9603668869337287,2.964656394621607,0.0017592960848908455,68.08237030134674,67.4915666010061,64.17879705693831,72.91232334938677,3.371436945288968,5.3419684401977255e-05,5.941100766319628e-05,3.0535692297507025e-05,7.008047714115075e-05,2.061469495853703e-05,10.338931787740188,10.271420106290392,9.548080662185434,10.994759550395347,0.6354190820641695,7.900000000000002,7.9,7.9,7.9,3.613448226613569e-15,1.0,1.0,1.0,1.0,0.0,1.0,1.0,1.0,1.0,0.0,0.0625,0.0625,0.0625,0.0625,0.0,0.0625,0.0625,0.0625,0.0625,0.0,337.08720333333326,329.3216,282.73236,387.84745000000004,46.02811796683956,1.0,1.0,1.0,1.0,0.0,0.0,0.0,0.0,0.0,0.0,0.0,0.0,0.0,0.0,0.0,0.0038801113082998235,0.00388369286394675,0.00386096764247101,0.00390030545951814,1.9970384926256847e-05,0.006171432098177617,0.005635266357993499,0.00425258373642424,0.00907392767959659,0.0016999362639983971,0.004947506095256602,0.0047020416372643,0.00402724701279577,0.00656364970938816,0.0008644981075737699,0.004505880688147694,0.0043533649134631005,0.00398164458944482,0.00547646601974771,0.0005153938903332276,0.011486625358077825,0.0110841761947817,0.00751857236270933,0.016968379415041528,0.0032459740139011506,0.003929795136668504,0.0039287314443225,0.00392516837238428,0.00393568042282022,3.90318243788798e-06,0.0,0.0,0.0,0.0,0.0,0.0,0.0,0.0,0.0,0.0,0.0,0.0,0.0,0.0,0.0,0.0,0.0,0.0,0.0,0.0
Sweep_AmplitudeStep_10pct,10.0,LKF2,Model-based,fast,30,0.0056534708138215334,0.00363293275353625,0.0013362918273037102,0.012523883238974721,0.004256522612866891,0.0018840124883716268,0.00139723041119315,0.00070335655550966,0.00364583060483506,0.0010996770232044864,0.03828895946961733,0.024318363034787148,0.01147815755770338,0.08100433413324944,0.02981630545467456,0.00531568077377901,0.00336674922499845,0.00114006812626171,0.011959119287103451,0.004131565511447294,0.0,0.0,0.0,0.0,0.0,9.999999999999998e-05,0.0001,0.0001,0.0001,4.135263320862086e-20,0.0,0.0,0.0,0.0,0.0,0.017831054809708827,0.0114651945707107,0.00411185461519114,0.03959521983997658,0.013491248502465258,0.0,0.0,0.0,0.0,0.0,2.5671231114205995,2.5163614534573497,2.3256450759365777,2.8268532315713912,0.24962090201130435,0.7273989230671257,0.6906135188853775,0.6304068291062994,0.8539078426068656,0.0924663589250016,55.8137771267765,55.21702329545303,52.88813044502999,59.4826114961919,2.794942902939261,0.00021628262395569735,0.0001246632882869,6.556296012965604e-05,0.00046774891122075004,0.00018374689949782552,11.139427439216337,10.560755883932373,9.837416439827418,12.35463770531267,2.2434382298391067,0.0,0.0,0.0,0.0,0.0,1.0,1.0,1.0,1.0,0.0,1.0,1.0,1.0,1.0,0.0,0.0625,0.0625,0.0625,0.0625,0.0,0.0625,0.0625,0.0625,0.0625,0.0,363.59980999999993,349.2886,329.3216,403.2901,45.323315256866906,1.0,1.0,1.0,1.0,0.0,0.0,0.0,0.0,0.0,0.0,0.0,0.0,0.0,0.0,0.0,0.0006759483510372847,0.00041784571716434995,0.00011577530195718472,0.0017199284674732202,0.0006569193073465926,0.0063818612877632195,0.006278234695608851,0.00393700254522266,0.00893321353069978,0.0019893017972290317,0.004732261356702307,0.0046064539388288,0.00309920882756649,0.00646334547526783,0.0013275808745142341,0.0036426783582972334,0.0035279885684642498,0.0025491996230053503,0.00484953997638437,0.0008925599676302278,0.010142827013788703,0.00980319896711275,0.00693897728769522,0.013575228148056272,0.002604536465068001,0.0010775437641281868,0.0010792359314122498,0.00097215458077117,0.0012229760235544199,8.467362909805541e-05,0.0,0.0,0.0,0.0,0.0,0.0,0.0,0.0,0.0,0.0,0.0,0.0,0.0,0.0,0.0,0.0,0.0,0.0,0.0,0.0
Sweep_AmplitudeStep_10pct,10.0,RA-EKF,Model-based,fast,30,0.0006620028904187301,0.0004911588977005,0.00041730691466468,0.0011514597110963802,0.0003830623370382941,0.00039444070108935993,0.00030231333863875,0.00026291147349506,0.0007025761093853101,0.00021006929014430852,0.004161215327668037,0.003028151681196,0.00269012407057613,0.007447408347572033,0.002506937239845765,0.0005311785931093702,0.00038827847412575,0.00032787139121243997,0.0009120157839117202,0.0003211526465151195,0.0,0.0,0.0,0.0,0.0,9.999999999999998e-05,0.0001,0.0001,0.0001,4.135263320862086e-20,0.0,0.0,0.0,0.0,0.0,0.0019879764804176196,0.0014648843219086,0.00124512446471274,0.0034386234611205606,0.0011727246241136013,0.0,0.0,0.0,0.0,0.0,1.5480560158091332,1.5414185797890667,1.5090065727587645,1.5974720642777385,0.03817777631945104,0.3063864575648501,0.30619455745672314,0.30189783839691237,0.3114389784850929,0.004068963262604992,48.37502470707481,47.749615184844515,44.633402931017,53.00828471917417,3.3266244429169998,1.3079836067100496e-05,7.0805412971669235e-06,3.26864106029772e-06,2.9735950213907252e-05,1.535045921970758e-05,11.959212142535291,11.862766883321298,11.544497527915118,12.759707794011444,0.6681923564311536,0.0,0.0,0.0,0.0,0.0,1.0,1.0,1.0,1.0,0.0,1.0,1.0,1.0,1.0,0.0,0.0625,0.0625,0.0625,0.0625,0.0,0.0625,0.0625,0.0625,0.0625,0.0,382.4955466666667,386.1316,349.2886,419.7459,31.943176954891957,1.0,1.0,1.0,1.0,0.0,0.0,0.0,0.0,0.0,0.0,0.0,0.0,0.0,0.0,0.0,0.0007267765636445568,0.0004328451877891,0.00028081403669212,0.0013346118189403006,0.0006984185052950436,0.0010448068357714502,0.0007863991705220001,0.00039380925654577004,0.00201573215760389,0.0007017384616312559,0.0008982118650332033,0.0006536473451434,0.00033371814001552,0.0017407797140927502,0.0006275832749230475,0.00075421177305516,0.00057611144343715,0.00028904881942186004,0.0014506559474150203,0.0005361533287322876,0.0015629493067059236,0.0013144241862725501,0.00076043116017876,0.00263968382013924,0.0007886232027249069,0.00022580444793094667,0.0002037141772863,0.00017483996070239002,0.00027319431889234004,8.43876457753351e-05,0.0,0.0,0.0,0.0,0.0,0.0,0.0,0.0,0.0,0.0,0.0,0.0,0.0,0.0,0.0,0.0,0.0,0.0,0.0,0.0
Sweep_AmplitudeStep_10pct,10.0,UKF,Model-based,fast,30,0.0012595645044276365,0.0010936761775895,0.00046494720372391003,0.00239450274574407,0.0007057359888279555,0.00048344501080765,0.00043226480411589997,0.00021990043520401,0.00080146290797833,0.0002157350518409261,0.00794373266474621,0.007063994809893601,0.00257656035958992,0.0156254297841378,0.004777529334232185,0.0011601342880843133,0.00101937362029725,0.00040978137877840004,0.0022551612432849,0.0006772228127509744,0.0,0.0,0.0,0.0,0.0,9.999999999999998e-05,0.0001,0.0001,0.0001,4.135263320862086e-20,0.0,0.0,0.0,0.0,0.0,0.00396384787506073,0.0034530777360251,0.00144808412124268,0.00757046181620283,0.0022436950044358306,0.0,0.0,0.0,0.0,0.0,0.3379783646349684,0.33698853027175346,0.32877283101306887,0.3478577998468068,0.007264030647005536,0.06928002386088453,0.06823325687547255,0.06664430718179919,0.07398354654641735,0.0028670809480079045,35.429442468787194,34.55178113738765,31.698550055021165,40.13745730466904,3.401762588208176,4.738570278029715e-05,4.1085400108013565e-05,1.70202882628326e-05,9.398850418333142e-05,2.9108974754071506e-05,10.551111358010976,10.705423772753363,9.837416439827418,11.284095328037331,0.5621394796264652,0.0,0.0,0.0,0.0,0.0,1.0,1.0,1.0,1.0,0.0,1.0,1.0,1.0,1.0,0.0,0.0625,0.0625,0.0625,0.0625,0.0,0.0625,0.0625,0.0625,0.0625,0.0,360.8202633333333,368.1722,308.0607,403.2901,36.5679430807394,1.0,1.0,1.0,1.0,0.0,0.0,0.0,0.0,0.0,0.0,0.0,0.0,0.0,0.0,0.0,0.00012448902552573198,0.0001171018091366,4.786349083559595e-05,0.00021936237175013,7.424923971372387e-05,0.0012570481453733167,0.00138916252646415,0.00048759524103884005,0.00183308521139195,0.0005283155469011431,0.00121442449420503,0.00131505442730585,0.00039706493968272,0.00179981461582445,0.0005246478443167749,0.0009172239469820736,0.00099301058414895,0.00033227528056028,0.0013464241643861101,0.0003770696459961882,0.0019336467508435369,0.0021248026388853503,0.0009198212727639501,0.0026904304485539997,0.0006902808144899742,0.0002677557888426301,0.00025625098558655,0.0001172374174014,0.00043371112894334004,0.00012034287573496638,0.0,0.0,0.0,0.0,0.0,0.0,0.0,0.0,0.0,0.0,0.0,0.0,0.0,0.0,0.0,0.0,0.0,0.0,0.0,0.0
Sweep_AmplitudeStep_10pct,10.0,IPDFT,Window-based,fast,30,0.0015296183253656933,0.00167754406899735,0.0006182133415106,0.0022302471941781804,0.0006444919132565322,0.0005997057140957666,0.0006100187226307501,0.0003648336066083,0.0008206926286157601,0.00018725922912045845,0.012830136371534644,0.0139425059327713,0.00324876693744393,0.01916239767850525,0.005829870134088959,0.0013971584365263965,0.00153654798868115,0.00039528337896938004,0.00209357724456,0.0006397687579026976,0.0,0.0,0.0,0.0,0.0,9.999999999999998e-05,0.0001,0.0001,0.0001,4.135263320862086e-20,0.0,0.0,0.0,0.0,0.0,0.004791181023675104,0.00526904651177605,0.0016610113625001302,0.00704837258939038,0.002081800072055197,0.0,0.0,0.0,0.0,0.0,1.0555367177704038,1.1714694548015103,0.31134414223998874,1.5461920825678988,0.4634995691784244,0.13630252281216487,0.15067546066580512,0.054396641043137406,0.19717928022666947,0.055337859805503556,40.4229215240466,40.773412535348335,33.36825050392805,46.23708628182454,5.038771273286181,7.006053636499859e-05,7.272628307728577e-05,3.405326859265657e-05,9.722932742639279e-05,2.605438262798434e-05,10.744001876438967,10.705423772753363,10.416087995111385,11.284095328037331,0.55177338780461,66.59999999999998,66.60000000000001,66.60000000000001,66.60000000000001,4.336137871936283e-14,1.0,1.0,1.0,1.0,0.0,1.0,1.0,1.0,1.0,0.0,0.0625,0.0625,0.0625,0.0625,0.0,0.0625,0.0625,0.0625,0.0625,0.0,358.00166666666667,358.7304,327.19551,404.93568000000005,33.12838673362535,1.0,1.0,1.0,1.0,0.0,0.0,0.0,0.0,0.0,0.0,0.0,0.0,0.0,0.0,0.0,0.0004116804330346666,0.00034760632201825,0.00021914911805248,0.0006276953235985201,0.00019386086538357878,0.00160111734645524,0.00159270110812325,0.00051589025821639,0.0026289741530392398,0.0007766926509859291,0.007094573255175414,0.0076809326138469,0.00177751796942125,0.0106579719882188,0.003235733164619912,0.00590129637926757,0.006534408270776,0.00135254954491571,0.0088097113579994,0.002744134362836732,0.012830136371534644,0.0139425059327713,0.00324876693744393,0.01916239767850525,0.005829870134088959,0.00039617438242736,0.00038299025045149997,0.00025806429407521,0.0005538300762797801,0.00013371931496908757,0.0,0.0,0.0,0.0,0.0,0.0,0.0,0.0,0.0,0.0,0.0,0.0,0.0,0.0,0.0,0.0,0.0,0.0,0.0,0.0
Sweep_AmplitudeStep_10pct,10.0,TFT,Window-based,fast,30,0.00102923380295439,0.001002581772563,0.00057824359658306,0.00141986236660965,0.00032522036247741135,0.00040947432906345997,0.000409825468839,0.00026036048427040005,0.0005779820361498701,0.00013265840222869674,0.011343115116671696,0.01296990119942265,0.00353715833603654,0.01693511416181077,0.005012512520403114,0.0009404396430352768,0.0009035237424941,0.0005168684096382901,0.00129443484808134,0.00030926604582147605,0.0,0.0,0.0,0.0,0.0,9.999999999999998e-05,0.0001,0.0001,0.0001,4.135263320862086e-20,0.0,0.0,0.0,0.0,0.0,0.0032307932581694242,0.003144398559883,0.0018081822184335301,0.00448097284687288,0.0010382917308534528,0.0,0.0,0.0,0.0,0.0,0.7385595715418228,0.8050896917755068,0.20661235404517697,1.11140197415871,0.34194145303747153,0.08766136462186294,0.0983320117454449,0.0350943272931888,0.12212844182230116,0.03245456662624505,36.68869538405095,36.486120240026196,29.70080141700303,42.75777504524649,5.187848745851904,6.484919893750318e-05,7.28375800066928e-05,1.7227995122272118e-05,9.886735818045895e-05,3.085091689964159e-05,12.663262534797447,12.730774216247244,12.123169083199082,13.309445771531212,0.4602062731971941,83.30000000000003,83.3,83.3,83.3,1.4453792906454277e-14,1.0,1.0,1.0,1.0,0.0,1.0,1.0,1.0,1.0,0.0,0.0625,0.0625,0.0625,0.0625,0.0,0.0625,0.0625,0.0625,0.0625,0.0,356.33107,358.7304,327.19551,403.2901,30.511995163622625,1.0,1.0,1.0,1.0,0.0,0.0,0.0,0.0,0.0,0.0,0.0,0.0,0.0,0.0,0.0,0.00022998976694696578,0.0002111036600714,9.261617726634804e-05,0.00034045179404000017,0.00014043130611715663,0.0006376400583116667,0.0006725802343121,0.00018846994653568,0.0009387272503916601,0.0002863008663867653,0.002537559148078507,0.00275076073386525,0.0006901863987397901,0.00393009605158038,0.0012106881437638835,0.002442255044547203,0.002681013695055,0.00067987825889997,0.00372290455066365,0.0011586277124980052,0.003948440214333187,0.0043513909140777,0.00103820544665746,0.00601184333605921,0.001868041854308286,0.00023102502953660511,0.00021812160657445,0.00014956959056551,0.00035175663232960003,8.628397531333645e-05,0.0,0.0,0.0,0.0,0.0,0.0,0.0,0.0,0.0,0.0,0.0,0.0,0.0,0.0,0.0,0.0,0.0,0.0,0.0,0.0
Sweep_AmplitudeStep_15pct,15.0,RLS,Adaptive,fast,30,0.5741436182203272,0.5881991966844189,0.1731777825458466,0.8673889323761605,0.28682430176405094,0.329522891144929,0.2864748975012542,0.13276065998694325,0.5978036708608349,0.18762631368788005,2.5272004538323785,2.7352529312555696,0.6261336276256394,3.9711637117019447,1.3375878408200614,0.45609265451250103,0.44417039316577167,0.1291599095593715,0.7189841029685992,0.2460672265841983,0.30640666666666666,0.24509999999999998,0.043380000000000016,0.5537600000000003,0.30604306540919607,9.999999999999998e-05,0.0001,0.0001,0.0001,4.135263320862086e-20,0.18669666666666665,0.1842,0.043380000000000016,0.25839000000000006,0.15155280286907027,1.6978008546824321,1.818540335357485,0.4855781918300434,2.5555316499204452,0.8714080068333044,1.0640999999999998,0.8488500000000001,0.54246,1.6501,0.5075936964636727,140.43500632947038,198.59822439701526,20.052479476706964,204.91849643054928,80.0273328978155,17.967751806962937,20.112647477835843,8.030887136254897,25.119326949633884,6.9323518851988375,82.83015523346825,83.28738691670858,76.15813575406789,87.36527307677599,4.4412641529060215,0.009408273218634997,0.00906941059791765,0.0033626590831846003,0.014246890406903101,0.0048344941226220834,13.62771512693739,13.598781549173191,13.020109993889228,14.206386682221359,0.49447557665521175,0.0,0.0,0.0,0.0,0.0,0.0,0.0,0.0,0.0,0.0,0.0,0.0,0.0,0.0,0.0,0.0625,0.0625,0.0625,0.0625,0.0,0.0625,0.0625,0.0625,0.0625,0.0,410.11374,403.2901,384.33566,450.8544,28.188792227195545,1.0,1.0,1.0,1.0,0.0,0.0,0.0,0.0,0.0,0.0,0.0,0.0,0.0,0.0,0.0,0.2814363536694602,0.11830305189930486,0.022671444414604402,0.7619524890868787,0.34565416968324664,1.3273402051730194,1.4294851831457884,0.25376128831859357,1.9104688096154723,0.6870408616400356,2.0424103809688927,2.2811329377493905,0.24348819755771117,3.1488998768296663,1.174639785695908,1.8552386885229548,2.051728224036573,0.22444704097203033,2.9724854199346047,1.0936531186603258,2.44815716550769,2.7352529312555696,0.2698466128154955,3.9711637117019447,1.4408193486436394,0.2733802072927138,0.28700191978286754,0.08312217595406723,0.41735735686802206,0.14844967706556336,0.7141000000000001,0.49549999999999994,0.19481,1.3157699999999999,0.5103690307867503,0.0,0.0,0.0,0.0,0.0,0.0,0.0,0.0,0.0,0.0,0.0,0.0,0.0,0.0,0.0
Sweep_AmplitudeStep_15pct,15.0,TKEO,Adaptive,fast,30,8.986499096864703,8.779840852604133,7.764815577781113,10.751332454574738,1.1892824146973835,8.373075847414663,8.084782200352974,7.1077703094016975,10.038163456049238,1.1852516634345804,13.078772691501594,12.929281155846823,11.418760060618357,14.721852307867774,1.3071738631499246,3.250238242574918,3.261620164334361,2.7695938694005413,3.6143384638826426,0.3117863253528078,1.6501000000000003,1.6501,1.6501,1.6501,0.0,9.999999999999998e-05,0.0001,0.0001,0.0001,4.135263320862086e-20,1.6501000000000003,1.6501,1.6501,1.6501,0.0,18.123790575139417,17.932947322082384,15.525721280598882,20.74649781714351,1.9578996695362674,1.6501000000000003,1.6501,1.6501,1.6501,0.0,269.36829397196624,266.3181898524858,261.1783170529378,285.951033214495,9.673730870036692,53.833861250579126,52.77511878979796,47.0186693082074,64.04815164896674,6.234844685179558,93.14646091425033,92.47753778324778,88.37549423232326,99.55141933949784,4.343731349986209,0.06464908575263235,0.0636225493181827,0.05682800827177266,0.0723067888667149,0.006330926678253902,12.383571283076865,12.15210266096328,10.705423772753363,14.17745310445716,1.334367092173258,0.30000000000000004,0.3,0.3,0.3,0.0,0.0,0.0,0.0,0.0,0.0,0.0,0.0,0.0,0.0,0.0,0.0625,0.0625,0.0625,0.0625,0.0,0.0625,0.0625,0.0625,0.0625,0.0,371.7995,368.1722,329.3216,419.7459,37.743154409334906,1.0,1.0,1.0,1.0,0.0,0.0,0.0,0.0,0.0,0.0,0.0,0.0,0.0,0.0,0.0,4.726373860666892,4.58592566339739,3.7353699296368714,6.200353566925124,0.9780920635914249,5.2106159397205385,4.9853309929957055,4.10771066994192,6.788836662389687,1.009643170908236,5.368821821159406,5.138011052324354,4.291388444902909,6.96983396041852,1.0199234617749564,5.609034581157675,5.375579219649056,4.536820255096964,7.3252402200631845,1.0263908190448872,6.07938827894399,5.904035958316356,4.988318322541593,7.586506420668963,1.0466110457434046,7.852650322601641,7.553986753252676,6.6182523299879,9.386799566447616,1.3074530379393952,1.3000999999999998,1.3001,1.26146,1.33874,0.029342096392208514,0.0,0.0,0.0,0.0,0.0,0.0,0.0,0.0,0.0,0.0,0.0,0.0,0.0,0.0,0.0
Sweep_AmplitudeStep_15pct,15.0,PLL,Loop-based,fast,30,0.2183970423098112,0.1657809337986626,0.16163379865553792,0.31494139776812025,0.13524112525912796,0.164631393386732,0.14755934639117602,0.1454594005735152,0.19428147797374787,0.04395241093394322,0.9527995334316806,0.536166508225211,0.2920572704626892,2.4225889314133466,0.9541018807077882,0.1321833985542106,0.0755601874771275,0.07047728430363628,0.24768435854620965,0.13995463857920945,0.022160000000000003,0.0015999999999999999,0.0,0.07108000000000003,0.03977531377886159,9.999999999999998e-05,0.0001,0.0001,0.0001,4.135263320862086e-20,0.01633,0.00145,0.0,0.055080000000000025,0.03438532315212208,0.561181589049364,0.37423990882255864,0.35689125348442424,0.9373345536123772,0.4635935256848642,1.649016666666667,1.6491500000000001,1.6475000000000002,1.6501,0.0010167844288306825,177.05815310449444,174.19199974963107,173.92317556622672,186.69381198239068,5.680027743400073,121.67878770238949,121.66393356999663,121.57201927930302,121.80486377925068,0.1010358436208996,100.35480382561758,99.77706358610966,96.45441750078004,105.1794711217115,3.3718117235818386,0.004210832410313107,0.0019440150069413,0.00024909338861351,0.01276079193804808,0.005164492880821313,10.589689461696572,10.1267522174694,8.680073329259486,13.049043571653428,1.7601248417171527,0.0,0.0,0.0,0.0,0.0,0.0,0.0,0.0,0.0,0.0,0.0,0.0,0.0,0.0,0.0,0.0625,0.0625,0.0625,0.0625,0.0,0.0625,0.0625,0.0625,0.0625,0.0,343.4269366666666,349.2886,305.7763,373.32957000000005,43.13581700502922,1.0,1.0,1.0,1.0,0.0,0.0,0.0,0.0,0.0,0.0,0.0,0.0,0.0,0.0,0.0,0.16165811310418274,0.1613619758116804,0.16114621607410842,0.16159683480466439,0.0015859654846807497,0.17498572616657157,0.1754187283067014,0.17043416516957338,0.1784078349476361,0.0029607368578044705,0.16654467001330878,0.16673655317105024,0.16525447095218496,0.16733432236837253,0.0008168399847874137,0.1640315763765759,0.16409139602828526,0.16331390777724616,0.16453241979628774,0.00047378094797994024,0.2814836153205389,0.28221855577751853,0.2610790552271965,0.3010950231070296,0.0164137470077328,0.16132951621210376,0.16132439591985606,0.16115150417780003,0.1615105572289639,0.00013555446527239645,1.2990166666666667,1.2988,1.25868,1.3387,0.029281794783570333,0.0,0.0,0.0,0.0,0.0,0.0,0.0,0.0,0.0,0.0,0.0,0.0,0.0,0.0,0.0
Sweep_AmplitudeStep_15pct,15.0,SOGI-FLL,Loop-based,fast,30,0.005173365050004598,0.0051166331438506005,0.00452163305288464,0.00581107689474501,0.0005270954732285021,0.00451258210958454,0.004490640669152449,0.00415057367447519,0.00485954112567574,0.0002701779973674852,0.018461226237989996,0.0178793487202888,0.01405260979421708,0.02345204384264569,0.003808314678495987,0.00249617944282392,0.0025223865221321,0.00176885152190934,0.00323132863291548,0.0006164994662342438,0.0,0.0,0.0,0.0,0.0,9.999999999999998e-05,0.0001,0.0001,0.0001,4.135263320862086e-20,0.0,0.0,0.0,0.0,0.0,0.012001120438056465,0.01200610176654795,0.00953212276766024,0.01451366062652649,0.0021127489467005858,0.0,0.0,0.0,0.0,0.0,0.7016062138482937,0.7066827009793997,0.5770039169146202,0.8183323789303643,0.09486685616084115,0.11928890353570627,0.11548466505241285,0.09415462985474715,0.14951531847910754,0.020050273877127208,40.03646534122867,39.983070808789,35.44575445191892,46.193724530467556,3.9455979545130817,8.63808449576462e-05,8.79563819106201e-05,3.7458917030686053e-05,0.00013151113221022,3.616131884883345e-05,11.081560283687942,10.850091661574355,8.361803973853304,13.598781549173191,2.1168543097200927,0.0,0.0,0.0,0.0,0.0,1.0,1.0,1.0,1.0,0.0,1.0,1.0,1.0,1.0,0.0,0.0625,0.0625,0.0625,0.0625,0.0,0.0625,0.0625,0.0625,0.0625,0.0,339.3287933333333,349.2886,285.2167,387.84745000000004,44.18109753778648,1.0,1.0,1.0,1.0,0.0,0.0,0.0,0.0,0.0,0.0,0.0,0.0,0.0,0.0,0.0,0.003633779981393107,0.00361761947290465,0.00350176140238118,0.00378701078926529,0.00012522741123847128,0.0062201011321260935,0.005535973607301851,0.0020428271454097,0.01134282627769651,0.0033490841773398585,0.007022456103097764,0.0054691223756262,0.00337961407240909,0.01228461078970147,0.0034530234643577085,0.009302031075567345,0.0092607022633036,0.00798431116647164,0.01104581930917481,0.001107457040908987,0.013786334631834951,0.014100440660271801,0.00988190294030457,0.01698438690782703,0.002570567635615296,0.003740286223537933,0.0037373864216397497,0.00372030289599041,0.0037839918625132,4.1513038982250174e-05,0.0,0.0,0.0,0.0,0.0,0.0,0.0,0.0,0.0,0.0,0.0,0.0,0.0,0.0,0.0,0.0,0.0,0.0,0.0,0.0
Sweep_AmplitudeStep_15pct,15.0,SOGI-PLL,Loop-based,fast,30,0.017259298681188216,0.0158232953886168,0.005424931788430041,0.027404543620958392,0.010638486782510137,0.006327652721348043,0.0058401704275109,0.00282742256410639,0.00969321440898728,0.0029668730730588798,0.11084519129624816,0.09054498345401635,0.05105515564823971,0.13988551660757478,0.11878165462888454,0.016015517852848098,0.0147049303334189,0.00462980557092163,0.025671672896082534,0.010284401626764977,0.00016333333333333334,0.0,0.0,0.0,0.0008946135105917708,9.999999999999998e-05,0.0001,0.0001,0.0001,4.135263320862086e-20,0.00016333333333333334,0.0,0.0,0.0,0.0008946135105917708,0.05437420627989251,0.04995773276448055,0.01671683927687139,0.08659171737025666,0.03378641427905721,0.0005266666666666667,0.0,0.0,0.0,0.002884672136193875,8.79351734461764,8.691750411822241,3.1179387122914903,11.759764221757507,5.656979362331202,1.6828254637762883,1.65702405248403,1.361982702701492,1.8156329350776705,0.4231522993026281,62.992949693657614,62.066413675794756,57.87665786729258,69.25542500296527,4.040004076694878,0.0005585752342131313,0.00046581153921405004,0.00018208543222566004,0.0007191572371727601,0.0007054122206493681,12.316059601627071,12.296770549784272,9.229811306779252,15.103327592911503,2.3648796929943265,0.0,0.0,0.0,0.0,0.0,0.5,0.5,0.0,1.0,0.5085476277156078,0.9666666666666667,1.0,1.0,1.0,0.1825741858350553,0.0625,0.0625,0.0625,0.0625,0.0,0.0625,0.0625,0.0625,0.0625,0.0,353.6634766666666,349.2886,285.2167,419.7459,53.72588660393695,1.0,1.0,1.0,1.0,0.0,0.0,0.0,0.0,0.0,0.0,0.0,0.0,0.0,0.0,0.0,0.00203760516610637,0.00185914387359755,0.00177915937329499,0.00216696332898525,0.0006327388712142118,0.03142559985547151,0.03383714861396745,0.00699816339058594,0.05653469861952767,0.01866943347544767,0.019144267785140463,0.02059407631389875,0.00445593523963898,0.03435643156756111,0.011246829582994103,0.014497685040738815,0.01555449496082795,0.0033908974570051402,0.02611876916638822,0.008533235726902446,0.051411851529599255,0.0564944673381937,0.012665641855856712,0.09029277531301141,0.029583077000816988,0.0018008298789858265,0.00179804459087855,0.00177310357901826,0.00183214620627123,2.47056930863783e-05,0.0,0.0,0.0,0.0,0.0,0.0,0.0,0.0,0.0,0.0,0.0,0.0,0.0,0.0,0.0,0.0,0.0,0.0,0.0,0.0
Sweep_AmplitudeStep_15pct,15.0,Type-3 SOGI-PLL,Loop-based,fast,30,0.03245733295913391,0.024576453511604597,0.00644668672724111,0.06415872341439723,0.027417604438675545,0.009514731373444187,0.007645036623204,0.00365974006306548,0.016387258025193183,0.006080088987688559,0.28864917276402313,0.22016884348823135,0.05068431560831136,0.5800581512126273,0.25111239375961264,0.030924242881528393,0.02335704769742705,0.00530710781059625,0.06203062521257451,0.026863098351438144,0.002373333333333333,0.0,0.0,0.005890000000000007,0.0068741361003719454,9.999999999999998e-05,0.0001,0.0001,0.0001,4.135263320862086e-20,0.002373333333333333,0.0,0.0,0.005890000000000007,0.0068741361003719454,0.10228746001802948,0.0777161797154853,0.01958106349485451,0.2024791336629169,0.08666471864747859,0.015443333333333333,0.0032500000000000003,0.0,0.04317,0.020078598716961833,7.866431979900075,5.888690877373648,4.260067889523711,12.327792059732447,4.172872190549152,2.26990702840398,2.1091225572269656,2.047140694980621,2.590141356843653,0.33829771758635696,65.6595521734746,64.54932019770119,61.3189952165016,70.60881948595994,3.453096850230206,0.0017217492495680631,0.00137340551533085,0.00022292729303795001,0.0035911189749727505,0.0014875792674079557,13.049043571653426,13.16477788271022,10.416087995111385,16.20280354795104,2.08276026526587,0.0,0.0,0.0,0.0,0.0,0.3333333333333333,0.0,0.0,1.0,0.47946330148538413,0.8,1.0,0.0,1.0,0.4068381021724863,0.0625,0.0625,0.0625,0.0625,0.0,0.0625,0.0625,0.0625,0.0625,0.0,371.3368333333334,386.1316,329.3216,419.7459,47.39588998278468,1.0,1.0,1.0,1.0,0.0,0.0,0.0,0.0,0.0,0.0,0.0,0.0,0.0,0.0,0.0,0.0027031898267229734,0.0026461959098807,0.00261008675097097,0.00271734863862707,0.00023361742081911822,0.02420624031963481,0.02231335000957495,0.00965016177910194,0.04413749905720677,0.013250221412935213,0.01668220301909355,0.0149809772221046,0.0069555023993667,0.02907004099021822,0.008213393809312495,0.012503253920782265,0.011330933838960649,0.005258210754069311,0.02164491433933599,0.006082330935300983,0.03544412149004705,0.031284722310267854,0.01932502612469733,0.05843822397036925,0.014633211993417154,0.0026317285796076772,0.00263161731448565,0.00261497534275641,0.00264572637289434,1.4295327666489864e-05,0.0,0.0,0.0,0.0,0.0,0.0,0.0,0.0,0.0,0.0,0.0,0.0,0.0,0.0,0.0,0.0,0.0,0.0,0.0,0.0
Sweep_AmplitudeStep_15pct,15.0,ZCD,Loop-based,fast,30,0.012141721947270749,0.011715911444679549,0.00631704133663554,0.017763584632622082,0.004306889040398799,0.009669479971053453,0.0091984321067967,0.00494997404244186,0.01419885209990435,0.003440985026222599,0.034464457429935376,0.034544614726531295,0.01780089950448621,0.04926413119510465,0.013661426304983758,0.007332617429523717,0.00719000568187575,0.00392320530525796,0.010809697507726422,0.002620984675501889,0.0,0.0,0.0,0.0,0.0,9.999999999999998e-05,0.0001,0.0001,0.0001,4.135263320862086e-20,0.0,0.0,0.0,0.0,0.0,0.03166733225962475,0.030941526193226848,0.01671958995821584,0.0467066337038584,0.0112489583707593,0.0,0.0,0.0,0.0,0.0,84.3751019588185,80.73624559434833,41.36284534041934,125.42082481160222,30.948912751287374,11.479291635863717,10.921272943711589,5.908214535522905,16.726115117520653,4.074514475920694,79.25237901896679,79.17797191703619,78.65386907739094,80.23393675704422,0.7139577640234394,0.00175207176970197,0.0015837601245902002,0.0008090502508028601,0.002959489184429271,0.0010739268919666355,4.301458560944145,4.340036664629743,4.05070088698776,4.629372442271725,0.27113725340248535,16.699999999999996,16.7,16.7,16.7,7.226896453227138e-15,0.9666666666666667,1.0,1.0,1.0,0.1825741858350553,1.0,1.0,1.0,1.0,0.0,0.0625,0.0625,0.0625,0.0625,0.0,0.0625,0.0625,0.0625,0.0625,0.0,173.05999333333335,201.6955,104.80986000000004,232.8914,67.48857933758477,1.0,1.0,1.0,1.0,0.0,0.0,0.0,0.0,0.0,0.0,0.0,0.0,0.0,0.0,0.0,0.013196380604745934,0.009781870133885099,0.00461844382826642,0.023542285242077573,0.008194980470828048,0.010539119961979263,0.0069535555742268,0.0032001768634171103,0.021224542145740957,0.008790626619559195,0.011015463651348277,0.01029146971014065,0.00420587907622725,0.01857770719306044,0.006084357529253381,0.011585796651223789,0.01183436269762255,0.00458214171705778,0.018847675517189022,0.006506404972362637,0.019103799053824082,0.01719376640690835,0.0076674625890120005,0.03523482636974436,0.01081535027136769,0.011785313326067902,0.01161335699458365,0.0059239220901956,0.01711470416901798,0.004990063118092629,0.0,0.0,0.0,0.0,0.0,0.0,0.0,0.0,0.0,0.0,0.0,0.0,0.0,0.0,0.0,0.0,0.0,0.0,0.0,0.0
Sweep_AmplitudeStep_15pct,15.0,EKF,Model-based,fast,30,0.002857660284516753,0.0026824450853523,0.00044075204600155,0.00562064509637797,0.0020005867875871482,0.0011756440631099927,0.0011572217475172499,0.00024067989458517004,0.00217417118158558,0.000767006347294248,0.012553084856767023,0.0116983384742823,0.00210694502147317,0.02462926541514171,0.008734927426066665,0.002602504321424001,0.00241994117217655,0.00036864144184269,0.0051469692627995394,0.0018508064583787236,0.0,0.0,0.0,0.0,0.0,9.999999999999998e-05,0.0001,0.0001,0.0001,4.135263320862086e-20,0.0,0.0,0.0,0.0,0.0,0.008983157027382149,0.008417045264047001,0.0013473966262066701,0.017701172755152362,0.006317440921545582,0.0,0.0,0.0,0.0,0.0,0.1207950684557109,0.11867660067998995,0.10762906465622278,0.13713152383765245,0.011746345827620224,0.028312937492826425,0.02791279393724655,0.01841644984648232,0.03943660156344385,0.008412919615260217,26.97013768054245,26.858382980025155,21.827625269712403,32.34203206002906,3.95257707774922,7.34525051876875e-05,7.099235719985368e-05,6.9479126481457915e-06,0.00014135314649924,5.321792803809444e-05,16.752541525470807,17.36014665851897,13.569847971408993,18.806825546728888,2.0393413189208034,0.0,0.0,0.0,0.0,0.0,1.0,1.0,1.0,1.0,0.0,1.0,1.0,1.0,1.0,0.0,0.0625,0.0625,0.0625,0.0625,0.0,0.0625,0.0625,0.0625,0.0625,0.0,444.6391433333334,450.8544,403.2901,481.33456,32.94084585518341,1.0,1.0,1.0,1.0,0.0,0.0,0.0,0.0,0.0,0.0,0.0,0.0,0.0,0.0,0.0,0.0011539252299904447,0.0011191751298248,9.739614308540888e-05,0.0025440237833947305,0.0009375172656986913,0.0012535856780105865,0.0011142502045073,0.00040932282235850003,0.0021818231894099004,0.000685257477417647,0.0013885705259181868,0.00140835123795495,0.00036946097968792004,0.00244184807754119,0.0007614062550449554,0.001055277598809287,0.00104285823210995,0.00028240304009549997,0.0018513983783431,0.0005683898063714018,0.0018728538545379134,0.0018520295025758501,0.0008091874073052101,0.00300640289131945,0.0008245707885430736,0.0003600229588336834,0.00036904905102595,0.00012592847913764002,0.00056738744052672,0.00017285419644452393,0.0,0.0,0.0,0.0,0.0,0.0,0.0,0.0,0.0,0.0,0.0,0.0,0.0,0.0,0.0,0.0,0.0,0.0,0.0,0.0
Sweep_AmplitudeStep_15pct,15.0,LKF,Model-based,fast,30,0.004040711604365946,0.0040376826900154,0.00389771777316949,0.004152946844158891,8.952374999265062e-05,0.0035539126943601963,0.0035730040878668,0.00347429556581054,0.00361448063779089,5.471900763544172e-05,0.014724868419057392,0.01378052905729625,0.009112504078576911,0.02226755610184054,0.0042115066923318935,0.0019214837982218,0.0019090326792324,0.0017895033403037,0.00206448540187424,0.00010072751555209896,0.0,0.0,0.0,0.0,0.0,9.999999999999998e-05,0.0001,0.0001,0.0001,4.135263320862086e-20,0.0,0.0,0.0,0.0,0.0,0.009318364089025762,0.009284091193430499,0.00882873271646708,0.00979964595253765,0.00034416592117586894,0.0,0.0,0.0,0.0,0.0,5.398079862217149,5.397472134758274,5.391735026176292,5.4057224654897595,0.0060174614653923505,2.96328243719493,2.9627398754215046,2.9604390802659237,2.9659954175137733,0.0023855299629329625,68.08610599127984,67.49212174217698,64.18072890970296,72.92046986002681,3.3721513880479104,7.16426997618545e-05,7.771445175440447e-05,4.2881173863408444e-05,9.611108508094973e-05,2.7430749204859698e-05,14.939370652247714,14.466788882099143,13.020109993889228,17.36014665851897,1.656859901870076,7.900000000000002,7.9,7.9,7.9,3.613448226613569e-15,1.0,1.0,1.0,1.0,0.0,1.0,1.0,1.0,1.0,0.0,0.0625,0.0625,0.0625,0.0625,0.0,0.0625,0.0625,0.0625,0.0625,0.0,411.7885133333333,419.7459,368.1722,450.8544,41.27327531383402,1.0,1.0,1.0,1.0,0.0,0.0,0.0,0.0,0.0,0.0,0.0,0.0,0.0,0.0,0.0,0.0038801113082998235,0.00388369286394675,0.00386096764247101,0.00390030545951814,1.9970384926256847e-05,0.007842494194499207,0.0070663774716740995,0.00467003426095407,0.0126303985445219,0.002807467299937596,0.005843061138995807,0.0054476457543497,0.00416532784882603,0.008681632387438841,0.00153849369571518,0.005062941804515617,0.00479318854321125,0.00405779262721163,0.00687014196665977,0.0009660058128947842,0.014213803364936167,0.0135158784506046,0.00851351121284334,0.02226755610184054,0.004759587081664481,0.003932863346045251,0.0039311861987616995,0.00392604201150457,0.00394504165009805,6.977618276217384e-06,0.0,0.0,0.0,0.0,0.0,0.0,0.0,0.0,0.0,0.0,0.0,0.0,0.0,0.0,0.0,0.0,0.0,0.0,0.0,0.0
Sweep_AmplitudeStep_15pct,15.0,LKF2,Model-based,fast,30,0.005868649485905555,0.0037716496137591,0.0019440866355923299,0.012612318986668971,0.004138590281133249,0.0021454785560931773,0.0016428564612332,0.00097818844916799,0.0039316131066079,0.0011080868089366487,0.03954407571646211,0.024318363034787148,0.01613258018063632,0.08100433413324944,0.028714135201069576,0.0054429623319443505,0.003412321522199,0.00163255703623567,0.011959283282166411,0.004014911899379284,0.0,0.0,0.0,0.0,0.0,9.999999999999998e-05,0.0001,0.0001,0.0001,4.135263320862086e-20,0.0,0.0,0.0,0.0,0.0,0.018474365551926372,0.01184356131503345,0.005970226166615931,0.03988298254816963,0.013148091949865059,0.0,0.0,0.0,0.0,0.0,3.5858215594656664,3.56212619384344,3.304078762045748,3.901741477243093,0.2187542999688549,1.0145466362278421,0.9734829028344052,0.8875936980274459,1.1792018782924416,0.11520708252255495,58.72012321108078,58.25138446026057,55.58537969988865,62.71667478611565,3.0005941300055388,0.00022063406537739687,0.0001196309388414,6.954325996897157e-05,0.00046686838729523,0.00018451324257949176,20.427105901523987,20.2535044349388,18.4885561913227,22.27885487843268,1.64832975987019,0.0,0.0,0.0,0.0,0.0,1.0,1.0,1.0,1.0,0.0,1.0,1.0,1.0,1.0,0.0,0.0625,0.0625,0.0625,0.0625,0.0,0.0625,0.0625,0.0625,0.0625,0.0,496.10744,500.60429999999997,449.32684,545.9055,43.31146517680731,1.0,1.0,1.0,1.0,0.0,0.0,0.0,0.0,0.0,0.0,0.0,0.0,0.0,0.0,0.0,0.0006759483510372847,0.00041784571716434995,0.00011577530195718472,0.0017199284674732202,0.0006569193073465926,0.009520207678057302,0.0094455682714487,0.00590005663315957,0.013262801145695901,0.002933073398451002,0.007043467802272844,0.0069089128417582,0.00463207005935711,0.009487673906509671,0.0019493572319834525,0.0054212169471085266,0.0052859889844151,0.00380687123654392,0.007116923176784901,0.0013087625688081778,0.015116566195427528,0.0147599467344399,0.01033953565067232,0.020053810517342844,0.0038350786624759747,0.0015881764429344035,0.0015854671023509499,0.00144152365837537,0.00177747493037044,0.00011886915081675827,0.0,0.0,0.0,0.0,0.0,0.0,0.0,0.0,0.0,0.0,0.0,0.0,0.0,0.0,0.0,0.0,0.0,0.0,0.0,0.0
Sweep_AmplitudeStep_15pct,15.0,RA-EKF,Model-based,fast,30,0.0006844843450479366,0.0005392301934035,0.00042934767480145,0.0011836868243237902,0.00038017713537664565,0.00041348331593759995,0.0003310159585042,0.00027499097967334003,0.00073122152806209,0.0002079595397012606,0.004205981938380126,0.0030886938744636,0.00274175951740501,0.007447408347572033,0.0024855988221027924,0.0005448752628657468,0.00042530416792705,0.00032953505132188,0.0009305350919752102,0.0003193299265876401,0.0,0.0,0.0,0.0,0.0,9.999999999999998e-05,0.0001,0.0001,0.0001,4.135263320862086e-20,0.0,0.0,0.0,0.0,0.0,0.0020481091045350163,0.00160725012549605,0.0012603054914450602,0.0035228268039880204,0.001165032246046539,0.0,0.0,0.0,0.0,0.0,1.5516171682096551,1.5443267334180888,1.5111529532401136,1.6091225159531322,0.03965254656450362,0.31064576702021657,0.3100559070082927,0.3048390891190139,0.3164720123506266,0.004627348125211508,48.4947581043004,47.850592973877355,44.78406077780103,53.116016260327186,3.318725648083429,1.4157506364859082e-05,9.686399345770269e-06,3.0903453294381535e-06,3.014958795869994e-05,1.534594521109279e-05,19.867723398082823,19.67483287965484,18.19922041368072,22.597124233838862,1.7938067233885095,0.0,0.0,0.0,0.0,0.0,1.0,1.0,1.0,1.0,0.0,1.0,1.0,1.0,1.0,0.0,0.0625,0.0625,0.0625,0.0625,0.0,0.0625,0.0625,0.0625,0.0625,0.0,493.60122666666666,493.8451,435.5788,535.8481,45.90338111240062,1.0,1.0,1.0,1.0,0.0,0.0,0.0,0.0,0.0,0.0,0.0,0.0,0.0,0.0,0.0,0.0007267765636445568,0.0004328451877891,0.00028081403669212,0.0013346118189403006,0.0006984185052950436,0.0013655304353219933,0.00111095149157855,0.00055090641096058,0.00259336488121015,0.0008375005232505645,0.0011436947395120803,0.0009321183143313,0.00044020932736216,0.00211820898235032,0.0007308632760087767,0.0009374764861625068,0.0007353031889324999,0.00035797759068146,0.0017442671021901802,0.0006066787470235985,0.00205856337131057,0.00179363671082905,0.00107390443019779,0.00337216303860185,0.0009502863771270313,0.00024717280091804335,0.0002347145490138,0.00018678758696452,0.00028008182691700005,7.50939361166054e-05,0.0,0.0,0.0,0.0,0.0,0.0,0.0,0.0,0.0,0.0,0.0,0.0,0.0,0.0,0.0,0.0,0.0,0.0,0.0,0.0
Sweep_AmplitudeStep_15pct,15.0,UKF,Model-based,fast,30,0.0013075772538895468,0.00110649029071065,0.0005063400230077501,0.0024113997297778,0.0006854481446022897,0.0005293909497461301,0.00047376605548675,0.00024875971090017,0.00084942528192059,0.00022028371654560333,0.00805029841978513,0.007063994809893601,0.00280709932096377,0.0156254297841378,0.004664650712538295,0.0011922939012270698,0.0010228931667261,0.00044308649336831,0.0022579306869588904,0.0006553828983787461,0.0,0.0,0.0,0.0,0.0,9.999999999999998e-05,0.0001,0.0001,0.0001,4.135263320862086e-20,0.0,0.0,0.0,0.0,0.0,0.00410627265342745,0.003489620100699,0.0015743146850682101,0.00762014689470548,0.0021804740616028014,0.0,0.0,0.0,0.0,0.0,0.5030087866456275,0.5031991404891301,0.48778925544290525,0.5178796458871204,0.01113137675841111,0.0997075973033644,0.09916211692064655,0.09689626675859392,0.10324724658161924,0.0024268958906128436,38.60960071268538,37.7634497063395,34.99246743380423,43.459568583247616,3.3791078969799657,4.7829634092825677e-05,4.047614367169484e-05,1.7363408413493305e-05,9.561885023868045e-05,2.9422771764407092e-05,15.267284533575294,15.334796215025094,13.598781549173191,17.070810880876987,1.2887702117095214,0.0,0.0,0.0,0.0,0.0,1.0,1.0,1.0,1.0,0.0,1.0,1.0,1.0,1.0,0.0,0.0625,0.0625,0.0625,0.0625,0.0,0.0625,0.0625,0.0625,0.0625,0.0,427.1067433333333,419.7459,401.57425,467.05920000000003,31.941650379928323,1.0,1.0,1.0,1.0,0.0,0.0,0.0,0.0,0.0,0.0,0.0,0.0,0.0,0.0,0.0,0.00012448902552573198,0.0001171018091366,4.786349083559595e-05,0.00021936237175013,7.424923971372387e-05,0.00187206065402949,0.0020734481071254,0.00073521629099278,0.00271844728162053,0.0007712520312795939,0.0018011197375805835,0.0019937910111231,0.00059369570689093,0.0026535470544128002,0.0007649503384038005,0.0013522063125150036,0.00149093459946815,0.00049330063370481,0.0019718582059191497,0.0005467669510777693,0.0028782553068189567,0.00318107613041715,0.00137140364833774,0.00397646005298423,0.0010163068461373683,0.00038924983374816994,0.00035764381202405004,0.00015927985640166,0.0006487518589099,0.0001773247014851704,0.0,0.0,0.0,0.0,0.0,0.0,0.0,0.0,0.0,0.0,0.0,0.0,0.0,0.0,0.0,0.0,0.0,0.0,0.0,0.0
Sweep_AmplitudeStep_15pct,15.0,IPDFT,Window-based,fast,30,0.0021799986686946667,0.0023815951962992002,0.00069319945065962,0.00320292700378749,0.0009653294947570354,0.0007355501606697133,0.00077011881613245,0.00044399035568675003,0.0010243286705756101,0.00024708858255775135,0.0187263083570402,0.02053628575533745,0.00469009490225852,0.0278148545952127,0.008509836424021595,0.0020442484239476732,0.0022535030130661,0.00049231839613909,0.00306151391241906,0.0009509649517419737,0.0,0.0,0.0,0.0,0.0,9.999999999999998e-05,0.0001,0.0001,0.0001,4.135263320862086e-20,0.0,0.0,0.0,0.0,0.0,0.006868295432512867,0.0075306278553309,0.00196443432848445,0.01012200107625664,0.0030827307461697077,0.0,0.0,0.0,0.0,0.0,1.5369702918353785,1.709233909146235,0.45556198344165466,2.243105885636254,0.6729142058219073,0.19506024805739983,0.21619483686368304,0.06587012269119093,0.2831770639429664,0.08242565857448124,43.431919151534906,43.998868400794095,36.0640932009328,49.477055233762655,5.359940530984719,0.0001011830455234797,0.00010873238970194999,4.6888974781895165e-05,0.00014170677818109,3.8086438100500783e-05,10.608978513539373,10.1267522174694,9.548080662185434,11.660231838971912,1.3851764205412407,66.59999999999998,66.60000000000001,66.60000000000001,66.60000000000001,4.336137871936283e-14,1.0,1.0,1.0,1.0,0.0,1.0,1.0,1.0,1.0,0.0,0.0625,0.0625,0.0625,0.0625,0.0,0.0625,0.0625,0.0625,0.0625,0.0,336.23565666666667,329.3216,285.2167,386.1316,42.164224355886994,1.0,1.0,1.0,1.0,0.0,0.0,0.0,0.0,0.0,0.0,0.0,0.0,0.0,0.0,0.0,0.0004116804330346666,0.00034760632201825,0.00021914911805248,0.0006276953235985201,0.00019386086538357878,0.0023350561980759535,0.0024061660106603497,0.0007346185201932901,0.0037611705438181002,0.0011391940247337307,0.010333146566873317,0.011282538591182351,0.00261009027410997,0.015419694032206119,0.004708604425334417,0.008614966893037921,0.00951217575342355,0.00194619598068523,0.01282019419561265,0.004006195409968797,0.0187263083570402,0.02053628575533745,0.00469009490225852,0.0278148545952127,0.008509836424021595,0.00038771597059945,0.00037914522185100003,0.00025764935764802,0.0005225093572618901,0.00012810819736875625,0.0,0.0,0.0,0.0,0.0,0.0,0.0,0.0,0.0,0.0,0.0,0.0,0.0,0.0,0.0,0.0,0.0,0.0,0.0,0.0
Sweep_AmplitudeStep_15pct,15.0,TFT,Window-based,fast,30,0.00134521953720064,0.00143920758583215,0.0006974944093666501,0.00186830550518699,0.00048570271768486663,0.00050426408215952,0.0005330537880842,0.00028932320204191,0.0006833116706494102,0.00017331950784982587,0.011716657057111212,0.01296990119942265,0.00486488716961867,0.01693511416181077,0.004574707243445148,0.00124385010816264,0.0013229816427999,0.00063022227972908,0.00174533648105592,0.00046294649578413276,0.0,0.0,0.0,0.0,0.0,9.999999999999998e-05,0.0001,0.0001,0.0001,4.135263320862086e-20,0.0,0.0,0.0,0.0,0.0,0.004235814406647584,0.00453940244794215,0.0021880677916762898,0.00588485635146207,0.0015470852603882183,0.0,0.0,0.0,0.0,0.0,0.7474829884035472,0.8050896917755068,0.22344487071102037,1.11140197415871,0.3281862665055389,0.09594333585759604,0.11057057860646215,0.04506358560011741,0.12858495481393112,0.03244965306708203,37.583810630001956,37.868547282488606,30.108018493489702,44.02037675156068,5.025314715743468,6.483259093471248e-05,7.2736003521859e-05,1.7062666947658275e-05,9.877727933706318e-05,3.0860341396467505e-05,13.63735965285879,13.16477788271022,12.441438438605262,15.103327592911503,1.3522750149706313,83.30000000000003,83.3,83.3,83.3,1.4453792906454277e-14,1.0,1.0,1.0,1.0,0.0,1.0,1.0,1.0,1.0,0.0,0.0625,0.0625,0.0625,0.0625,0.0,0.0625,0.0625,0.0625,0.0625,0.0,371.1797033333333,368.1722,329.3216,421.32919000000004,37.86207981313488,1.0,1.0,1.0,1.0,0.0,0.0,0.0,0.0,0.0,0.0,0.0,0.0,0.0,0.0,0.0,0.00022998976694696578,0.0002111036600714,9.261617726634804e-05,0.00034045179404000017,0.00014043130611715663,0.00089441590108882,0.0009027265185887999,0.0002992740298994301,0.00134292543810836,0.0003948290349066225,0.0037738144285742866,0.0041263067415817,0.0011227464104500602,0.00583461559144589,0.001816206623628036,0.0036039654625496602,0.0039021456548647,0.0009236878037613101,0.005507242847752,0.0017212906589190342,0.005858864025897688,0.0063880991071094,0.00137456843517396,0.00896035510268681,0.0028146694701543734,0.0002522505944691563,0.00024507209739985,0.00015865332703911,0.00037115813262821,8.922003002661782e-05,0.0,0.0,0.0,0.0,0.0,0.0,0.0,0.0,0.0,0.0,0.0,0.0,0.0,0.0,0.0,0.0,0.0,0.0,0.0,0.0
Sweep_AmplitudeStep_20pct,20.0,RLS,Adaptive,fast,30,0.6780692669812814,0.6258226036030667,0.1647435296177646,1.1049062625899013,0.3467447259738875,0.3587381987749942,0.3358387884315974,0.13856668291657948,0.6572405166624942,0.1903505346330832,3.081416429267859,3.1520867328862003,0.557881072511821,5.008025642276813,1.6471876369487641,0.5670199827834491,0.5345553651500773,0.11441543920979122,0.9520105268465441,0.30643410893058864,0.29006000000000004,0.25870000000000004,0.02808000000000001,0.51742,0.20188985491411246,9.999999999999998e-05,0.0001,0.0001,0.0001,4.135263320862086e-20,0.17439999999999997,0.18335,0.02808000000000001,0.26054000000000005,0.0891899406729334,2.0597981471253415,1.9203019293879535,0.45542902650092204,3.3392400799814066,1.0762541679837183,1.05649,0.71095,0.54109,1.6501,0.5074673343317706,147.58978046061935,198.59822439701526,21.063148109949026,204.91849643054928,74.73387287352949,19.708558013102593,21.888695078450354,8.82498943950017,28.464136967831468,7.405294403790838,83.67567947154883,83.9133650742376,77.79012930693662,87.77455941661155,4.382204236457994,0.00857409120245873,0.0069312734746515,0.00362478946109538,0.014707650194583113,0.004936952721205359,14.216031208142756,14.17745310445716,13.309445771531212,15.39266337055349,0.9957388181028749,0.0,0.0,0.0,0.0,0.0,0.0,0.0,0.0,0.0,0.0,0.0,0.0,0.0,0.0,0.0,0.0625,0.0625,0.0625,0.0625,0.0,0.0625,0.0625,0.0625,0.0625,0.0,424.31185000000005,419.7459,386.1316,450.8544,26.0987038568869,1.0,1.0,1.0,1.0,0.0,0.0,0.0,0.0,0.0,0.0,0.0,0.0,0.0,0.0,0.0,0.2814363536694602,0.11830305189930486,0.022671444414604402,0.7619524890868787,0.34565416968324664,1.4167509495849804,1.5037608876348592,0.3970876739294181,1.9499576712795257,0.6739579950127392,2.448979963927456,2.5217582151093465,0.35233994848399186,3.9535193625286658,1.3491315009798444,2.291080804349176,2.2544905998831477,0.29259246223114127,3.83745405889071,1.321516641912748,3.0303168968635705,3.1520867328862003,0.4463019412487405,5.008025642276813,1.7214750516178763,0.32323786291747464,0.27724811997110455,0.08964480748008415,0.5571319106951222,0.178812613012907,0.7064900000000002,0.34235000000000004,0.15944,1.3220500000000002,0.5109988969216787,0.0,0.0,0.0,0.0,0.0,0.0,0.0,0.0,0.0,0.0,0.0,0.0,0.0,0.0,0.0
Sweep_AmplitudeStep_20pct,20.0,TKEO,Adaptive,fast,30,9.020079463931872,8.711407335397972,7.813950331251002,10.719045854353046,1.146581142563657,8.402406629398047,8.068831576521895,7.272497219219776,9.996182049686345,1.1453289128985658,13.136369357958362,12.907239045895253,11.6059867297278,14.760106849077106,1.3047248795505921,3.2662122787595442,3.2554353046369107,2.8141501281612196,3.6347190960361733,0.3151814766942142,1.6501000000000003,1.6501,1.6501,1.6501,0.0,9.999999999999998e-05,0.0001,0.0001,0.0001,4.135263320862086e-20,1.6501000000000003,1.6501,1.6501,1.6501,0.0,18.201043465676676,18.156670512891814,15.733595101713618,20.95369303783775,1.894357691265439,1.6501000000000003,1.6501,1.6501,1.6501,0.0,270.7510743393501,268.22972671659784,261.2101389788784,285.87776696258163,10.234915160392925,54.45195701866462,53.33426288760364,47.355289601047076,64.2781407741195,6.40611214040746,93.24430254201856,92.60177494937732,88.40195351425672,99.58823310595132,4.36197328096187,0.06502382298003517,0.06485874575600095,0.05643049015829115,0.07321122567995585,0.006781787535710073,11.756677098185905,11.284095328037331,9.548080662185434,14.813991815269523,2.176471677554177,0.30000000000000004,0.3,0.3,0.3,0.0,0.0,0.0,0.0,0.0,0.0,0.0,0.0,0.0,0.0,0.0,0.0625,0.0625,0.0625,0.0625,0.0,0.0625,0.0625,0.0625,0.0625,0.0,357.9353033333333,368.1722,305.7763,404.93568000000005,45.60044093410897,1.0,1.0,1.0,1.0,0.0,0.0,0.0,0.0,0.0,0.0,0.0,0.0,0.0,0.0,0.0,4.726373860666892,4.58592566339739,3.7353699296368714,6.200353566925124,0.9780920635914249,5.202889210178472,4.983379695205757,4.101121476282435,6.762019627435201,1.0060383774578847,5.364435386440846,5.1675297923658015,4.300764893139849,6.921025496551428,1.0125015185919113,5.618424621925878,5.452251914830365,4.585409859139861,7.283554766739107,1.0117766818688894,6.1114879395364055,5.962538573780385,5.047412025871422,7.605514384327815,1.027322830988563,7.8940884373488975,7.66192020476779,6.603257166364847,9.41254956495933,1.2716311764965242,1.3000999999999998,1.3001,1.26146,1.33874,0.029342096392208514,0.0,0.0,0.0,0.0,0.0,0.0,0.0,0.0,0.0,0.0,0.0,0.0,0.0,0.0,0.0
Sweep_AmplitudeStep_20pct,20.0,PLL,Loop-based,fast,30,0.21845226260112352,0.1658138051350389,0.16169551142458466,0.31498558083802397,0.13522743028093961,0.1646752247854356,0.14758777354468,0.14550192907246928,0.194334035695547,0.04395010032972832,0.9556771023618862,0.536166508225211,0.3100812897668355,2.4225889314133466,0.9520497260681134,0.13222363284946045,0.07557679567703315,0.07054423683904196,0.24769922037165476,0.1399386219722935,0.022160000000000003,0.0015999999999999999,0.0,0.07108000000000003,0.03977531377886159,9.999999999999998e-05,0.0001,0.0001,0.0001,4.135263320862086e-20,0.01633,0.00145,0.0,0.055080000000000025,0.03438532315212208,0.561346123333817,0.3743181605757796,0.3570950337720639,0.9374316968105112,0.4635433599504028,1.649016666666667,1.6491500000000001,1.6475000000000002,1.6501,0.0010167844288306825,177.33788019260405,174.2447492440924,173.94328813976225,187.4868647337138,5.940816313280326,121.71118238339658,121.69919897812244,121.60097674274776,121.83993534183091,0.10164954096303722,100.35711600979627,99.77892253262667,96.45664161374322,105.18184302148363,3.371831063841947,0.004248505066003078,0.0019360191967083499,0.00035924414452355,0.01276375007620858,0.0051504737213740855,8.844030269923275,8.824741218080478,8.390737551617502,9.28767846230765,0.4208907752541513,0.0,0.0,0.0,0.0,0.0,0.0,0.0,0.0,0.0,0.0,0.0,0.0,0.0,0.0,0.0,0.0625,0.0625,0.0625,0.0625,0.0,0.0625,0.0625,0.0625,0.0625,0.0,316.12857666666673,318.69115,285.2167,349.2886,29.392987082104245,1.0,1.0,1.0,1.0,0.0,0.0,0.0,0.0,0.0,0.0,0.0,0.0,0.0,0.0,0.0,0.16165811310418274,0.1613619758116804,0.16114621607410842,0.16159683480466439,0.0015859654846807497,0.1800007147032601,0.18031247135230935,0.17325654394846954,0.1854647816269857,0.0044857318123595336,0.16848630309596477,0.16861744831055592,0.16642007600172987,0.17000714849559234,0.0013045923346115124,0.1650533433419773,0.1651029096360661,0.16387730972342315,0.16598280733471343,0.0007480014851361808,0.2985774484434894,0.2990209220194231,0.27243829860170765,0.32517290233727325,0.021794281514157805,0.16133003609197466,0.16132436681095064,0.16115205577659472,0.16151178206683983,0.00013548313280451298,1.2990166666666667,1.2988,1.25868,1.3387,0.029281794783570333,0.0,0.0,0.0,0.0,0.0,0.0,0.0,0.0,0.0,0.0,0.0,0.0,0.0,0.0,0.0
Sweep_AmplitudeStep_20pct,20.0,SOGI-FLL,Loop-based,fast,30,0.0054853477513472195,0.00556193200768495,0.0048107910835644505,0.00630421711870034,0.0005589412436009057,0.004663431991886546,0.00468885934335235,0.00426836658250024,0.00509109004309648,0.00028679105204819876,0.019697311795501042,0.01954650273038175,0.01580540844604875,0.02345204384264569,0.003256226760219777,0.0028612957781398167,0.0029667940929456,0.0019735499064707502,0.00371802903222045,0.0006244355903776017,0.0,0.0,0.0,0.0,0.0,9.999999999999998e-05,0.0001,0.0001,0.0001,4.135263320862086e-20,0.0,0.0,0.0,0.0,0.0,0.013247319326306147,0.01360496990624825,0.010377203445994451,0.01624517713975784,0.002146975650928782,0.0,0.0,0.0,0.0,0.0,0.8725349087779222,0.8576667565041163,0.7482182816840321,1.0549762378229133,0.10191938777310844,0.15081554026255498,0.14386989335514105,0.12003374276913503,0.1936610746995066,0.026395508402486292,42.07419652594587,42.167118890509165,37.54119020521706,47.87831748181196,3.967201660922199,9.00485573035504e-05,9.412543203114092e-05,3.769984326602025e-05,0.0001415228720388,4.0261132823914986e-05,8.77651858847348,8.680073329259486,8.390737551617502,9.25874488454345,0.3509518191484289,0.0,0.0,0.0,0.0,0.0,1.0,1.0,1.0,1.0,0.0,1.0,1.0,1.0,1.0,0.0,0.0625,0.0625,0.0625,0.0625,0.0,0.0625,0.0625,0.0625,0.0625,0.0,304.97846,308.0607,260.3733,329.3216,31.914810793170336,1.0,1.0,1.0,1.0,0.0,0.0,0.0,0.0,0.0,0.0,0.0,0.0,0.0,0.0,0.0,0.003633779981393107,0.00361761947290465,0.00350176140238118,0.00378701078926529,0.00012522741123847128,0.007808748850192523,0.007538486098517001,0.00334103322136212,0.013809373506238471,0.004001386795477238,0.00870819019400008,0.00767394793609605,0.0041956663032696705,0.0149507894408255,0.004076875657692028,0.011301757487013132,0.01113446313096495,0.00944274060461673,0.01395172202656723,0.0016164513313607551,0.016897197127204985,0.01725338767730015,0.01175458463053612,0.021129391232445692,0.003356350821029291,0.0037930159157725895,0.003790263457365,0.00377463379676523,0.00383817915423287,4.083970382890975e-05,0.0,0.0,0.0,0.0,0.0,0.0,0.0,0.0,0.0,0.0,0.0,0.0,0.0,0.0,0.0,0.0,0.0,0.0,0.0,0.0
Sweep_AmplitudeStep_20pct,20.0,SOGI-PLL,Loop-based,fast,30,0.017664763589756986,0.01594964889765435,0.005693279657872361,0.027807915252980552,0.01048475431552672,0.00649700264948032,0.00592411244282775,0.00290654993959125,0.00998914920211571,0.0029732058283202154,0.11725201189836883,0.10426771763565765,0.05252203733144042,0.13988551660757478,0.1172263760490707,0.01639072110940137,0.01479580860339925,0.00489474346971822,0.025951614013231802,0.01011473184344085,0.00016333333333333334,0.0,0.0,0.0,0.0008946135105917708,9.999999999999998e-05,0.0001,0.0001,0.0001,4.135263320862086e-20,0.00016333333333333334,0.0,0.0,0.0,0.0008946135105917708,0.05566916597768457,0.050343396870594345,0.01759078034874601,0.08784399124181132,0.033274331307826956,0.0005266666666666667,0.0,0.0,0.0,0.002884672136193875,10.76979801563501,11.061498438253992,3.5003163561118105,14.928008223826339,5.99661120893526,1.815975271555159,1.7832628395292693,1.3822576087426799,2.0595262474124665,0.4401648875074127,63.640155092395055,63.01163656369667,58.02298225481776,70.17961582913068,4.22369161196813,0.0006424470833843234,0.0005489147209071,0.00020749743232141002,0.00084277436166331,0.0007021150119567984,9.017631736508466,8.96940910690147,8.651139751495288,9.548080662185434,0.5268844990721109,0.0,0.0,0.0,0.0,0.0,0.5,0.5,0.0,1.0,0.5085476277156078,0.9666666666666667,1.0,1.0,1.0,0.1825741858350553,0.0625,0.0625,0.0625,0.0625,0.0,0.0625,0.0625,0.0625,0.0625,0.0,308.8504166666666,308.0607,260.3733,349.2886,29.942000452381308,1.0,1.0,1.0,1.0,0.0,0.0,0.0,0.0,0.0,0.0,0.0,0.0,0.0,0.0,0.0,0.00203760516610637,0.00185914387359755,0.00177915937329499,0.00216696332898525,0.0006327388712142118,0.04031973188383846,0.043469226059799346,0.00863154679675024,0.07287979267495236,0.024089664196053528,0.024514265899516656,0.02644070801384405,0.00540098231788154,0.04427137975048034,0.01455315025247683,0.01852517861278755,0.01993935303288585,0.004019965284056221,0.03368258170785673,0.011087089444974621,0.0655841564528124,0.07220022975326396,0.01542035343136299,0.11585171021025353,0.038081022788810384,0.00179880563147854,0.0017955843167078499,0.0017718835641852,0.00182643081774698,2.250971923688101e-05,0.0,0.0,0.0,0.0,0.0,0.0,0.0,0.0,0.0,0.0,0.0,0.0,0.0,0.0,0.0,0.0,0.0,0.0,0.0,0.0
Sweep_AmplitudeStep_20pct,20.0,Type-3 SOGI-PLL,Loop-based,fast,30,0.03267671887712029,0.0246071301013508,0.007421303052898321,0.06417820722665815,0.027290204291016244,0.009669091983745888,0.0077230208738285,0.00390112996914979,0.01646704908635363,0.0060717434140727,0.28991393274256294,0.22016884348823135,0.06407789910467722,0.5800581512126273,0.2498992949567395,0.03111156053149638,0.02336369798409165,0.006311938343789881,0.06202965717758072,0.026729299966961426,0.002373333333333333,0.0,0.0,0.005890000000000007,0.0068741361003719454,9.999999999999998e-05,0.0001,0.0001,0.0001,4.135263320862086e-20,0.002373333333333333,0.0,0.0,0.005890000000000007,0.0068741361003719454,0.1030037735782352,0.07781411482610359,0.02283694500051973,0.20255602061909597,0.08625163375774905,0.015443333333333333,0.0032500000000000003,0.0,0.04317,0.020078598716961833,8.26272482442055,6.600465295569791,4.923801612740419,12.598574782717979,4.032302160221516,2.313932716731874,2.180090710847526,2.0773655648007177,2.6259438274091833,0.33369347885192424,65.83134867750876,64.62059205364504,61.480433959278876,70.8872403687598,3.470947335293857,0.0017506246184890164,0.0013925563524368502,0.0002843734640224,0.00365545783319661,0.0014850962614585438,9.827771913906018,9.837416439827418,9.25874488454345,10.416087995111385,0.36028691362046494,0.0,0.0,0.0,0.0,0.0,0.3333333333333333,0.0,0.0,1.0,0.47946330148538413,0.8,1.0,0.0,1.0,0.4068381021724863,0.0625,0.0625,0.0625,0.0625,0.0,0.0625,0.0625,0.0625,0.0625,0.0,329.1994266666667,329.3216,260.3733,368.1722,38.50434949622626,1.0,1.0,1.0,1.0,0.0,0.0,0.0,0.0,0.0,0.0,0.0,0.0,0.0,0.0,0.0,0.0027031898267229734,0.0026461959098807,0.00261008675097097,0.00271734863862707,0.00023361742081911822,0.03116027150871053,0.0286301389516928,0.01214488354567741,0.05711801899971209,0.017236743562945682,0.021387976927496687,0.01927373642232625,0.00867846030182917,0.037599115917350816,0.010736486584514603,0.015944246340276174,0.0144987027414074,0.006416462109931091,0.02796163406291315,0.007987831574902177,0.04515199705610722,0.0397572828237535,0.02366283370003823,0.07539875988626071,0.019247948270703787,0.0026343471640039432,0.0026325623081230503,0.00261575913698062,0.00265052952639746,1.5153391568057884e-05,0.0,0.0,0.0,0.0,0.0,0.0,0.0,0.0,0.0,0.0,0.0,0.0,0.0,0.0,0.0,0.0,0.0,0.0,0.0,0.0
Sweep_AmplitudeStep_20pct,20.0,ZCD,Loop-based,fast,30,0.01177236648711242,0.0113451689905456,0.00613074088609937,0.01733210873931724,0.004192164317231484,0.00936423289589929,0.00889715367509225,0.0048012494498461105,0.013783030426296021,0.0033389086088544766,0.03368949156897893,0.03312701393736715,0.01707548297647674,0.04905161518721066,0.013722956910757955,0.007123657879468753,0.006962023592014701,0.0038108491450666105,0.01054165498963042,0.0025660220105691678,0.0,0.0,0.0,0.0,0.0,9.999999999999998e-05,0.0001,0.0001,0.0001,4.135263320862086e-20,0.0,0.0,0.0,0.0,0.0,0.03073520653430566,0.029985375014424352,0.016233796885046028,0.04555840758869571,0.010981446405366021,0.0,0.0,0.0,0.0,0.0,82.06069518533118,77.44331975690244,40.405260911398955,121.719925077322,30.2889438767143,11.130048675890981,10.580758180902873,5.731043107279262,16.205655822975938,3.9665955946246063,78.9784937915483,78.89913233691311,78.3194312879191,79.95660089056733,0.7209641743099032,0.0016977987922665134,0.0015244719449942499,0.00078852232622892,0.002892434640391571,0.0010406805560174855,6.027828700874644,6.07605133048164,4.918708219913709,6.9440586634075885,0.811576081780741,16.699999999999996,16.7,16.7,16.7,7.226896453227138e-15,0.9666666666666667,1.0,1.0,1.0,0.1825741858350553,1.0,1.0,1.0,1.0,0.0,0.0625,0.0625,0.0625,0.0625,0.0,0.0625,0.0625,0.0625,0.0625,0.0,216.65175,201.6955,164.6882,285.2167,44.05601413242441,1.0,1.0,1.0,1.0,0.0,0.0,0.0,0.0,0.0,0.0,0.0,0.0,0.0,0.0,0.0,0.013196380604745934,0.009781870133885099,0.00461844382826642,0.023542285242077573,0.008194980470828048,0.010443868321203796,0.00698309048536525,0.00319095225137162,0.020661871510516426,0.008751825014129085,0.010744227453914627,0.0100302909100698,0.00407967784657041,0.017970409790170006,0.005984478132207831,0.011200452152982262,0.0113507053962138,0.00442536340604213,0.01815002847826208,0.006295921284743363,0.018512516873542686,0.01659590583172485,0.0075448054481049905,0.033755272201436474,0.010502597283382209,0.011294744087577144,0.01111605098782065,0.0056745892977976406,0.01640457875739205,0.0047900243778000225,0.0,0.0,0.0,0.0,0.0,0.0,0.0,0.0,0.0,0.0,0.0,0.0,0.0,0.0,0.0,0.0,0.0,0.0,0.0,0.0
Sweep_AmplitudeStep_20pct,20.0,EKF,Model-based,fast,30,0.002891676147080713,0.00270983575957745,0.00054980814761977,0.00562951622480974,0.001973777596061168,0.001218390099707441,0.0012213274028829999,0.00028494843657046,0.0021893843085374802,0.0007673350007327012,0.012672155842477127,0.0116983384742823,0.0027572347040454004,0.02462926541514171,0.008591124966216467,0.002619784634122713,0.0024189410285459,0.0004786853645079,0.00513747087343365,0.0018225049465510458,0.0,0.0,0.0,0.0,0.0,9.999999999999998e-05,0.0001,0.0001,0.0001,4.135263320862086e-20,0.0,0.0,0.0,0.0,0.0,0.009077744002075746,0.008478150488520901,0.0017061933470109401,0.01773840155355125,0.006231100973968261,0.0,0.0,0.0,0.0,0.0,0.1568093434857568,0.15365055060279076,0.1387955480662839,0.17958131722650703,0.01560567940929448,0.033521380061333386,0.033742473448804,0.024342960286233162,0.04359802942246326,0.007753462184907163,28.66487142443183,28.432392865896823,23.97419552465336,33.30981552606333,3.696449159419011,7.389899257891458e-05,7.284151415029926e-05,9.11683087295395e-06,0.00014252579315499,5.304391031856052e-05,14.283542889592553,14.466788882099143,12.32570412754847,16.231737125715238,1.5691670144774807,0.0,0.0,0.0,0.0,0.0,1.0,1.0,1.0,1.0,0.0,1.0,1.0,1.0,1.0,0.0,0.0625,0.0625,0.0625,0.0625,0.0,0.0625,0.0625,0.0625,0.0625,0.0,395.23435666666677,403.2901,329.3216,437.10636,44.487479628633245,1.0,1.0,1.0,1.0,0.0,0.0,0.0,0.0,0.0,0.0,0.0,0.0,0.0,0.0,0.0,0.0011539252299904447,0.0011191751298248,9.739614308540888e-05,0.0025440237833947305,0.0009375172656986913,0.001587936133478533,0.0015857200685345,0.0006225238549581501,0.0026512219517550303,0.0007996080080845888,0.0017571643835741996,0.0018276918690315,0.00042491898634589,0.0029679747229530602,0.0009123451377867138,0.0013241269581513767,0.0013671811220803002,0.00032579424627949,0.00221310463221134,0.000667437414768373,0.0023893045457019394,0.0024322527696014,0.00108876265560979,0.00373104792725266,0.0010218609148040581,0.0004937230178381222,0.0005173482116866,0.00016083353635524002,0.0007685682660610601,0.00024118236073231375,0.0,0.0,0.0,0.0,0.0,0.0,0.0,0.0,0.0,0.0,0.0,0.0,0.0,0.0,0.0,0.0,0.0,0.0,0.0,0.0
Sweep_AmplitudeStep_20pct,20.0,LKF,Model-based,fast,30,0.00410034386937175,0.0040778827433493505,0.00392316288478669,0.00431243914345637,0.00013099291733124498,0.0035769713124405565,0.0035761197002233003,0.00348372422352611,0.0036487082750205997,6.343963333568858e-05,0.01729016213149771,0.0157937284700366,0.01020208025542069,0.02738810934824506,0.0056651851027280774,0.002000838749913063,0.0019764456211712,0.00180440407236405,0.0022949403961747598,0.00016847320257838092,0.0,0.0,0.0,0.0,0.0,9.999999999999998e-05,0.0001,0.0001,0.0001,4.135263320862086e-20,0.0,0.0,0.0,0.0,0.0,0.009579487562179868,0.00948456090157055,0.00889632833575756,0.01053292087203048,0.0005554809340259583,0.0,0.0,0.0,0.0,0.0,5.3998092204885495,5.398631264919018,5.392151956129965,5.406639954822268,0.007922789431992998,2.9649158048100546,2.9648149596166564,2.9604892585611537,2.9684089551367046,0.0033820502162468795,68.09088961818021,67.49296201034088,64.18314972289669,72.93102065460315,3.3730733313344246,8.967382746424848e-05,9.363955005299397e-05,4.7153627362519384e-05,0.00012719703970896,3.62601509231458e-05,14.688612978291328,13.598781549173191,10.96582597263115,19.964168657296817,3.498272457433555,7.900000000000002,7.9,7.9,7.9,3.613448226613569e-15,1.0,1.0,1.0,1.0,0.0,1.0,1.0,1.0,1.0,0.0,0.0625,0.0625,0.0625,0.0625,0.0,0.0625,0.0625,0.0625,0.0625,0.0,405.31661999999994,386.1316,327.19551,508.6801,69.49666044156318,1.0,1.0,1.0,1.0,0.0,0.0,0.0,0.0,0.0,0.0,0.0,0.0,0.0,0.0,0.0,0.0038801113082998235,0.00388369286394675,0.00386096764247101,0.00390030545951814,1.9970384926256847e-05,0.009546051984394678,0.00853377003022125,0.00517487419535259,0.01615521337850718,0.0038844469604355355,0.006802671486378033,0.00618473847728605,0.00434862259888358,0.01085606390196262,0.0022201264523914613,0.00568416874953095,0.00525661083096175,0.0041606548346024,0.00835891760624736,0.00144187232278879,0.016857847458926458,0.0157937284700366,0.00955986845821993,0.02738810934824506,0.006192401427392824,0.003936915802112843,0.0039343297139048,0.00392716978712006,0.00395820321201676,1.1418336729647136e-05,0.0,0.0,0.0,0.0,0.0,0.0,0.0,0.0,0.0,0.0,0.0,0.0,0.0,0.0,0.0,0.0,0.0,0.0,0.0,0.0
Sweep_AmplitudeStep_20pct,20.0,LKF2,Model-based,fast,30,0.006118930572841186,0.0039619576169866,0.00247059943067827,0.01273176294536683,0.004022797058606595,0.0023996816884596095,0.0018810607642906,0.00124590082842356,0.00421014327946137,0.0011168133393678168,0.04085115549541168,0.025548444610066598,0.01926612396138123,0.08100433413324944,0.02772122393770056,0.0056061210618912425,0.00349893494995315,0.00212718827795682,0.011988784609630331,0.003898542936104316,0.0,0.0,0.0,0.0,0.0,9.999999999999998e-05,0.0001,0.0001,0.0001,4.135263320862086e-20,0.0,0.0,0.0,0.0,0.0,0.019218044874133488,0.0123399910039156,0.00763757882328507,0.04025137598503551,0.012805786858845963,0.0,0.0,0.0,0.0,0.0,4.694368314549872,4.67580685315383,4.343145450464547,5.040721069077492,0.2652119824844243,1.3078206874737135,1.2709512366001725,1.148158321822239,1.513884652089833,0.14412501497723224,60.9299821959153,60.52504437085029,57.70252050189064,65.05418054879968,3.0863935085765384,0.00022598043669291244,0.00012832222047500001,8.201640194666983e-05,0.00046755319976149007,0.00018676206017407982,14.823636341190923,15.334796215025094,12.412504860841064,16.810408680999203,1.8653602980068842,0.0,0.0,0.0,0.0,0.0,1.0,1.0,1.0,1.0,0.0,1.0,1.0,1.0,1.0,0.0,0.0625,0.0625,0.0625,0.0625,0.0,0.0625,0.0625,0.0625,0.0625,0.0,412.43627,419.7459,347.2919,479.9445,54.91779596858382,1.0,1.0,1.0,1.0,0.0,0.0,0.0,0.0,0.0,0.0,0.0,0.0,0.0,0.0,0.0,0.0006759483510372847,0.00041784571716434995,0.00011577530195718472,0.0017199284674732202,0.0006569193073465926,0.012652150660218107,0.012606303765909599,0.00785953031438689,0.017628714562018657,0.0038761674836189676,0.009340590018582874,0.00919676553159555,0.00616039394690949,0.01256369432250908,0.002567472067146708,0.007188475324183774,0.00703267902543635,0.0050554835857115395,0.00937098252988144,0.0017235094301051824,0.020088925339455162,0.019725430420731202,0.01377814911564593,0.026685421762378692,0.005069506809943033,0.0020835543495029067,0.00207850858730395,0.0018970343257312299,0.00230774514452363,0.0001527193732444217,0.0,0.0,0.0,0.0,0.0,0.0,0.0,0.0,0.0,0.0,0.0,0.0,0.0,0.0,0.0,0.0,0.0,0.0,0.0,0.0
Sweep_AmplitudeStep_20pct,20.0,RA-EKF,Model-based,fast,30,0.0007064249529266167,0.0005753956919315,0.00044009651563187,0.0012108504515288502,0.0003777981588718213,0.0004311992572071133,0.00036182572853865,0.00028771506829898,0.0007544567403289101,0.0002062114760742901,0.00429876738576496,0.00324435757688945,0.00274175951740501,0.007447408347572033,0.002454743930157164,0.0005588309071914167,0.000449716695993,0.00033430549898964,0.0009467877641947202,0.00031787999034303606,0.0,0.0,0.0,0.0,0.0,9.999999999999998e-05,0.0001,0.0001,0.0001,4.135263320862086e-20,0.0,0.0,0.0,0.0,0.0,0.0021076919787814934,0.0017119885805057002,0.00128634169135152,0.0035948200329130806,0.001158849088039443,0.0,0.0,0.0,0.0,0.0,1.5531591773368565,1.5449800417322024,1.5111529532401136,1.6108020496101716,0.03986917246322951,0.3152581022568853,0.3146788110856505,0.3082299622320846,0.32211566215468374,0.005266334691077342,48.6225430726651,47.962472933914285,44.925084569792276,53.236332757781575,3.312742176383334,1.5537209909195207e-05,1.1284295877365176e-05,3.3270885131965744e-06,3.062045050210194e-05,1.5240968138088005e-05,18.044907998938335,17.93881821380294,15.50839768161028,20.54284021258078,2.060651531171316,0.0,0.0,0.0,0.0,0.0,1.0,1.0,1.0,1.0,0.0,1.0,1.0,1.0,1.0,0.0,0.0625,0.0625,0.0625,0.0625,0.0,0.0625,0.0625,0.0625,0.0625,0.0,463.46612666666675,465.6275,418.10032,508.6801,45.49408350188522,1.0,1.0,1.0,1.0,0.0,0.0,0.0,0.0,0.0,0.0,0.0,0.0,0.0,0.0,0.0,0.0007267765636445568,0.0004328451877891,0.00028081403669212,0.0013346118189403006,0.0006984185052950436,0.0016544769010818801,0.0013425291485086,0.0006659888521085301,0.00304628277188585,0.0009528526901056648,0.0013576924089320997,0.00115255656172745,0.00048673024269574,0.00253197209380359,0.0008186444741865618,0.00109440003529703,0.0009453147806474001,0.00040653058680918,0.00198375643172742,0.0006668529133808498,0.0025264450276421264,0.00220293086502105,0.0012812709622757202,0.0039781933434276506,0.0010977229274372468,0.0002697232055343966,0.000260628170636,0.00019908059952489002,0.00032704375249755,6.990591465448582e-05,0.0,0.0,0.0,0.0,0.0,0.0,0.0,0.0,0.0,0.0,0.0,0.0,0.0,0.0,0.0,0.0,0.0,0.0,0.0,0.0
Sweep_AmplitudeStep_20pct,20.0,UKF,Model-based,fast,30,0.0013671557583867734,0.0011254220010973501,0.0005604921421247501,0.0024353875215962803,0.0006649801540786859,0.0005750534480140067,0.00052568051056095,0.00027793873247847,0.0008997479918959401,0.00022606796032691918,0.00829645903806545,0.007063994809893601,0.00315114527444243,0.0156254297841378,0.0044377682027399445,0.0012371320889632733,0.0010314923567234001,0.00048885761959092,0.00226701491907856,0.0006319003200137208,0.0,0.0,0.0,0.0,0.0,9.999999999999998e-05,0.0001,0.0001,0.0001,4.135263320862086e-20,0.0,0.0,0.0,0.0,0.0,0.004286449714903985,0.0035394764561505502,0.00174074326135558,0.007690541748904441,0.0021138637548567076,0.0,0.0,0.0,0.0,0.0,0.6694935117857644,0.6714892640768966,0.6504650578769144,0.6905267277090843,0.015217445360968005,0.13089334185921023,0.1308488201012666,0.12749778110328097,0.13390006067404564,0.0025135627872915163,40.97972148276373,40.14648196319983,37.38437587189257,45.884832390274774,3.37225575590035,4.849886272967112e-05,4.0899423859189205e-05,1.7380068423247208e-05,9.712751674103872e-05,2.9859439801816347e-05,15.980979451758854,15.479464103846084,13.83025017128678,18.28602114697332,2.059530520213903,0.0,0.0,0.0,0.0,0.0,1.0,1.0,1.0,1.0,0.0,1.0,1.0,1.0,1.0,0.0,0.0625,0.0625,0.0625,0.0625,0.0,0.0625,0.0625,0.0625,0.0625,0.0,432.7740166666666,435.5788,368.1722,481.33456,45.23777923616563,1.0,1.0,1.0,1.0,0.0,0.0,0.0,0.0,0.0,0.0,0.0,0.0,0.0,0.0,0.0,0.00012448902552573198,0.0001171018091366,4.786349083559595e-05,0.00021936237175013,7.424923971372387e-05,0.002486844364707206,0.0027364504729995498,0.00098316239676565,0.00360170057125992,0.0010162335596848565,0.0023821696977738534,0.0026425289608665503,0.00079044953986909,0.00346985750719849,0.0010040375637959972,0.0017816413736678166,0.0019653231817896,0.0006560859195803999,0.00258150255960184,0.0007142861121697485,0.0038221913984457434,0.0041876997822889,0.0018228958129021201,0.00528954812450444,0.0013431318929097039,0.0005099424811296767,0.00045786428541615,0.00020453964783434,0.0008518793575013501,0.00023207822823965825,0.0,0.0,0.0,0.0,0.0,0.0,0.0,0.0,0.0,0.0,0.0,0.0,0.0,0.0,0.0,0.0,0.0,0.0,0.0,0.0
Sweep_AmplitudeStep_20pct,20.0,IPDFT,Window-based,fast,30,0.002811788218438097,0.0030881352240634,0.00078395638048624,0.00413309090642379,0.0012701635721020655,0.0008671518710565701,0.0009256131215597001,0.00050142118702581,0.00122627105564712,0.0003080098401425391,0.024349462362494686,0.02687668741359055,0.00604807147506599,0.03606785708822855,0.011064894759811717,0.0026684849511738732,0.00294170576402625,0.00060400440634789,0.003988588997518381,0.0012461883707544767,0.0,0.0,0.0,0.0,0.0,9.999999999999998e-05,0.0001,0.0001,0.0001,4.135263320862086e-20,0.0,0.0,0.0,0.0,0.0,0.008872606724578354,0.009763268006825601,0.00230779460989118,0.01306764566346669,0.004033733336788885,0.0,0.0,0.0,0.0,0.0,1.9935413381855227,2.2227564201404704,0.5953737685029381,2.903008636685911,0.8713437223404549,0.2520359823488302,0.28018972245264684,0.07852206538237679,0.3662611945344022,0.10818048123856844,45.611241457660604,46.284110469949276,38.11308329872887,51.746595855916155,5.5009411843430955,0.0001312938591729783,0.00014047628973845,5.926175142620548e-05,0.00018478536967539,4.971563081837723e-05,13.106910727181823,13.16477788271022,11.284095328037331,15.074394015147305,1.5556176912782702,66.59999999999998,66.60000000000001,66.60000000000001,66.60000000000001,4.336137871936283e-14,1.0,1.0,1.0,1.0,0.0,1.0,1.0,1.0,1.0,0.0,0.0625,0.0625,0.0625,0.0625,0.0,0.0625,0.0625,0.0625,0.0625,0.0,395.7629933333333,403.2901,329.3216,465.6275,54.26749536911756,1.0,1.0,1.0,1.0,0.0,0.0,0.0,0.0,0.0,0.0,0.0,0.0,0.0,0.0,0.0,0.0004116804330346666,0.00034760632201825,0.00021914911805248,0.0006276953235985201,0.00019386086538357878,0.0030779692231909603,0.0032703140891698,0.0009566049246129302,0.00492385351445827,0.0015032807317196454,0.01341362071051902,0.01476420246481585,0.00342221635109947,0.01994755361619016,0.0061073598301735225,0.011213760950859127,0.01236268825671275,0.00255153810909179,0.01665741194230605,0.005213002427021353,0.024349462362494686,0.02687668741359055,0.00604807147506599,0.03606785708822855,0.011064894759811717,0.00038298884614824003,0.00037434938632595,0.00025258098105637,0.0004982962963123401,0.00012377924593696385,0.0,0.0,0.0,0.0,0.0,0.0,0.0,0.0,0.0,0.0,0.0,0.0,0.0,0.0,0.0,0.0,0.0,0.0,0.0,0.0
Sweep_AmplitudeStep_20pct,20.0,TFT,Window-based,fast,30,0.00166736127571573,0.00181783014297105,0.00082727014491059,0.00236532965218852,0.0006553591602604454,0.0005957475663108398,0.0006432389624857,0.00032598199697654004,0.0008279385923612801,0.00021540472162242128,0.012261037032267276,0.01296990119942265,0.0063378478693515,0.01693511416181077,0.004197766248911354,0.001554372147637087,0.0016847271152567,0.00075532427940405,0.00223518421994825,0.0006265110627197237,0.0,0.0,0.0,0.0,0.0,9.999999999999998e-05,0.0001,0.0001,0.0001,4.135263320862086e-20,0.0,0.0,0.0,0.0,0.0,0.005258864009222235,0.0057292960093846,0.00260217342525234,0.00747923153750371,0.002083621782932604,0.0,0.0,0.0,0.0,0.0,0.7602755291031826,0.8050896917755068,0.28204251213814757,1.11140197415871,0.3121418047979164,0.10560129282423444,0.11776984581985385,0.05531525582770301,0.1416314464520309,0.03385171325570751,38.46827987462822,38.8769796971723,30.939801391884078,45.278189074864635,4.969367771459794,6.481098209060931e-05,7.26076990135515e-05,1.703772071701541e-05,9.902675227441767e-05,3.087039809195957e-05,16.839342258763402,16.926142992055993,14.148519526692962,19.70376645741904,2.111734284381685,83.30000000000003,83.3,83.3,83.3,1.4453792906454277e-14,1.0,1.0,1.0,1.0,0.0,1.0,1.0,1.0,1.0,0.0,0.0625,0.0625,0.0625,0.0625,0.0,0.0625,0.0625,0.0625,0.0625,0.0,423.5456566666666,419.7459,349.2886,495.19694000000004,56.690870478269424,1.0,1.0,1.0,1.0,0.0,0.0,0.0,0.0,0.0,0.0,0.0,0.0,0.0,0.0,0.0,0.00022998976694696578,0.0002111036600714,9.261617726634804e-05,0.00034045179404000017,0.00014043130611715663,0.00115495704307465,0.0012493869658851998,0.00042275892821632007,0.00174989230312038,0.0005179477542580545,0.0050121472995419405,0.00544568533360555,0.0014073322297623201,0.00773164669774704,0.002421993763243771,0.004749590728398023,0.0051215065358021,0.0011772609750452202,0.00726437868881214,0.002273977456885417,0.007771839601074456,0.0084088682326566,0.00177119949329236,0.01189012646171361,0.003731306645429882,0.0002769355015425589,0.00028530374177395,0.00015698384613956003,0.00041341860856002,9.760221011896798e-05,0.0,0.0,0.0,0.0,0.0,0.0,0.0,0.0,0.0,0.0,0.0,0.0,0.0,0.0,0.0,0.0,0.0,0.0,0.0,0.0
Sweep_AmplitudeStep_25pct,25.0,RLS,Adaptive,fast,30,0.7230126990801525,0.7388801747913818,0.20723279813106607,1.275499449932045,0.376963545260282,0.36942841217064987,0.3430188293712394,0.13786156561510332,0.5877321199756035,0.18766839169694277,3.308622521006791,3.384460858789478,0.6532604957068266,5.9449632587310735,1.800608103743791,0.6147448173852227,0.5990458962730068,0.1414481578958794,1.069926641375646,0.3398957858280768,0.2884566666666667,0.2808,0.04716000000000002,0.50343,0.17042888026941053,9.999999999999998e-05,0.0001,0.0001,0.0001,4.135263320862086e-20,0.18073666666666668,0.19674999999999998,0.04716000000000002,0.28131,0.08769641790086799,2.213662864326318,2.2147839383144317,0.5733879663134472,3.965297211616442,1.1799718818925706,1.0388933333333332,0.7140500000000001,0.53434,1.6501,0.5058464200166668,152.88096083976296,198.65305529589426,26.919731390272265,204.91849643054928,73.3234183586059,20.43263631730516,21.49942361445102,8.806633207844694,27.919352118226392,7.586582622870055,84.01263858954297,83.94612018979016,77.90998501924766,88.34304552107204,4.4515557607191845,0.008502169192253313,0.0073076830209428,0.0036553967953566603,0.014351830397162021,0.00469179412630109,14.02314068971477,13.888117326815175,13.598781549173191,14.756124659741126,0.4413140631893334,0.0,0.0,0.0,0.0,0.0,0.0,0.0,0.0,0.0,0.0,0.0,0.0,0.0,0.0,0.0,0.0625,0.0625,0.0625,0.0625,0.0,0.0625,0.0625,0.0625,0.0625,0.0,411.91984333333335,403.2901,368.1722,452.33171000000004,33.553710063313204,1.0,1.0,1.0,1.0,0.0,0.0,0.0,0.0,0.0,0.0,0.0,0.0,0.0,0.0,0.0,0.2814363536694602,0.11830305189930486,0.022671444414604402,0.7619524890868787,0.34565416968324664,1.4507759400764741,1.506005381424319,0.4149095562662218,1.9430158822344283,0.6652550052986266,2.5990042303740024,2.804303050520565,0.3861916781271798,4.481734397712197,1.4136041780722743,2.459484083652782,2.501668572250435,0.3245722222879229,4.580986980420992,1.4296188026427847,3.2585244333792,3.384460858789478,0.46014989541249635,5.9449632587310735,1.8738902721610557,0.3548780412138569,0.3481372199133548,0.08288504251699615,0.6576884759923611,0.21325036532569813,0.6888933333333334,0.3664,0.15434,1.2977699999999999,0.5107955295981664,0.0,0.0,0.0,0.0,0.0,0.0,0.0,0.0,0.0,0.0,0.0,0.0,0.0,0.0,0.0
Sweep_AmplitudeStep_25pct,25.0,TKEO,Adaptive,fast,30,9.064741013287893,8.79394996391047,7.923339984745429,10.728504833001828,1.113550212186638,8.439604774620438,8.110716154058814,7.289751373263855,10.026921397062292,1.120932208288677,13.199482997399056,12.92185125171413,11.84992378886156,14.7209045767597,1.20294375616335,3.29257828109279,3.3333351874643276,2.8764415568018897,3.610610857440189,0.2975486744815323,1.6501000000000003,1.6501,1.6501,1.6501,0.0,9.999999999999998e-05,0.0001,0.0001,0.0001,4.135263320862086e-20,1.6501000000000003,1.6501,1.6501,1.6501,0.0,18.31733961789881,18.255519678915896,15.998232133019776,20.64096925387318,1.7921524371350195,1.6501000000000003,1.6501,1.6501,1.6501,0.0,271.50173942858595,268.76514303950216,260.6001873190316,290.8890253468784,10.980217751541106,55.009464645576294,53.79173998914667,47.82243079870633,64.9524262283037,6.473724837831927,93.3336144316367,92.65652703823244,88.48326735897194,99.67576591322289,4.362311573068834,0.06510103781245838,0.065025871080412,0.057018077531797065,0.07336961756438098,0.006531261180083682,8.323225870167706,8.246069662796511,7.812065996333536,8.96940910690147,0.39249866058799127,0.30000000000000004,0.3,0.3,0.3,0.0,0.0,0.0,0.0,0.0,0.0,0.0,0.0,0.0,0.0,0.0,0.0625,0.0625,0.0625,0.0625,0.0,0.0625,0.0625,0.0625,0.0625,0.0,296.82460999999995,285.2167,260.3733,331.3183,37.6944447402454,1.0,1.0,1.0,1.0,0.0,0.0,0.0,0.0,0.0,0.0,0.0,0.0,0.0,0.0,0.0,4.726373860666892,4.58592566339739,3.7353699296368714,6.200353566925124,0.9780920635914249,5.205774754831167,4.975880419022754,4.135924176800242,6.755590664859198,1.0042381987255953,5.367615870220328,5.169705332867982,4.31356454113655,6.976749446131461,1.0133255539457098,5.623904733845359,5.434534931012022,4.605178935013329,7.384025401649103,1.0186031224143408,6.11919641479544,5.936900384004545,5.050235854795123,7.729807699876421,1.0424660391744365,7.933043891645894,7.731359226233044,6.670114292899346,9.568542777526584,1.2705537859831597,1.3000999999999998,1.3001,1.26146,1.33874,0.029342096392208514,0.0,0.0,0.0,0.0,0.0,0.0,0.0,0.0,0.0,0.0,0.0,0.0,0.0,0.0,0.0
Sweep_AmplitudeStep_25pct,25.0,PLL,Loop-based,fast,30,0.2185110600329825,0.1658450197618025,0.16176014355647617,0.31503512331702344,0.13521281373862867,0.16471899705746465,0.14761431238642855,0.14554340628938953,0.1943889151562318,0.043947501315930615,0.9591385995843688,0.536166508225211,0.32836940798421566,2.4225889314133466,0.9496359914438683,0.13227122592419008,0.0755934555848783,0.07063290669710216,0.24771906193911034,0.1399204560255913,0.022160000000000003,0.0015999999999999999,0.0,0.07108000000000003,0.03977531377886159,9.999999999999998e-05,0.0001,0.0001,0.0001,4.135263320862086e-20,0.01633,0.00145,0.0,0.055080000000000025,0.03438532315212208,0.561532674830035,0.3743946791410637,0.3573990016301077,0.937546100973563,0.46348649142808646,1.649016666666667,1.6491500000000001,1.6475000000000002,1.6501,0.0010167844288306825,177.6728336869411,174.3299994255043,173.95209258252288,188.45161059316416,6.232927847341994,121.74249562527537,121.73248713068074,121.63188097981478,121.87410999008445,0.10251823177778543,100.35935040441159,99.78068309511258,96.45877158870725,105.18415805857407,3.3718554027059104,0.004292789362957706,0.00196064609928285,0.00047539398402708004,0.01276739652752259,0.005133827231437593,9.66381497324223,8.96940910690147,8.651139751495288,11.428763216858325,1.4627524889764796,0.0,0.0,0.0,0.0,0.0,0.0,0.0,0.0,0.0,0.0,0.0,0.0,0.0,0.0,0.0,0.0625,0.0625,0.0625,0.0625,0.0,0.0625,0.0625,0.0625,0.0625,0.0,322.59345333333334,308.0607,282.73236,386.1316,41.60207881181712,1.0,1.0,1.0,1.0,0.0,0.0,0.0,0.0,0.0,0.0,0.0,0.0,0.0,0.0,0.0,0.16165811310418274,0.1613619758116804,0.16114621607410842,0.16159683480466439,0.0015859654846807497,0.1851962467715427,0.185247180950658,0.17597685263987142,0.19326847951001205,0.006255442150335244,0.17052354166073186,0.1705639736216698,0.1675518262896027,0.17299102837231725,0.0019140590444613756,0.1661335851665879,0.16617723188255384,0.16445485204897423,0.16761436149695141,0.0010939320170278125,0.31533513016622244,0.31618723818974104,0.28303920447551,0.3489242707572814,0.027028178042781896,0.1613305590328494,0.16132433151774464,0.16115258893915832,0.16151300096561397,0.00013542697195610765,1.2990166666666667,1.2988,1.25868,1.3387,0.029281794783570333,0.0,0.0,0.0,0.0,0.0,0.0,0.0,0.0,0.0,0.0,0.0,0.0,0.0,0.0,0.0
Sweep_AmplitudeStep_25pct,25.0,SOGI-FLL,Loop-based,fast,30,0.005819273040423214,0.0059154032411175,0.0050676606857412,0.00679321277360635,0.0006203601647490734,0.00480856469101469,0.0048637343022031,0.00438143814244609,0.0053004706625458,0.0003087457808159678,0.02150547839337846,0.02216201552127825,0.01580540844604875,0.02509161990711769,0.003283006931837267,0.00325189482179781,0.0033669043517305,0.00220150461825212,0.00424825427921504,0.000679779185924445,0.0,0.0,0.0,0.0,0.0,9.999999999999998e-05,0.0001,0.0001,0.0001,4.135263320862086e-20,0.0,0.0,0.0,0.0,0.0,0.014564249156408245,0.0149644473573947,0.01116900159720536,0.01804602353685122,0.002326793368652244,0.0,0.0,0.0,0.0,0.0,1.0474460414589732,1.0117100844908578,0.9092414818869798,1.2910694346270903,0.13118328446747177,0.18222583100075992,0.17460795314332694,0.14592321912731518,0.23674410367380994,0.03274764491030523,43.71611283348089,43.85878240734606,39.28967214408605,49.61187980685616,3.980947777912685,9.492981518907065e-05,9.187840145507742e-05,4.067763805207616e-05,0.00015173627961530002,4.348293313321375e-05,8.303936818324907,8.10140177397552,7.783132418569338,9.28767846230765,0.680252116382866,0.0,0.0,0.0,0.0,0.0,1.0,1.0,1.0,1.0,0.0,1.0,1.0,1.0,1.0,0.0,0.0625,0.0625,0.0625,0.0625,0.0,0.0625,0.0625,0.0625,0.0625,0.0,303.0353533333334,296.6387,257.62511,351.17696,42.09746474350742,1.0,1.0,1.0,1.0,0.0,0.0,0.0,0.0,0.0,0.0,0.0,0.0,0.0,0.0,0.0,0.003633779981393107,0.00361761947290465,0.00350176140238118,0.00378701078926529,0.00012522741123847128,0.009420301391469318,0.00891526366144755,0.00403815761702963,0.01623553082342465,0.004677443294358982,0.010385122877537385,0.00972337251147085,0.00466061957875611,0.01752492177193345,0.004686986646205913,0.01324852939986484,0.01292161872812045,0.010866909928786622,0.01678504096684353,0.0021204406644533646,0.019887954121590404,0.02026675441445745,0.013565879160633171,0.02509161990711769,0.004104227418997128,0.0038437189716708864,0.00384139940525835,0.003822463487711,0.0038900531387736697,4.0349774418512786e-05,0.0,0.0,0.0,0.0,0.0,0.0,0.0,0.0,0.0,0.0,0.0,0.0,0.0,0.0,0.0,0.0,0.0,0.0,0.0,0.0
Sweep_AmplitudeStep_25pct,25.0,SOGI-PLL,Loop-based,fast,30,0.01809632112868796,0.016093304491735252,0.00629021455634532,0.02826872995729283,0.010351033933050318,0.006655740937455127,0.00604913274246395,0.00298100154732308,0.010202173500141921,0.002983352128106558,0.12527506781341174,0.11159646871412571,0.06128788559822734,0.14133304164167126,0.11622813529372882,0.016796508345678068,0.014907701885885801,0.00565684935416437,0.026338190789875843,0.009966702571153011,0.00016333333333333334,0.0,0.0,0.0,0.0008946135105917708,9.999999999999998e-05,0.0001,0.0001,0.0001,4.135263320862086e-20,0.00016333333333333334,0.0,0.0,0.0,0.0008946135105917708,0.05704526597448948,0.05078554580181535,0.019716548184072123,0.08928146445018008,0.03283148976562536,0.0005266666666666667,0.0,0.0,0.0,0.002884672136193875,12.542924819923583,13.272713976144601,4.081531003993888,17.846290516773777,6.452416725937408,1.954955296544405,1.9421113844205138,1.4052733517252836,2.312135763927943,0.4731844955453716,64.2547684823597,63.66609308615135,58.32166264593889,70.83323702242939,4.407719248587163,0.0007219423207795437,0.0006173600478583,0.00021800900548891002,0.0009819491612946,0.000703087413788349,11.573431105679315,11.862766883321298,9.80848286206322,13.396246504823809,1.540419647345063,0.0,0.0,0.0,0.0,0.0,0.5,0.5,0.0,1.0,0.5085476277156078,0.9666666666666667,1.0,1.0,1.0,0.1825741858350553,0.0625,0.0625,0.0625,0.0625,0.0,0.0625,0.0625,0.0625,0.0625,0.0,362.7716,368.1722,305.7763,406.51897,47.01588542004016,1.0,1.0,1.0,1.0,0.0,0.0,0.0,0.0,0.0,0.0,0.0,0.0,0.0,0.0,0.0,0.00203760516610637,0.00185914387359755,0.00177915937329499,0.00216696332898525,0.0006327388712142118,0.04858578061577065,0.05239681166162835,0.010165836421633202,0.08816056504711031,0.029145020546203507,0.029511878016098243,0.031818466730085454,0.006301417970423191,0.05354572754314955,0.01763417009763763,0.02227928530308706,0.023978496885158698,0.00463001605904587,0.04076546094699762,0.0134671813663395,0.07869026188171088,0.08671088991543024,0.01803602612462498,0.13957723326647478,0.045946694112539245,0.0017972743098199936,0.0017957154677204,0.00177169852846121,0.00182138192186621,2.0610289365794995e-05,0.0,0.0,0.0,0.0,0.0,0.0,0.0,0.0,0.0,0.0,0.0,0.0,0.0,0.0,0.0,0.0,0.0,0.0,0.0,0.0
Sweep_AmplitudeStep_25pct,25.0,Type-3 SOGI-PLL,Loop-based,fast,30,0.03291935707528496,0.024642945374950348,0.008295932711202311,0.06420128049010175,0.027156675432609433,0.009816884990942768,0.00779942966413655,0.00406117530745985,0.016544726462028335,0.00606510153985463,0.2911825506545777,0.22016884348823135,0.06560762486939917,0.5800581512126273,0.24874462924317092,0.03132461723201121,0.0233760658209546,0.007230629842859291,0.06203286576272925,0.026589292108315208,0.002373333333333333,0.0,0.0,0.005890000000000007,0.0068741361003719454,9.999999999999998e-05,0.0001,0.0001,0.0001,4.135263320862086e-20,0.002373333333333333,0.0,0.0,0.005890000000000007,0.0068741361003719454,0.10379073668697657,0.07792762712700045,0.025753064836037922,0.20264332375021618,0.0858211706094525,0.015443333333333333,0.0032500000000000003,0.0,0.04317,0.020078598716961833,8.653391502995452,7.349459438001915,5.445854782529125,13.282592414613605,3.947779554915822,2.3639866915861507,2.266008711396746,2.094519619001676,2.680968404974725,0.33032894182120454,66.02155305288787,64.79144193098276,61.6609718777039,71.19317695413505,3.4931829971024535,0.0017828175768627656,0.0014111134911972498,0.00030810618109986004,0.0037176937232789604,0.0014812168992416885,9.62523686955663,9.25874488454345,8.680073329259486,10.994759550395347,0.9115884835103665,0.0,0.0,0.0,0.0,0.0,0.3333333333333333,0.0,0.0,1.0,0.47946330148538413,0.8,1.0,0.0,1.0,0.4068381021724863,0.0625,0.0625,0.0625,0.0625,0.0,0.0625,0.0625,0.0625,0.0625,0.0,327.9619733333333,329.3216,282.73236,368.1722,37.2713969359322,1.0,1.0,1.0,1.0,0.0,0.0,0.0,0.0,0.0,0.0,0.0,0.0,0.0,0.0,0.0,0.0027031898267229734,0.0026461959098807,0.00261008675097097,0.00271734863862707,0.00023361742081911822,0.037771756151843854,0.03457493179751605,0.01453619094742482,0.06944297509885088,0.021001274103974836,0.025849909381475387,0.02334258364579525,0.010335758802280751,0.04567383918237028,0.013110935158714412,0.01921470336685872,0.0175087677532573,0.00754918528091611,0.03394344050803257,0.009776184862935392,0.05440688437899482,0.0479518470285853,0.027730696527019823,0.09160263673803676,0.02367371901680885,0.0026378088923936067,0.00263699717016645,0.0026144320496829,0.00266258554977809,1.8188112791933995e-05,0.0,0.0,0.0,0.0,0.0,0.0,0.0,0.0,0.0,0.0,0.0,0.0,0.0,0.0,0.0,0.0,0.0,0.0,0.0,0.0
Sweep_AmplitudeStep_25pct,25.0,ZCD,Loop-based,fast,30,0.01143640252064766,0.0110080567346577,0.00596125658978344,0.016942853717673,0.004088675848616614,0.009083585944908669,0.00862023300060195,0.00466432826599697,0.01340062786256704,0.003245187489986987,0.033020457000966695,0.032296686746253245,0.016406922103400452,0.048855145389740014,0.013811139015852373,0.006937377319875053,0.0067313223874171,0.0037106577802524703,0.010305420212076461,0.0025187008807181673,0.0,0.0,0.0,0.0,0.0,9.999999999999998e-05,0.0001,0.0001,0.0001,4.135263320862086e-20,0.0,0.0,0.0,0.0,0.0,0.029895717904534005,0.029123527381967898,0.01579630160675459,0.04453267691646589,0.010745026496149408,0.0,0.0,0.0,0.0,0.0,79.76804704266625,74.54807407405895,39.4334751880514,117.96386222154354,29.65347951915184,10.812343390567309,10.271404765686093,5.56978150420011,15.73268217262931,3.869319318566063,78.72128056844655,78.67152476716416,78.00134809942752,79.69658861292851,0.7298308462914843,0.0016484617405579033,0.00146440554737985,0.00075850998363102,0.002831228552996971,0.0010105314281907735,7.956733885154526,8.10140177397552,6.9440586634075885,8.709006907023685,0.7198389907173572,16.699999999999996,16.7,16.7,16.7,7.226896453227138e-15,1.0,1.0,1.0,1.0,0.0,1.0,1.0,1.0,1.0,0.0,0.0625,0.0625,0.0625,0.0625,0.0,0.0625,0.0625,0.0625,0.0625,0.0,246.63122333333337,246.63234999999997,201.6955,308.0607,39.95962941719782,1.0,1.0,1.0,1.0,0.0,0.0,0.0,0.0,0.0,0.0,0.0,0.0,0.0,0.0,0.0,0.013196380604745934,0.009781870133885099,0.00461844382826642,0.023542285242077573,0.008194980470828048,0.010358916717746497,0.0070103557302719,0.00318410645690267,0.020148267129730456,0.008718485817127638,0.010497390441943378,0.0097916031148721,0.0040079027257405595,0.017415206068257725,0.005897796331485316,0.010848214768230455,0.01090707434957195,0.0042817568892968005,0.01751099303130472,0.006105468841183294,0.017968640665155248,0.015951074680206248,0.00734778840558824,0.03239508045658253,0.010227285308204107,0.010843574653351727,0.01065972194576565,0.005445412350911979,0.015751309065042973,0.00460561012476994,0.0,0.0,0.0,0.0,0.0,0.0,0.0,0.0,0.0,0.0,0.0,0.0,0.0,0.0,0.0,0.0,0.0,0.0,0.0,0.0
Sweep_AmplitudeStep_25pct,25.0,EKF,Model-based,fast,30,0.0029310955122442634,0.0027471797596047,0.0006891346891449801,0.00563320629030552,0.0019459775093428843,0.0012634896259582098,0.0012880432703305002,0.00033077108598363004,0.00224586590428334,0.0007690885175861246,0.012787626599960996,0.0116983384742823,0.0031798837369464,0.02462926541514171,0.008456859040317021,0.0026415136113478667,0.0024264374597062497,0.0006043102419804401,0.00513112792341834,0.0017925538465660908,0.0,0.0,0.0,0.0,0.0,9.999999999999998e-05,0.0001,0.0001,0.0001,4.135263320862086e-20,0.0,0.0,0.0,0.0,0.0,0.009188030460001944,0.0085673556494493,0.00214370181192506,0.01775787153140711,0.006140775355844531,0.0,0.0,0.0,0.0,0.0,0.19540582494729594,0.1925681013936753,0.17338509812780956,0.22074069393340778,0.01899603622017921,0.03915536748651708,0.03968436555059155,0.029798657347255873,0.04882400382584125,0.007585021702135786,30.139631778647942,29.826278117982923,25.755802652688615,34.80069365808902,3.594864163015249,7.439027812290196e-05,7.516957667334388e-05,1.1317203684035823e-05,0.00014213667308403,5.2889165192679564e-05,8.805452166237677,8.824741218080478,8.361803973853304,9.25874488454345,0.35381900867537536,0.0,0.0,0.0,0.0,0.0,1.0,1.0,1.0,1.0,0.0,1.0,1.0,1.0,1.0,0.0,0.0625,0.0625,0.0625,0.0625,0.0,0.0625,0.0625,0.0625,0.0625,0.0,314.28861333333333,308.0607,285.2167,349.2886,25.73804633852293,1.0,1.0,1.0,1.0,0.0,0.0,0.0,0.0,0.0,0.0,0.0,0.0,0.0,0.0,0.0,0.0011539252299904447,0.0011191751298248,9.739614308540888e-05,0.0025440237833947305,0.0009375172656986913,0.0019265623723768901,0.00197905615247495,0.00065845524288446,0.00311920358339981,0.000929974722056794,0.002111133145572043,0.0021969335233776,0.0005174746110712,0.00346520638627904,0.001059404432033241,0.0015888282296192065,0.00161055552562595,0.0004056624940227,0.0025571919806183403,0.0007678752215340861,0.0028986751454256865,0.0029284816688317002,0.00127463662449822,0.00443293208390036,0.0012219185173604756,0.0006344558885377632,0.00066517088590295,0.00019906750998966,0.0009825214054838601,0.00031123744797966716,0.0,0.0,0.0,0.0,0.0,0.0,0.0,0.0,0.0,0.0,0.0,0.0,0.0,0.0,0.0,0.0,0.0,0.0,0.0,0.0
Sweep_AmplitudeStep_25pct,25.0,LKF,Model-based,fast,30,0.004169873109524286,0.00411183939026305,0.00395535709330858,0.0045095071746859595,0.00018879315347095885,0.0036011669534666726,0.0035955334998008497,0.00349474201016042,0.00370697266673941,7.636798604381944e-05,0.01976004033591603,0.017947952754170098,0.01154715106211972,0.03233800366634652,0.007107514185729434,0.00209439728634026,0.002040617904212,0.00185246482618088,0.00256525198713807,0.0002527546631487312,0.0,0.0,0.0,0.0,0.0,9.999999999999998e-05,0.0001,0.0001,0.0001,4.135263320862086e-20,0.0,0.0,0.0,0.0,0.0,0.009884358812487615,0.009736157558940951,0.009052136488703181,0.01140454784005216,0.0008224357398900502,0.0,0.0,0.0,0.0,0.0,5.402942235754438,5.40120281194767,5.3935417179502565,5.413179396493106,0.01166228355698412,2.966851923313784,2.967250272049026,2.9605872061974683,2.9727595709365304,0.004674366156435887,68.09655478635071,67.49404825435366,64.1859317366268,72.94365008160104,3.374179036568562,0.00010720540767109434,0.00010830475668795,5.16104908757664e-05,0.00015693165888640005,4.5498248569451145e-05,11.968856668456688,10.416087995111385,9.80848286206322,16.636807214414016,3.017870001081132,7.900000000000002,7.9,7.9,7.9,3.613448226613569e-15,1.0,1.0,1.0,1.0,0.0,1.0,1.0,1.0,1.0,0.0,0.0625,0.0625,0.0625,0.0625,0.0,0.0625,0.0625,0.0625,0.0625,0.0,447.65891000000005,368.1722,329.3216,465.6275,385.9308297479489,1.0,1.0,1.0,1.0,0.0,0.0,0.0,0.0,0.0,0.0,0.0,0.0,0.0,0.0,0.0,0.0038801113082998235,0.00388369286394675,0.00386096764247101,0.00390030545951814,1.9970384926256847e-05,0.011227360342250843,0.009967757762734949,0.0057063647830105,0.01958770159276232,0.004919599282588394,0.00777754103089214,0.00694157324446375,0.00456588492768485,0.01300922218398899,0.0028866582186656223,0.006331971361463506,0.00574639850784895,0.0042846737553946,0.00986492098540844,0.0019180623749861705,0.01939614890737711,0.017947952754170098,0.01041593254926447,0.03233800366634652,0.007583220852015429,0.003941806329129464,0.00393684702294595,0.003927399378020451,0.00397334133604914,1.6819127320741087e-05,0.0,0.0,0.0,0.0,0.0,0.0,0.0,0.0,0.0,0.0,0.0,0.0,0.0,0.0,0.0,0.0,0.0,0.0,0.0,0.0
Sweep_AmplitudeStep_25pct,25.0,LKF2,Model-based,fast,30,0.006396667367359918,0.00419194795471985,0.00299335899785771,0.012880449633910801,0.003912719944696974,0.0026470050689977203,0.00211221988325915,0.00151058600186193,0.00448181005758896,0.001125833022097081,0.04261088444242414,0.0308152356574247,0.019777945813558483,0.08100433413324944,0.026548781598005278,0.005798889659126119,0.0036290140503256003,0.00249363388354532,0.01204685273113201,0.003786192394634274,0.0,0.0,0.0,0.0,0.0,9.999999999999998e-05,0.0001,0.0001,0.0001,4.135263320862086e-20,0.0,0.0,0.0,0.0,0.0,0.0200436740463762,0.012972748652027,0.00912973986517181,0.04069836538498327,0.012475628203016174,0.0,0.0,0.0,0.0,0.0,5.817458828570802,5.806546011735136,5.377523258355055,6.2586797196750865,0.3263998131132124,1.6011958053284174,1.560822657223385,1.4123704367531777,1.8530981838743315,0.1755246140632186,62.68907441028647,62.306109995451465,59.4099652881221,66.87069387288719,3.128658533881957,0.0002324358665808058,0.00014050405573295,7.207973765966854e-05,0.00049522984492709,0.0001902123508637328,9.94350622496281,9.837416439827418,9.548080662185434,10.1556857952336,0.37597018923246617,0.0,0.0,0.0,0.0,0.0,1.0,1.0,1.0,1.0,0.0,1.0,1.0,1.0,1.0,0.0,0.0625,0.0625,0.0625,0.0625,0.0,0.0625,0.0625,0.0625,0.0625,0.0,331.44979,329.3216,305.7763,386.1316,36.694424146881985,1.0,1.0,1.0,1.0,0.0,0.0,0.0,0.0,0.0,0.0,0.0,0.0,0.0,0.0,0.0,0.0006759483510372847,0.00041784571716434995,0.00011577530195718472,0.0017199284674732202,0.0006569193073465926,0.015777639306516256,0.01576037446306705,0.00981541278076947,0.02198545302869847,0.004817675237143329,0.011623802322647243,0.01147018209795495,0.00768093539132233,0.01564077933243246,0.0031814286419681133,0.008944818576647202,0.00876845294075045,0.0062947575124615695,0.01164720342104102,0.0021365451472210536,0.025058169208988044,0.024685982221576752,0.01721384990276384,0.03331664351179308,0.006305782763415692,0.00256402186247097,0.0025560060265875997,0.0023392143270279304,0.0028215494802289903,0.00018582811977397229,0.0,0.0,0.0,0.0,0.0,0.0,0.0,0.0,0.0,0.0,0.0,0.0,0.0,0.0,0.0,0.0,0.0,0.0,0.0,0.0
Sweep_AmplitudeStep_25pct,25.0,RA-EKF,Model-based,fast,30,0.0007261704154264465,0.0006201824513853999,0.00045152631067254997,0.0012337394513310502,0.0003752712804584979,0.00044692247068902675,0.00038467461090915,0.00030081987253806,0.00077380448281187,0.00020448300641902703,0.004435795914154476,0.00348654551885015,0.00274175951740501,0.007447408347572033,0.002431477290501233,0.0005715024367882368,0.00048574371050764996,0.00033818324789050997,0.0009606281149841302,0.0003162552467619155,0.0,0.0,0.0,0.0,0.0,9.999999999999998e-05,0.0001,0.0001,0.0001,4.135263320862086e-20,0.0,0.0,0.0,0.0,0.0,0.0021614297810538933,0.0018440317048337498,0.00131308401428751,0.003655688827764531,0.0011521528718951536,0.0,0.0,0.0,0.0,0.0,1.5556972204133028,1.5480069660966933,1.5115057067092152,1.6128943870086232,0.040053429960814305,0.32014699111880063,0.31902792182109907,0.3121864515020345,0.32873021578578776,0.005940504064975207,48.755942730396086,48.072476286727905,45.07227382803204,53.3690249076915,3.309161109667232,1.6909862313015684e-05,1.3151026311557645e-05,4.228325608626111e-06,3.114761710468074e-05,1.506770903806913e-05,12.258192446098677,11.718098994500306,11.284095328037331,13.135844304946023,1.6516247605999714,0.0,0.0,0.0,0.0,0.0,1.0,1.0,1.0,1.0,0.0,1.0,1.0,1.0,1.0,0.0,0.0625,0.0625,0.0625,0.0625,0.0,0.0625,0.0625,0.0625,0.0625,0.0,385.51394999999997,386.1316,349.2886,404.93568000000005,30.94707468405564,1.0,1.0,1.0,1.0,0.0,0.0,0.0,0.0,0.0,0.0,0.0,0.0,0.0,0.0,0.0,0.0007267765636445568,0.0004328451877891,0.00028081403669212,0.0013346118189403006,0.0006984185052950436,0.0019051313212529336,0.00153381437910075,0.00079107349522735,0.00343278155890721,0.001039343540458272,0.0015361202014444865,0.00129550214593885,0.00054385916889415,0.00282519893640058,0.0008825222939228385,0.0012222802389663032,0.00104906685831865,0.00044027752928592004,0.00224334574277488,0.000709351133877124,0.0029680257184027904,0.0025945218810682997,0.0017720301097092202,0.00456353123039572,0.00120796405472892,0.00029205752238143333,0.0002896524103438,0.00021133102713999,0.00036816746371752,6.885493652382837e-05,0.0,0.0,0.0,0.0,0.0,0.0,0.0,0.0,0.0,0.0,0.0,0.0,0.0,0.0,0.0,0.0,0.0,0.0,0.0,0.0
Sweep_AmplitudeStep_25pct,25.0,UKF,Model-based,fast,30,0.0014355776091215134,0.0011985781778643002,0.00062280509992484,0.00246614153224878,0.0006468460896870095,0.0006202156280404766,0.0005766496066434499,0.00030721994572408,0.00095570894745663,0.00023284921396315826,0.008647279325186658,0.007063994809893601,0.00392585876354509,0.0156254297841378,0.004159816159668779,0.0012918406999605568,0.0010578221502256001,0.0005438724665840501,0.00228286242777003,0.0006097608260855138,0.0,0.0,0.0,0.0,0.0,9.999999999999998e-05,0.0001,0.0001,0.0001,4.135263320862086e-20,0.0,0.0,0.0,0.0,0.0,0.0044957377279223,0.0037239348651166,0.0019350688464831003,0.00778108312092505,0.0020528411876489837,0.0,0.0,0.0,0.0,0.0,0.8366796412169938,0.8390629837951025,0.8135386150858182,0.8642503055416029,0.019476161400156112,0.16250799089085854,0.16285478429101402,0.15885578795291985,0.166086631855995,0.0028391644077544152,42.86181064892842,42.03485903403621,39.22110993483934,47.79346375122821,3.3693513613457093,4.937780135634454e-05,3.8618957466861955e-05,1.80235935244632e-05,9.875164867631084e-05,3.0426066041061942e-05,10.840447135652958,10.1267522174694,9.80848286206322,13.454113660352206,1.672898458843841,0.0,0.0,0.0,0.0,0.0,1.0,1.0,1.0,1.0,0.0,1.0,1.0,1.0,1.0,0.0,0.0625,0.0625,0.0625,0.0625,0.0,0.0625,0.0625,0.0625,0.0625,0.0,338.88534666666663,329.3216,285.2167,403.2901,47.56487703693175,1.0,1.0,1.0,1.0,0.0,0.0,0.0,0.0,0.0,0.0,0.0,0.0,0.0,0.0,0.0,0.00012448902552573198,0.0001171018091366,4.786349083559595e-05,0.00021936237175013,7.424923971372387e-05,0.0031010990387016464,0.0033773686227125,0.0012311062374626399,0.00448372461675686,0.001261827777930513,0.0029573480977794233,0.0032978288960489,0.0009870643623692101,0.0042937236670382095,0.0012406152678179772,0.0022057870810180662,0.0024334216224939998,0.00081918141776726,0.00315851409403073,0.0008790664622735267,0.004765008547442494,0.0052256813949149005,0.00227429777347651,0.00660023431471044,0.0016700711736777982,0.0006283639515840502,0.0005585584244674499,0.00025107006103229,0.0010431165065343901,0.0002844554469464162,0.0,0.0,0.0,0.0,0.0,0.0,0.0,0.0,0.0,0.0,0.0,0.0,0.0,0.0,0.0,0.0,0.0,0.0,0.0,0.0
Sweep_AmplitudeStep_25pct,25.0,IPDFT,Window-based,fast,30,0.00342148553497221,0.0037806457475135996,0.0008824814090548501,0.0050386400790704,0.0015607178105020076,0.0009945116758794767,0.00107689790725995,0.00051589237036374,0.00142340276466166,0.0003683738775829673,0.0297208516994293,0.032980955969616546,0.00733208110447089,0.04395396788406951,0.01350451241034088,0.0032687363826878,0.0036169008794250503,0.0007428794333712799,0.0048772135039780295,0.0015277913958903866,0.0,0.0,0.0,0.0,0.0,9.999999999999998e-05,0.0001,0.0001,0.0001,4.135263320862086e-20,0.0,0.0,0.0,0.0,0.0,0.010800720823943007,0.01194966091579975,0.00266215268684447,0.015920545075965672,0.004941704934613799,0.0,0.0,0.0,0.0,0.0,2.4275627684714842,2.7160382372493075,0.7300814030930525,3.53192718205797,1.0597834912190447,0.306974069903349,0.3425642694621288,0.0917907637821885,0.4462233805065153,0.1327583737661952,47.30021626479796,48.03481398465041,39.697306064882724,53.4776396715993,5.574189447384536,0.00016035313762046373,0.000172434479815,7.120898285144219e-05,0.0002242646620067,6.093023895382534e-05,14.678968452369933,14.900792548562116,10.936892394866952,18.5464233468511,3.1648966589359686,66.59999999999998,66.60000000000001,66.60000000000001,66.60000000000001,4.336137871936283e-14,1.0,1.0,1.0,1.0,0.0,1.0,1.0,1.0,1.0,0.0,0.0625,0.0625,0.0625,0.0625,0.0,0.0625,0.0625,0.0625,0.0625,0.0,424.7592700000001,427.66235,347.2919,493.8451,51.16186511936911,1.0,1.0,1.0,1.0,0.0,0.0,0.0,0.0,0.0,0.0,0.0,0.0,0.0,0.0,0.0,0.0004116804330346666,0.00034760632201825,0.00021914911805248,0.0006276953235985201,0.00019386086538357878,0.00382540454653463,0.004135925945634351,0.0011872829989916702,0.00608841051958328,0.001867211455700437,0.016348652583126167,0.0181057322670336,0.00421138798795907,0.024261312431221923,0.007438322961716594,0.013705093608173891,0.0151815844218756,0.0031389881522579798,0.02033443703389206,0.0063691478618806965,0.0297208516994293,0.032980955969616546,0.00733208110447089,0.04395396788406951,0.01350451241034088,0.00038155683911279007,0.00037453161344175,0.00024973950824865,0.0004902923753715301,0.00012091396664302758,0.0,0.0,0.0,0.0,0.0,0.0,0.0,0.0,0.0,0.0,0.0,0.0,0.0,0.0,0.0,0.0,0.0,0.0,0.0,0.0
Sweep_AmplitudeStep_25pct,25.0,TFT,Window-based,fast,30,0.0019878486754554164,0.0021621146350972002,0.00089934150046534,0.0028802640816716,0.0008234154406263391,0.0006842627145145034,0.0007443932668272,0.00033951941544252,0.00096769753766186,0.0002574010077514767,0.012983695460597935,0.01469184932568975,0.00726935297719957,0.01693511416181077,0.004076301227655736,0.0018637327240920037,0.00200975613517055,0.00084279863159855,0.00273180503789758,0.0007886214593560884,0.0,0.0,0.0,0.0,0.0,9.999999999999998e-05,0.0001,0.0001,0.0001,4.135263320862086e-20,0.0,0.0,0.0,0.0,0.0,0.006275460886790663,0.0068224937630169,0.00284225894037558,0.00910811004366425,0.0026143008563595457,0.0,0.0,0.0,0.0,0.0,0.777499622618194,0.8050896917755068,0.34103109365801737,1.11140197415871,0.2956330542553994,0.1161342818170197,0.1255696701916868,0.060220318095545816,0.1568753125902892,0.03661645650721138,39.30766664962513,39.26386630854182,32.34900510391242,46.423245302179275,4.972367946427258,6.47858738277768e-05,7.245370937289999e-05,1.7018000011504854e-05,9.932834790276226e-05,3.0882161374862814e-05,15.045460437383108,14.900792548562116,13.598781549173191,16.260670703479438,1.1771281866646481,83.30000000000003,83.3,83.3,83.3,1.4453792906454277e-14,1.0,1.0,1.0,1.0,0.0,1.0,1.0,1.0,1.0,0.0,0.0625,0.0625,0.0625,0.0625,0.0,0.0625,0.0625,0.0625,0.0625,0.0,389.7531600000001,386.1316,349.2886,421.32919000000004,28.773815317457863,1.0,1.0,1.0,1.0,0.0,0.0,0.0,0.0,0.0,0.0,0.0,0.0,0.0,0.0,0.0,0.00022998976694696578,0.0002111036600714,9.261617726634804e-05,0.00034045179404000017,0.00014043130611715663,0.001417772238918723,0.00150809104889915,0.0005495016523222201,0.00215636821676228,0.0006468135378503506,0.006251752813385131,0.0067660565084484,0.0016929008728684002,0.009630031854402091,0.003027533375042131,0.005880337828165777,0.00632447862020185,0.0014309661245161301,0.0089975941699603,0.002818373694765406,0.009673873678529973,0.01041429500782335,0.00216963428590584,0.01480229963792606,0.00464100145610102,0.0003027990041996,0.00031404688685235,0.00015036464978565,0.00045846206372663,0.00010952274955418039,0.0,0.0,0.0,0.0,0.0,0.0,0.0,0.0,0.0,0.0,0.0,0.0,0.0,0.0,0.0,0.0,0.0,0.0,0.0,0.0
Sweep_AmplitudeStep_35pct,35.0,RLS,Adaptive,fast,30,0.9269110243003742,0.9956489756030633,0.23894293496802926,1.4913023432902714,0.4927506034914377,0.4407500787294268,0.4679336437330396,0.14151051973124423,0.7199382492460742,0.21762515026036403,4.2059340062385155,4.674883596929476,0.8658764238997457,6.8278997128483025,2.349778787702416,0.8086804865164513,0.8940836245038555,0.1925135727523647,1.3359985466352424,0.45470754751163117,0.3375733333333333,0.29835,0.11619000000000003,0.54888,0.21990370766241793,9.999999999999998e-05,0.0001,0.0001,0.0001,4.135263320862086e-20,0.21253000000000002,0.2429,0.06507,0.29831,0.10193559545462838,2.866791538278781,3.0869224773486854,0.7190512379883383,4.6798424820872615,1.5596237443738958,0.9687466666666665,0.7191000000000001,0.5946800000000001,1.6501,0.44603766018000157,159.19934583999347,198.65305529589426,34.50899171050459,204.91849643054928,71.77505865040199,22.71349978973096,25.333580652438563,10.125284551821851,32.17371337032458,8.687979082648809,84.87433618655632,84.92851980601759,77.91103695425412,89.24746754838822,4.633215579601993,0.008052860390424193,0.00741184513909755,0.00249657138038676,0.013500404399296364,0.004588446141757746,14.19674215629996,14.17745310445716,13.598781549173191,14.785058237505323,0.6308596898824689,0.0,0.0,0.0,0.0,0.0,0.0,0.0,0.0,0.0,0.0,0.0,0.0,0.0,0.0,0.0,0.0625,0.0625,0.0625,0.0625,0.0,0.0625,0.0625,0.0625,0.0625,0.0,412.25138333333325,419.7459,384.33566,435.5788,29.0535896188653,1.0,1.0,1.0,1.0,0.0,0.0,0.0,0.0,0.0,0.0,0.0,0.0,0.0,0.0,0.0,0.2814363536694602,0.11830305189930486,0.022671444414604402,0.7619524890868787,0.34565416968324664,1.454116493767038,1.5690214636709285,0.39083162605632055,1.9578872658349473,0.6820326447591546,3.0883092206081795,3.6839222932403928,0.504458333507892,4.842470385828964,1.7010807527985772,3.1446702107328313,3.567255078316557,0.433573491824215,5.228415373314794,1.8743134508344266,4.130876184279377,4.674883596929476,0.5634698743198534,6.8278997128483025,2.4577420272950152,0.5086159492802224,0.522536077848387,0.06978438645357364,0.873166609003824,0.30775158734386027,0.6187466666666666,0.37860000000000005,0.21171,1.2761,0.4486383142994714,0.0,0.0,0.0,0.0,0.0,0.0,0.0,0.0,0.0,0.0,0.0,0.0,0.0,0.0,0.0
Sweep_AmplitudeStep_35pct,35.0,TKEO,Adaptive,fast,30,9.187568151138795,8.8422237050222,7.957811431692474,10.883470057811415,1.115250245126044,8.543933731495477,8.223528479266319,7.3962675440666485,10.137792467127538,1.1238198013343985,13.400857090642944,13.097244661508526,11.863419248353654,14.822730876370699,1.1898957675652413,3.3639590233399517,3.400923192762578,2.9887387251954203,3.7138350063271655,0.2837611383682185,1.6501000000000003,1.6501,1.6501,1.6501,0.0,9.999999999999998e-05,0.0001,0.0001,0.0001,4.135263320862086e-20,1.6501000000000003,1.6501,1.6501,1.6501,0.0,18.63581080151533,18.594590081640312,16.363337867270843,21.05211304985162,1.7756884065830654,1.6501000000000003,1.6501,1.6501,1.6501,0.0,272.7452221699108,268.70184373514405,260.9215530074956,292.90540895543415,13.281560148258501,55.9033667379272,54.4756545482156,48.8277645809141,65.87303621494229,6.747385935642714,93.47076525456606,92.69894276581256,88.61125131024582,99.8001930176194,4.37959275580014,0.06626146755960564,0.06498183026530904,0.05703456097015392,0.0752248274645943,0.006726020273380504,15.952045873994656,15.334796215025094,14.148519526692962,19.26976279095606,2.3180925557820546,0.30000000000000004,0.3,0.3,0.3,0.0,0.0,0.0,0.0,0.0,0.0,0.0,0.0,0.0,0.0,0.0,0.0625,0.0625,0.0625,0.0625,0.0,0.0625,0.0625,0.0625,0.0625,0.0,420.9192233333333,419.7459,368.1722,481.33456,42.14311462104505,1.0,1.0,1.0,1.0,0.0,0.0,0.0,0.0,0.0,0.0,0.0,0.0,0.0,0.0,0.0,4.726373860666892,4.58592566339739,3.7353699296368714,6.200353566925124,0.9780920635914249,5.204718075301646,4.982067801851452,4.158037350858807,6.75645381172656,1.0051175334982472,5.370537354800321,5.1513949397375445,4.320224154381543,6.9393330238700885,1.0114475387352815,5.633975464809134,5.4456546359726525,4.587577432717678,7.367182246979617,1.0110478290955949,6.14415233027874,6.017989346772332,5.037780909797341,7.903954108622331,1.0284636167941301,8.021868685773924,7.708638604642701,6.618996223514411,9.665599767391658,1.2569276437442563,1.3000999999999998,1.3001,1.26146,1.33874,0.029342096392208514,0.0,0.0,0.0,0.0,0.0,0.0,0.0,0.0,0.0,0.0,0.0,0.0,0.0,0.0,0.0
Sweep_AmplitudeStep_35pct,35.0,PLL,Loop-based,fast,30,0.21863914929815992,0.165903107885068,0.16193001713630364,0.31514989665288623,0.1351808599996244,0.1648068700351417,0.14766248991576306,0.14562536531396558,0.19450602328328506,0.04394143557996942,0.9661004862502648,0.536166508225211,0.3423344862722828,2.4225889314133466,0.9449440048200899,0.1323871847940112,0.0756268179592928,0.07085429792804118,0.24777289415588505,0.13987798060103143,0.022160000000000003,0.0015999999999999999,0.0,0.07108000000000003,0.03977531377886159,9.999999999999998e-05,0.0001,0.0001,0.0001,4.135263320862086e-20,0.01633,0.00145,0.0,0.055080000000000025,0.03438532315212208,0.5619684244171755,0.3745429437936415,0.3581685156255117,0.9378247057509405,0.4633535322182873,1.649016666666667,1.6491500000000001,1.6475000000000002,1.6501,0.0010167844288306825,178.2154602339331,174.6316588045804,173.96353918089426,189.7397564029273,6.7169797075147395,121.80225231975675,121.78228748370522,121.69338944226321,121.94014638788983,0.10508684265149675,100.36361276583396,99.78394277178023,96.46277021152298,105.18864579882516,3.3719199834301046,0.00439348481620482,0.0020765021172774,0.0007095685392788,0.01277620439587764,0.005098088842147983,8.641495225573887,8.390737551617502,7.522730218691553,9.866350017591618,1.0072684051471008,0.0,0.0,0.0,0.0,0.0,0.0,0.0,0.0,0.0,0.0,0.0,0.0,0.0,0.0,0.0,0.0625,0.0625,0.0625,0.0625,0.0,0.0625,0.0625,0.0625,0.0625,0.0,313.21421,308.0607,260.3733,368.1722,36.858949014825185,1.0,1.0,1.0,1.0,0.0,0.0,0.0,0.0,0.0,0.0,0.0,0.0,0.0,0.0,0.0,0.16165811310418274,0.1613619758116804,0.16114621607410842,0.16159683480466439,0.0015859654846807497,0.1960142844401774,0.19531811485320355,0.18108305680618036,0.210380332583452,0.010419870002568846,0.17486002575923162,0.1748490467002371,0.1696818916987616,0.17970164799036564,0.0034742582057627055,0.16845914493053657,0.16839247447616063,0.1655609448421552,0.17128345706333958,0.001988008946567919,0.347697682658602,0.349583818695212,0.30213726864634577,0.39544393593209853,0.03742285813319701,0.16133161167022883,0.16132424513305677,0.1611536023048939,0.1615154174092846,0.00013535529395669648,1.2990166666666667,1.2988,1.25868,1.3387,0.029281794783570333,0.0,0.0,0.0,0.0,0.0,0.0,0.0,0.0,0.0,0.0,0.0,0.0,0.0,0.0,0.0
Sweep_AmplitudeStep_35pct,35.0,SOGI-FLL,Loop-based,fast,30,0.0065204166556269965,0.006644685146105949,0.00547264969482068,0.00773026509627634,0.0008015076442436769,0.005082268462034288,0.0051630855534628,0.00459495401815608,0.00567504660352995,0.0003610042157617135,0.02582020426412058,0.025948692865057348,0.017083070534899002,0.03252211964512449,0.005236498829365002,0.004056352915764047,0.00404860078584845,0.0028238601546693703,0.00528618806636697,0.0008674590978408239,0.0,0.0,0.0,0.0,0.0,9.999999999999998e-05,0.0001,0.0001,0.0001,4.135263320862086e-20,0.0,0.0,0.0,0.0,0.0,0.01725132720932655,0.017414632729989853,0.01304689013079029,0.02142166275156258,0.002928085837114045,0.0,0.0,0.0,0.0,0.0,1.4091680519830636,1.3767119606544753,1.2028858275900947,1.7436076781933707,0.1920547882517105,0.24360074046335967,0.236058984972569,0.19469851812355546,0.3195389897338991,0.04494310691020572,46.23529772264127,46.41754339721453,41.91623148730527,52.20810311892784,3.993199085849552,0.00010707773689675383,9.981433025286763e-05,4.652926019290569e-05,0.00017504080579454,4.899243999279329e-05,8.988698158744267,8.390737551617502,7.75419884080514,10.76329092828177,1.9929266511942456,0.0,0.0,0.0,0.0,0.0,1.0,1.0,1.0,1.0,0.0,1.0,1.0,1.0,1.0,0.0,0.0625,0.0625,0.0625,0.0625,0.0,0.0625,0.0625,0.0625,0.0625,0.0,320.72485,329.3216,257.62511,386.1316,50.059121447887094,1.0,1.0,1.0,1.0,0.0,0.0,0.0,0.0,0.0,0.0,0.0,0.0,0.0,0.0,0.0,0.003633779981393107,0.00361761947290465,0.00350176140238118,0.00378701078926529,0.00012522741123847128,0.012628696586381454,0.013190101479838,0.0045880983919477205,0.02096429257013026,0.006020751552777555,0.013636407363064094,0.01278022562538575,0.0066536436367205095,0.022417597225002733,0.005868548587902685,0.01696891397113302,0.016596726642158402,0.013595578544881779,0.02219403682913989,0.0030879526170868757,0.025546829790795963,0.025948692865057348,0.017083070534899002,0.03252211964512449,0.0054991619818315985,0.003939227569747996,0.00393867760702805,0.003911021777156231,0.00398677417360039,3.992118749623274e-05,0.0,0.0,0.0,0.0,0.0,0.0,0.0,0.0,0.0,0.0,0.0,0.0,0.0,0.0,0.0,0.0,0.0,0.0,0.0,0.0
Sweep_AmplitudeStep_35pct,35.0,SOGI-PLL,Loop-based,fast,30,0.018983603847760447,0.017085440671105352,0.00787996226419505,0.029298165704891948,0.010157530757042559,0.006944241584275912,0.006466193641451351,0.00311552640532362,0.01048646215149703,0.0030123347091133195,0.1428636840964003,0.1406414320276212,0.06240041395265048,0.18240798263689717,0.11667100591182104,0.017641912534457075,0.0158273413566727,0.007266079655370271,0.02724492106315209,0.009749387654634916,0.00016333333333333334,0.0,0.0,0.0,0.0008946135105917708,9.999999999999998e-05,0.0001,0.0001,0.0001,4.135263320862086e-20,0.00016333333333333334,0.0,0.0,0.0,0.0008946135105917708,0.05986997918764728,0.05394754512156765,0.024835404517884394,0.09250911001529813,0.032192827478260425,0.0005266666666666667,0.0,0.0,0.0,0.002884672136193875,15.762388212548236,17.170688286523017,5.085651992818186,23.178277730496077,7.518735285540067,2.2313596222340863,2.261729601241609,1.4576899549441027,2.8004898962677665,0.5703496919561114,65.33577204902345,65.16918370335293,59.11957836771903,72.16097689097334,4.739981551758347,0.0008672520915434851,0.0007823846010499,0.00024691512712223,0.00122912632536644,0.0007149743737361612,9.654170447320828,9.25874488454345,8.361803973853304,11.341962483565728,1.2657169316069792,0.0,0.0,0.0,0.0,0.0,0.4,0.0,0.0,1.0,0.49827287912243995,0.9666666666666667,1.0,1.0,1.0,0.1825741858350553,0.0625,0.0625,0.0625,0.0625,0.0,0.0625,0.0625,0.0625,0.0625,0.0,326.30113666666665,329.3216,285.2167,368.1722,33.34842360411724,1.0,1.0,1.0,1.0,0.0,0.0,0.0,0.0,0.0,0.0,0.0,0.0,0.0,0.0,0.0,0.00203760516610637,0.00185914387359755,0.00177915937329499,0.00216696332898525,0.0006327388712142118,0.06347213173149076,0.0684118116399744,0.012943907798163432,0.11592649744956023,0.03830769463728315,0.03852261336539214,0.0414171452139037,0.007949343153945541,0.0704079517971137,0.0232150942926429,0.029057619816653904,0.031121803173579148,0.00576254668211007,0.0536601599893329,0.01778034195606674,0.10212700052605231,0.1126237264353875,0.022834312290954183,0.18229788146770856,0.06005709532159413,0.00179536547278208,0.00179513379230485,0.00177224634124904,0.00181638815587239,1.780029387051416e-05,0.0,0.0,0.0,0.0,0.0,0.0,0.0,0.0,0.0,0.0,0.0,0.0,0.0,0.0,0.0,0.0,0.0,0.0,0.0,0.0
Sweep_AmplitudeStep_35pct,35.0,Type-3 SOGI-PLL,Loop-based,fast,30,0.03344368239407537,0.0247260871422319,0.00866019921216693,0.06425609144622106,0.026889643234536464,0.010091699021934936,0.007975102882441399,0.00419215291566994,0.016989560457211672,0.006056422634969834,0.2938759026750454,0.22016884348823135,0.0669404253706936,0.5800581512126273,0.24642164569692668,0.03179648550559822,0.02341529567655545,0.0075753691286674614,0.06205035928024788,0.02630945644783377,0.002373333333333333,0.0,0.0,0.005890000000000007,0.0068741361003719454,9.999999999999998e-05,0.0001,0.0001,0.0001,4.135263320862086e-20,0.002373333333333333,0.0,0.0,0.005890000000000007,0.0068741361003719454,0.10548115553872979,0.07818946119330035,0.026918260301672443,0.20284230458498992,0.08496467531584562,0.015443333333333333,0.0032500000000000003,0.0,0.04317,0.020078598716961833,9.381244632214939,8.521487143609008,6.123207058235991,13.909044470050702,3.725925560856473,2.4766746070777446,2.393490953042247,2.1462684646321883,2.795464198659129,0.3301140453382904,66.43154447149116,65.30804816154296,62.06922602985797,71.84007311472334,3.548077229718782,0.001856266368480877,0.00145580878229225,0.00039955756825968,0.00388222348194644,0.001467255972128915,9.046565314272664,8.96940910690147,8.390737551617502,9.577014239949634,0.5682683770842051,0.0,0.0,0.0,0.0,0.0,0.3,0.0,0.0,1.0,0.46609159969939895,0.8,1.0,0.0,1.0,0.4068381021724863,0.0625,0.0625,0.0625,0.0625,0.0,0.0625,0.0625,0.0625,0.0625,0.0,325.12329666666665,329.3216,305.7763,351.17696,22.47397856543526,1.0,1.0,1.0,1.0,0.0,0.0,0.0,0.0,0.0,0.0,0.0,0.0,0.0,0.0,0.0,0.0027031898267229734,0.0026461959098807,0.00261008675097097,0.00271734863862707,0.00023361742081911822,0.05005712213858583,0.045459426596176106,0.019002925769148662,0.09232856701949171,0.027948021421108946,0.034099703692194325,0.03086055802043135,0.01342545223049644,0.06060260848331476,0.01747682178938484,0.02526864206947736,0.023076958179234948,0.00968677005688731,0.044999445716311544,0.013055448630042408,0.07166257256890746,0.06344282292730691,0.03515591440906425,0.12187360207365854,0.031977639276237126,0.0026465787510025636,0.0026413822609107,0.0026149496986806,0.00269261229611436,2.834996870559872e-05,0.0,0.0,0.0,0.0,0.0,0.0,0.0,0.0,0.0,0.0,0.0,0.0,0.0,0.0,0.0,0.0,0.0,0.0,0.0,0.0
Sweep_AmplitudeStep_35pct,35.0,ZCD,Loop-based,fast,30,0.010849208922414557,0.010419114669753,0.0056650453016128905,0.0160869562200186,0.003910111170242655,0.008584731398912018,0.00812851525115975,0.00442068694607862,0.01272111310522197,0.003078879253225205,0.03187409194939897,0.02996446460806365,0.01521557008925634,0.04678049609258101,0.014011409125933856,0.006622147221337587,0.0063362587994169,0.00354091883081293,0.0099127914808129,0.0024432969685108294,0.0,0.0,0.0,0.0,0.0,9.999999999999998e-05,0.0001,0.0001,0.0001,4.135263320862086e-20,0.0,0.0,0.0,0.0,0.0,0.028451173062924915,0.0276377277338382,0.015043443438517531,0.04279784625881651,0.01035040771528766,0.0,0.0,0.0,0.0,0.0,75.18250208701835,71.74779464106606,38.74985130422459,108.85806336166227,27.296144617593345,10.25696158519362,9.731636768562666,5.287732326642508,14.990065168609974,3.7016832831913176,78.25155944510955,78.27985220802134,77.415685224931,79.22305033390904,0.7526892433345623,0.0015623288479726534,0.00134859326173635,0.0006947248098840801,0.002723609923705991,0.000958058959567362,4.494349079372133,4.340036664629743,4.05070088698776,5.208043997555691,0.4728904841842564,16.699999999999996,16.7,16.7,16.7,7.226896453227138e-15,1.0,1.0,1.0,1.0,0.0,1.0,1.0,1.0,1.0,0.0,0.0625,0.0625,0.0625,0.0625,0.0,0.0625,0.0625,0.0625,0.0625,0.0,195.37853666666666,201.6955,164.6882,232.8914,46.11411392937491,1.0,1.0,1.0,1.0,0.0,0.0,0.0,0.0,0.0,0.0,0.0,0.0,0.0,0.0,0.0,0.013196380604745934,0.009781870133885099,0.00461844382826642,0.023542285242077573,0.008194980470828048,0.010213856500369534,0.00705905422338305,0.0031784564789298702,0.01924527525315322,0.008665565131814115,0.010065543766872896,0.00937151629610755,0.00391003276242235,0.016436923194367393,0.005756817789576408,0.010228000712348412,0.0101218053283058,0.00402811693999329,0.016382280709861363,0.005775613217189099,0.01700465885997218,0.0148011377092913,0.00682286381993642,0.0299792598970242,0.009767237983571425,0.010041785932637624,0.0098512234097445,0.00503847449824749,0.014589942140627131,0.004276776931094753,0.0,0.0,0.0,0.0,0.0,0.0,0.0,0.0,0.0,0.0,0.0,0.0,0.0,0.0,0.0,0.0,0.0,0.0,0.0,0.0
Sweep_AmplitudeStep_35pct,35.0,EKF,Model-based,fast,30,0.0030262230290293633,0.00285350023239015,0.0008666007964034701,0.00564138699110119,0.0018890975040838844,0.0013587487687916463,0.0014330689600911,0.00044000140276078,0.0023650420157911504,0.0007760020931334633,0.013012794967474362,0.0116983384742823,0.00357446289776034,0.02462926541514171,0.00820986782177944,0.002699610836055867,0.0024708163492275,0.00074301859797981,0.0051316416150797494,0.001729527162488699,0.0,0.0,0.0,0.0,0.0,9.999999999999998e-05,0.0001,0.0001,0.0001,4.135263320862086e-20,0.0,0.0,0.0,0.0,0.0,0.0094575812769594,0.00883972871475985,0.00267501832856586,0.01777564688543203,0.005953151650509998,0.0,0.0,0.0,0.0,0.0,0.2735228452023601,0.2727255121026672,0.24627693195888864,0.30726950084414284,0.02617630150664441,0.05130334060547791,0.0526957166491587,0.04113493529182771,0.06163398054013206,0.008378362592088533,32.60764975877119,32.0524670423179,28.631020345989615,37.74545773213259,3.5489563112508145,7.547469801654072e-05,7.991908233307763e-05,1.4243874702287725e-05,0.00014111871799048003,5.26894465070339e-05,9.393768247443042,9.25874488454345,8.940475529137272,9.837416439827418,0.484945701184532,0.0,0.0,0.0,0.0,0.0,1.0,1.0,1.0,1.0,0.0,1.0,1.0,1.0,1.0,0.0,0.0625,0.0625,0.0625,0.0625,0.0,0.0625,0.0625,0.0625,0.0625,0.0,329.70543,329.3216,285.2167,368.1722,40.056082895732054,1.0,1.0,1.0,1.0,0.0,0.0,0.0,0.0,0.0,0.0,0.0,0.0,0.0,0.0,0.0,0.0011539252299904447,0.0011191751298248,9.739614308540888e-05,0.0025440237833947305,0.0009375172656986913,0.0026068777600904165,0.00273399908889275,0.0009005751565052201,0.00404783319271629,0.0012104728744323293,0.002767348439702941,0.00285381726987315,0.00069274784051946,0.004378101709682731,0.001334945134649116,0.0021172862668766674,0.0021295246769621502,0.0005732015626428,0.00322123368355158,0.0009764092850616769,0.0038800346545978036,0.00398233546142275,0.00149412836373413,0.0057661848398629905,0.001624345686059965,0.0009258939452018233,0.0009301671655806,0.00029259693377472,0.00147450745888099,0.00045380600715881115,0.0,0.0,0.0,0.0,0.0,0.0,0.0,0.0,0.0,0.0,0.0,0.0,0.0,0.0,0.0,0.0,0.0,0.0,0.0,0.0
Sweep_AmplitudeStep_35pct,35.0,LKF,Model-based,fast,30,0.004329313269475987,0.0042521759990993,0.00403881813002791,0.00496164512886387,0.0003296944565696921,0.003651066185269543,0.00362342038741845,0.00352214328229952,0.00382515706545627,0.00010845984329232627,0.024407493908835155,0.02207050361241865,0.013829029873636422,0.04172737528450122,0.009896314017503573,0.00230623213289702,0.0021617376834475,0.00189601862906298,0.0031514120221702003,0.00044061028884882775,0.0,0.0,0.0,0.0,0.0,9.999999999999998e-05,0.0001,0.0001,0.0001,4.135263320862086e-20,0.0,0.0,0.0,0.0,0.0,0.010569762583960758,0.010128458742088401,0.0092584399786755,0.01328653624402199,0.001420549787314458,0.0,0.0,0.0,0.0,0.0,5.448427401988809,5.402687721982602,5.393576792473098,5.651419974988414,0.09741574698519338,2.971447075623764,2.972941402266348,2.960905676738959,2.9834687530166297,0.007918685729958278,68.10997798839716,67.4968226837823,64.19219518155131,72.97403391465734,3.3768585489612857,0.00014051158273754416,0.00013416466620185002,6.427996127393919e-05,0.00021266448593182006,6.334533493158535e-05,10.946536920788354,10.850091661574355,10.097818639705203,12.15210266096328,0.8896321440741399,7.900000000000002,7.9,7.9,7.9,3.613448226613569e-15,1.0,1.0,1.0,1.0,0.0,1.0,1.0,1.0,1.0,0.0,0.0625,0.0625,0.0625,0.0625,0.0,0.0625,0.0625,0.0625,0.0625,0.0,352.0224966666666,349.2886,308.0607,386.1316,28.603215400918966,1.0,1.0,1.0,1.0,0.0,0.0,0.0,0.0,0.0,0.0,0.0,0.0,0.0,0.0,0.0,0.0038801113082998235,0.00388369286394675,0.00386096764247101,0.00390030545951814,1.9970384926256847e-05,0.014448917707640539,0.012647887015004099,0.00677725205519308,0.02612214308121635,0.006866240613416793,0.009691387577436362,0.00840607677148345,0.0050709021149373005,0.01715627593424808,0.004152531098292974,0.007634924291452216,0.0067087189925304005,0.00458103896868311,0.012813079449542311,0.0028376250984357364,0.02416593247413412,0.02207050361241865,0.0120488814759177,0.04172737528450122,0.01024131823257285,0.00395360762075277,0.0039437348606215505,0.00392722063025435,0.00401011421147273,2.9784738605653426e-05,0.0,0.0,0.0,0.0,0.0,0.0,0.0,0.0,0.0,0.0,0.0,0.0,0.0,0.0,0.0,0.0,0.0,0.0,0.0,0.0
Sweep_AmplitudeStep_35pct,35.0,LKF2,Model-based,fast,30,0.007013607806727929,0.00483047845528625,0.00380332625555914,0.01325822216990226,0.0037166374198089247,0.0031225383226973864,0.00255673227892095,0.00203323875464567,0.005005990046934501,0.0011446916151671663,0.047665762000014156,0.04055440725513645,0.02413913321522466,0.08100433413324944,0.023866466241276328,0.006255220484118264,0.00409830136745105,0.0033196882898399805,0.012244657608062901,0.003581413404416312,0.0,0.0,0.0,0.0,0.0,9.999999999999998e-05,0.0001,0.0001,0.0001,4.135263320862086e-20,0.0,0.0,0.0,0.0,0.0,0.021888199775052353,0.0148516363812742,0.0118110227601553,0.04181754756381682,0.011875506187555736,0.0,0.0,0.0,0.0,0.0,8.071201526303659,8.043485018882635,7.504178677375961,8.638135174779293,0.4422160689087242,2.1809571180797542,2.124034559123444,1.924413747252004,2.52777827284856,0.24175368917977555,65.37262824945705,65.01188159948539,62.03445147030213,69.5932802755288,3.1657533524769277,0.00024982621453982994,0.00018024719224435002,5.572668531599124e-05,0.0005477950698430901,0.00019850300297433372,11.30338437988013,11.13942743921634,10.416087995111385,12.18103623872748,0.7671428673308899,0.0,0.0,0.0,0.0,0.0,1.0,1.0,1.0,1.0,0.0,1.0,1.0,1.0,1.0,0.0,0.0625,0.0625,0.0625,0.0625,0.0,0.0625,0.0625,0.0625,0.0625,0.0,349.53470333333337,349.2886,308.0607,386.1316,34.94826531160007,1.0,1.0,1.0,1.0,0.0,0.0,0.0,0.0,0.0,0.0,0.0,0.0,0.0,0.0,0.0,0.0006759483510372847,0.00041784571716434995,0.00011577530195718472,0.0017199284674732202,0.0006569193073465926,0.022009279880969623,0.02204853343112735,0.013716431981352329,0.03067155059323818,0.006694903281129345,0.016149471899495036,0.015974706309625497,0.010699150512265259,0.02173896984094341,0.004396599147270368,0.012426465782582993,0.0122090503259682,0.00874983592868702,0.01619737287060053,0.0029576372657609015,0.034986944329759205,0.0345923132745618,0.02407652622992414,0.04657790562218689,0.008780750302831885,0.0034820037918901,0.0034663777672833997,0.00318568949403082,0.00380120365966382,0.00024914608463762693,0.0,0.0,0.0,0.0,0.0,0.0,0.0,0.0,0.0,0.0,0.0,0.0,0.0,0.0,0.0,0.0,0.0,0.0,0.0,0.0
Sweep_AmplitudeStep_35pct,35.0,RA-EKF,Model-based,fast,30,0.0007594511597235233,0.0006429940180828,0.00047912721940098,0.0012700128154560701,0.00037128174903814867,0.00047375823687537,0.0004137067414033,0.00032594919892604997,0.00080405035535261,0.00020175496906960162,0.004807841161003477,0.004027245389330801,0.0028327764452021897,0.007447408347572033,0.0024093080048681417,0.00059245623243596,0.0004922245904423999,0.00034945127693852997,0.0009828127411643502,0.0003138554086424133,0.0,0.0,0.0,0.0,0.0,9.999999999999998e-05,0.0001,0.0001,0.0001,4.135263320862086e-20,0.0,0.0,0.0,0.0,0.0,0.002251126934183397,0.0018903805127306,0.00137681128143201,0.0037525236893547202,0.001142000374204752,0.0,0.0,0.0,0.0,0.0,1.5674305058291556,1.5656564227573,1.5224281708032805,1.6190499194728147,0.04225305848319181,0.33065786012035986,0.3288084683747853,0.32195338699570547,0.3422906193467622,0.007131544973628434,49.03604620140154,48.30909510039969,45.357497869194326,53.66843313960046,3.307976893350456,1.9312555479510805e-05,1.6527798255277633e-05,5.9161982565232985e-06,3.2367512653057575e-05,1.4829058612855309e-05,12.489661068212259,11.573431105679315,10.994759550395347,14.90079254856212,1.7543477758718804,0.0,0.0,0.0,0.0,0.0,1.0,1.0,1.0,1.0,0.0,1.0,1.0,1.0,1.0,0.0,0.0625,0.0625,0.0625,0.0625,0.0,0.0625,0.0625,0.0625,0.0625,0.0,399.4427233333333,403.2901,349.2886,450.8544,36.377082731261225,1.0,1.0,1.0,1.0,0.0,0.0,0.0,0.0,0.0,0.0,0.0,0.0,0.0,0.0,0.0,0.0007267765636445568,0.0004328451877891,0.00028081403669212,0.0013346118189403006,0.0006984185052950436,0.0023226814897590637,0.0019762283144918,0.00106562461925996,0.00400079779217537,0.0011687927550635946,0.0018170671081965334,0.0015560269376138,0.00070852266383703,0.00320939326230641,0.0009710432493740995,0.0014178544812479535,0.0012158024771711001,0.0005809024689594901,0.0025151881307077803,0.0007649371311022387,0.0037642316352100073,0.00350697252804365,0.00234763197967707,0.00574450381000058,0.0014047478259553198,0.0003339817168280634,0.00033590957066625,0.00023038174048662998,0.00043488540467306,7.261385826140333e-05,0.0,0.0,0.0,0.0,0.0,0.0,0.0,0.0,0.0,0.0,0.0,0.0,0.0,0.0,0.0,0.0,0.0,0.0,0.0,0.0
Sweep_AmplitudeStep_35pct,35.0,UKF,Model-based,fast,30,0.0015919368073734597,0.00140585248195235,0.0007635452078216699,0.0024913203299174002,0.0006232254916009281,0.0007089655956615868,0.0006762732254158999,0.00036579235452663,0.00106036764897092,0.0002488381433165054,0.009508808313581774,0.008766818870871149,0.00544991477404081,0.0156254297841378,0.003653083078775481,0.001423316427181663,0.001232549796347,0.0006721483749999099,0.00232080241854009,0.0005766199397066279,0.0,0.0,0.0,0.0,0.0,9.999999999999998e-05,0.0001,0.0001,0.0001,4.135263320862086e-20,0.0,0.0,0.0,0.0,0.0,0.0049789148772067,0.00437330635656455,0.0023786440298664002,0.007867485744424951,0.0019685764268668826,0.0,0.0,0.0,0.0,0.0,1.1734475714118748,1.1773712288754012,1.1367106498152424,1.2125976649137726,0.02910988206583724,0.22658578934336457,0.2275524649221691,0.2211643204110844,0.2308178552458514,0.003748935180267247,45.75153837949244,44.93025432989038,42.07038329715363,50.70666947481051,3.3669631993112246,5.1850203641386706e-05,4.3049922279046564e-05,1.9586012598720392e-05,0.0001009982237738,3.170596059960045e-05,11.351607009487129,11.284095328037331,10.676490194989166,12.15210266096328,0.7509800046491377,0.0,0.0,0.0,0.0,0.0,1.0,1.0,1.0,1.0,0.0,1.0,1.0,1.0,1.0,0.0,0.0625,0.0625,0.0625,0.0625,0.0,0.0625,0.0625,0.0625,0.0625,0.0,376.2183033333333,386.1316,347.2919,406.51897,35.712780584011,1.0,1.0,1.0,1.0,0.0,0.0,0.0,0.0,0.0,0.0,0.0,0.0,0.0,0.0,0.0,0.00012448902552573198,0.0001171018091366,4.786349083559595e-05,0.00021936237175013,7.424923971372387e-05,0.004327691075424681,0.0047375017841932,0.0017266404214372302,0.006244070866451991,0.00175309071623852,0.004090145707670029,0.00454412930524045,0.001379718987917,0.00594634723341355,0.0017048119550685304,0.00304079963367488,0.0033583490533741498,0.00114626839123302,0.00434913237472771,0.001200976616583884,0.006646932441518968,0.00719400109317545,0.0031768310781543404,0.00921440666196673,0.0023226313273047327,0.0008554947618233398,0.0007625179375434,0.0003458122880175,0.0014062861156542501,0.00038158208324656556,0.0,0.0,0.0,0.0,0.0,0.0,0.0,0.0,0.0,0.0,0.0,0.0,0.0,0.0,0.0,0.0,0.0,0.0,0.0,0.0
Sweep_AmplitudeStep_35pct,35.0,IPDFT,Window-based,fast,30,0.004574774755675753,0.0051004921836513995,0.0010861766469091002,0.00675007701701595,0.0021049799891312403,0.0012373270451949833,0.00136310859313405,0.0005467780713385,0.0017763152802701802,0.00048514585069305146,0.039781814393664156,0.0445421477822023,0.00974373775917169,0.05872924030889094,0.018070532027504096,0.004400805677004444,0.0049104093656729495,0.00101445293982433,0.00654945607336243,0.002055996366703368,0.0,0.0,0.0,0.0,0.0,9.999999999999998e-05,0.0001,0.0001,0.0001,4.135263320862086e-20,0.0,0.0,0.0,0.0,0.0,0.014439744076208478,0.0161095295523151,0.00340186143639512,0.02130026010761591,0.006646302792669071,0.0,0.0,0.0,0.0,0.0,3.2341850804223546,3.641200560648983,0.9866869352084251,4.714684442712169,1.4097763454578223,0.41085582858161357,0.4616845272762323,0.12090774656520957,0.5972078893931779,0.17886147951025044,49.81046156403021,50.615213330520625,42.08187125227359,56.021221003518356,5.64436506848268,0.0002155118369350977,0.00023722235330249998,9.395677450548953e-05,0.00030222327594938,8.225582467237919e-05,9.866350017591616,9.837416439827418,9.548080662185434,10.1556857952336,0.4185983247893908,66.59999999999998,66.60000000000001,66.60000000000001,66.60000000000001,4.336137871936283e-14,1.0,1.0,1.0,1.0,0.0,1.0,1.0,1.0,1.0,0.0,0.0625,0.0625,0.0625,0.0625,0.0,0.0625,0.0625,0.0625,0.0625,0.0,326.35962333333333,329.3216,285.2167,368.1722,32.75416979047444,1.0,1.0,1.0,1.0,0.0,0.0,0.0,0.0,0.0,0.0,0.0,0.0,0.0,0.0,0.0,0.0004116804330346666,0.00034760632201825,0.00021914911805248,0.0006276953235985201,0.00019386086538357878,0.005327131008798793,0.00581506028784555,0.0016537290076616702,0.008395828191522441,0.002595075530297064,0.021827987172496028,0.024409170412822298,0.00572042663867258,0.03231458161197445,0.009918869562517179,0.01839518591258574,0.02053929388538775,0.00427343387193142,0.02725425878540712,0.008544620349791577,0.039781814393664156,0.0445421477822023,0.00974373775917169,0.05872924030889094,0.018070532027504096,0.00038683455620075333,0.00038003509979605003,0.00024986110182992,0.0004966334901833701,0.00011995920231567736,0.0,0.0,0.0,0.0,0.0,0.0,0.0,0.0,0.0,0.0,0.0,0.0,0.0,0.0,0.0,0.0,0.0,0.0,0.0,0.0
Sweep_AmplitudeStep_35pct,35.0,TFT,Window-based,fast,30,0.0026146017801192173,0.00280533212787185,0.0009694059713560199,0.0038730652365938103,0.0011471274876438315,0.0008536212789844934,0.0009252401399509999,0.00036249684186027997,0.0012346341812818598,0.0003393382619689662,0.01570267837405761,0.01695305186138185,0.00726935297719957,0.02057928936081337,0.00499813101918744,0.0024691731192464966,0.00263903220914955,0.0009108320868769001,0.0036894728261140397,0.0011008068847053376,0.0,0.0,0.0,0.0,0.0,9.999999999999998e-05,0.0001,0.0001,0.0001,4.135263320862086e-20,0.0,0.0,0.0,0.0,0.0,0.008261140636724108,0.0088638180629301,0.0030634709559067804,0.01224667427837289,0.003635580491796565,0.0,0.0,0.0,0.0,0.0,0.8423306294276974,0.921301253598017,0.44357062297706307,1.11140197415871,0.27623183971394116,0.1387865950134834,0.13786142070067198,0.06956291558284843,0.18682000556642775,0.04510881138769884,40.82754396809846,40.67513774670263,34.625542491303065,47.405907354842135,5.050417593905305,6.473272905839287e-05,7.207327941989098e-05,1.7025271112059516e-05,9.919476635812095e-05,3.091600501117653e-05,13.11655525310322,13.020109993889228,12.441438438605262,13.888117326815175,0.6936294359303306,83.30000000000003,83.3,83.3,83.3,1.4453792906454277e-14,1.0,1.0,1.0,1.0,0.0,1.0,1.0,1.0,1.0,0.0,0.0625,0.0625,0.0625,0.0625,0.0,0.0625,0.0625,0.0625,0.0625,0.0,364.4305033333334,368.1722,308.0607,419.7459,37.82805972533856,1.0,1.0,1.0,1.0,0.0,0.0,0.0,0.0,0.0,0.0,0.0,0.0,0.0,0.0,0.0,0.00022998976694696578,0.0002111036600714,9.261617726634804e-05,0.00034045179404000017,0.00014043130611715663,0.0019483042498176333,0.0020295955336738997,0.0006394711209145701,0.00295726475969648,0.0009102235193221202,0.008733663801168984,0.009464225270447449,0.0022637712505323804,0.013430442333029499,0.004237954942896533,0.008103257531960083,0.008688475163708149,0.00193620753458356,0.01240353078826421,0.003886974467515967,0.013447506401051322,0.01438234341769015,0.00296665823804708,0.02057928936081337,0.006443142262760556,0.00035400014413988106,0.00035849961479805,0.00015189686305271,0.0005264321661529,0.0001372838103757021,0.0,0.0,0.0,0.0,0.0,0.0,0.0,0.0,0.0,0.0,0.0,0.0,0.0,0.0,0.0,0.0,0.0,0.0,0.0,0.0
Sweep_AmplitudeStep_50pct,50.0,RLS,Adaptive,fast,30,1.0436352076900441,1.2304831411200907,0.28321546540434783,1.563831016916226,0.530959713204421,0.49308537948756526,0.530091100254549,0.14085157317064345,0.7271696639906277,0.23904426877457832,4.692248324201071,5.814969017137891,1.2412184820566416,7.172082110853651,2.524933304246122,0.9096098107829328,1.1058993245344446,0.24616485968694843,1.413974677402352,0.4940348656393279,0.39657666666666663,0.3556,0.1574,0.5962100000000001,0.24271449054298389,9.999999999999998e-05,0.0001,0.0001,0.0001,4.135263320862086e-20,0.24616333333333335,0.27905,0.08888,0.30657,0.11447496182597079,3.2219148118363634,3.8759870163136236,0.8779404345248228,4.889571240194449,1.684959322873491,0.8743933333333335,0.70965,0.5426,1.62715,0.40138674439337513,163.42930346002106,198.68433265964214,53.69311037239832,204.91849643054928,65.21278210846818,24.303582886905314,28.338075013358896,11.5713466556956,32.60329162163033,8.479707079292726,85.69228573941837,85.3775488039085,78.1354150038378,89.50847977201595,4.384881960908095,0.009098729720715727,0.0086936924038184,0.00434533204135521,0.01621454008579338,0.004857666453636368,14.225675734064158,14.17745310445716,13.598781549173191,14.756124659741126,0.48106089334004615,0.0,0.0,0.0,0.0,0.0,0.0,0.0,0.0,0.0,0.0,0.0,0.0,0.0,0.0,0.0,0.0625,0.0625,0.0625,0.0625,0.0,0.0625,0.0625,0.0625,0.0625,0.0,421.18596333333335,427.66235,384.33566,452.33171000000004,32.85174714230148,1.0,1.0,1.0,1.0,0.0,0.0,0.0,0.0,0.0,0.0,0.0,0.0,0.0,0.0,0.0,0.2814363536694602,0.11830305189930486,0.022671444414604402,0.7619524890868787,0.34565416968324664,1.4835296179478044,1.5394497859020846,0.5818223929610687,1.9580477059920858,0.6471428728565074,3.3339974342922627,4.305466526032223,0.6956912566325998,4.964664271968175,1.7834826926070493,3.4898962931573867,4.419567194601691,0.6035467185929105,5.447887695994045,2.038516047130234,4.606872610048134,5.814969017137891,0.7947680365195098,7.172082110853651,2.64875044681041,0.6163941577083657,0.7529643686114116,0.10461875958343488,0.9601910910872828,0.3395661658766497,0.5243933333333334,0.3675,0.19313000000000002,1.27939,0.4051378964333462,0.0,0.0,0.0,0.0,0.0,0.0,0.0,0.0,0.0,0.0,0.0,0.0,0.0,0.0,0.0
Sweep_AmplitudeStep_50pct,50.0,TKEO,Adaptive,fast,30,9.301292716879045,8.96648028638731,8.096479840896093,11.023814925371612,1.1191131839151618,8.644190745942927,8.281140061042858,7.414048551782366,10.372886058548842,1.1282547858934662,13.49932058447933,13.083350092790305,12.00333892277832,14.93940166134017,1.186021705688934,3.419197004484709,3.389098433251216,3.0886223062183737,3.832049463735696,0.2899072479172097,1.6501000000000003,1.6501,1.6501,1.6501,0.0,9.999999999999998e-05,0.0001,0.0001,0.0001,4.135263320862086e-20,1.6501000000000003,1.6501,1.6501,1.6501,0.0,18.901781759397057,18.584828326948163,16.5273949117456,21.417521624256572,1.7853968821625255,1.6501000000000003,1.6501,1.6501,1.6501,0.0,275.6280259433067,271.1862846372259,264.17760271790235,297.2673999250439,13.43944419819926,57.44342614553995,55.99405073111752,49.52270089892681,68.59472741312517,7.043392475568613,93.70783900376203,93.00839092885622,88.9716457856144,100.1507408430436,4.39828396099642,0.06700928002327801,0.06542210569759724,0.05867126638613888,0.07594657432409398,0.00689065836651885,8.786163114394878,8.680073329259486,8.10140177397552,9.28767846230765,1.0320404199538076,0.30000000000000004,0.3,0.3,0.3,0.0,0.0,0.0,0.0,0.0,0.0,0.0,0.0,0.0,0.0,0.0,0.0625,0.0625,0.0625,0.0625,0.0,0.0625,0.0625,0.0625,0.0625,0.0,315.3603633333333,308.0607,285.2167,329.3216,20.78336313341769,1.0,1.0,1.0,1.0,0.0,0.0,0.0,0.0,0.0,0.0,0.0,0.0,0.0,0.0,0.0,4.726373860666892,4.58592566339739,3.7353699296368714,6.200353566925124,0.9780920635914249,5.208476701601294,4.982436734787935,4.137117434236642,6.779463993786166,1.0086019947597666,5.380040999115651,5.135498600188348,4.316492388266884,7.028838011111174,1.0223727446115711,5.653945595879005,5.397242765440016,4.57772026870166,7.405098896390879,1.026121852200976,6.183092912513765,5.902957549415355,5.091129826077392,7.991673878251881,1.0586131723265093,8.146113436372502,7.85456632673144,6.7319441297880624,10.095277432876598,1.2865474092709994,1.3000999999999998,1.3001,1.26146,1.33874,0.029342096392208514,0.0,0.0,0.0,0.0,0.0,0.0,0.0,0.0,0.0,0.0,0.0,0.0,0.0,0.0,0.0
Sweep_AmplitudeStep_50pct,50.0,PLL,Loop-based,fast,30,0.21885611077568562,0.16598155268710074,0.1622750140332303,0.3153592872849007,0.13512646565087075,0.16493997011239359,0.14772418424668315,0.14577508788125654,0.19469856602205146,0.04393063241548117,0.9809527865691753,0.536166508225211,0.3796238730598446,2.4225889314133466,0.9355162818361027,0.1326092866859267,0.07567844413112351,0.07120210508486764,0.2478876880524698,0.13979985612767384,0.022160000000000003,0.0015999999999999999,0.0,0.07108000000000003,0.03977531377886159,9.999999999999998e-05,0.0001,0.0001,0.0001,4.135263320862086e-20,0.01633,0.00145,0.0,0.055080000000000025,0.03438532315212208,0.5627678301701738,0.3747595166400539,0.35950217765645415,0.9383616301794612,0.4631093245753924,1.649016666666667,1.6491500000000001,1.6475000000000002,1.6501,0.0010167844288306825,178.96011427854577,175.20088536099541,173.99348497860956,191.92937682324992,7.310786776051424,121.88582928207613,121.86126515347756,121.75684464098617,122.03688323661277,0.1111720916338568,100.36957052401834,99.78828353218142,96.46818044448068,105.19510373507424,3.3720586025674115,0.004564291389777614,0.00225769680116105,0.0010046921640336,0.01279173978500742,0.00504384474804184,8.834385744001878,8.96940910690147,8.361803973853304,9.28767846230765,0.4542081300835728,0.0,0.0,0.0,0.0,0.0,0.0,0.0,0.0,0.0,0.0,0.0,0.0,0.0,0.0,0.0,0.0625,0.0625,0.0625,0.0625,0.0,0.0625,0.0625,0.0625,0.0625,0.0,311.86547666666667,308.0607,260.3733,349.2886,28.80626434879894,1.0,1.0,1.0,1.0,0.0,0.0,0.0,0.0,0.0,0.0,0.0,0.0,0.0,0.0,0.0,0.16165811310418274,0.1613619758116804,0.16114621607410842,0.16159683480466439,0.0015859654846807497,0.2129377024601876,0.21111458670645383,0.18786744229517494,0.23879098443902771,0.017850599066530887,0.181912887052828,0.18178790509691556,0.1725296534857884,0.1913963168217403,0.006554667635143306,0.17231210187925874,0.17204919259301393,0.1670511735444447,0.1777639149588811,0.0037833063083862807,0.3935685228746389,0.39722791114795797,0.3260338874443896,0.4627709775099084,0.052706428681050285,0.16133319938477417,0.16132408481900434,0.1611549958560029,0.16151891691687112,0.00013533513965845393,1.2990166666666667,1.2988,1.25868,1.3387,0.029281794783570333,0.0,0.0,0.0,0.0,0.0,0.0,0.0,0.0,0.0,0.0,0.0,0.0,0.0,0.0,0.0
Sweep_AmplitudeStep_50pct,50.0,SOGI-FLL,Loop-based,fast,30,0.0075883226778995895,0.0074727217564546505,0.0061603046155816405,0.00927391344035679,0.0011238611738241537,0.005455967682011284,0.00546881196482355,0.00488834485998675,0.00618184949025311,0.0004452201221771759,0.03333523819861521,0.0337613420829079,0.02202077193703712,0.0426042096788123,0.0073845999176091505,0.0052405958563232205,0.0050389062498297,0.00376521660285018,0.00716043763130447,0.0011950592261781785,0.0,0.0,0.0,0.0,0.0,9.999999999999998e-05,0.0001,0.0001,0.0001,4.135263320862086e-20,0.0,0.0,0.0,0.0,0.0,0.02117775525098109,0.02071764859716215,0.01617135448711328,0.02735580672035826,0.0039849740655953855,0.0,0.0,0.0,0.0,0.0,1.9166788165409325,1.84561028638619,1.6276980129479313,2.374584573743732,0.270470667141611,0.3311022821874468,0.3228745275825108,0.2588625263174088,0.43582740434791034,0.06188361832889012,48.89978405653491,49.095825412244324,44.64734974188961,54.90057292845612,3.9961032526430755,0.00012834471855608862,0.00011952078959295,6.432550700806039e-05,0.00020380491320855004,5.7485144990313907e-05,8.680073329259484,8.680073329259486,8.390737551617502,9.25874488454345,0.34819921336217186,0.0,0.0,0.0,0.0,0.0,1.0,1.0,1.0,1.0,0.0,1.0,1.0,1.0,1.0,0.0,0.0625,0.0625,0.0625,0.0625,0.0,0.0625,0.0625,0.0625,0.0625,0.0,307.28824333333336,308.0607,260.3733,349.2886,30.945227176657685,1.0,1.0,1.0,1.0,0.0,0.0,0.0,0.0,0.0,0.0,0.0,0.0,0.0,0.0,0.0,0.003633779981393107,0.00361761947290465,0.00350176140238118,0.00378701078926529,0.00012522741123847128,0.01727808010484049,0.0189840486196653,0.00554007224785074,0.027758297867777892,0.007977426106142731,0.018210621172427496,0.0170221946831091,0.009500719575063429,0.02919062810553161,0.007518248801179373,0.02213529331308501,0.021774737936805802,0.01738852854748418,0.02967764953211079,0.004422897670379446,0.03333523819861521,0.0337613420829079,0.02202077193703712,0.0426042096788123,0.0073845999176091505,0.00406891027051234,0.00407141548391305,0.00402875367053493,0.00411240066630434,4.1147015140336383e-05,0.0,0.0,0.0,0.0,0.0,0.0,0.0,0.0,0.0,0.0,0.0,0.0,0.0,0.0,0.0,0.0,0.0,0.0,0.0,0.0
Sweep_AmplitudeStep_50pct,50.0,SOGI-PLL,Loop-based,fast,30,0.020277048710795543,0.01849401757725545,0.0099475250377569,0.030399470739084743,0.010042019879919638,0.0073152903428475155,0.00677630910258545,0.00340886558020463,0.01093706497545545,0.003069906832451124,0.16764861349956206,0.14661319146329885,0.06502310314554331,0.23679232069837677,0.12024438376074671,0.018888580216987357,0.01732045165980685,0.009338123803214912,0.02829426817403848,0.009608043135906703,0.00016333333333333334,0.0,0.0,0.0,0.0008946135105917708,9.999999999999998e-05,0.0001,0.0001,0.0001,4.135263320862086e-20,0.00016333333333333334,0.0,0.0,0.0,0.0008946135105917708,0.06398103099380974,0.0584216755503449,0.031423236989849376,0.0960457650130044,0.03180735145235733,0.09788,0.0,0.0,0.37302,0.16458723166633005,19.769726179347323,22.04214235681512,6.544946509288608,29.696833365509434,9.137894329369468,2.6152428678695445,2.722003794748705,1.5402594102973657,3.4584247284174268,0.7417608929289498,66.61035137938104,66.86905864863212,59.94485388100899,73.68206070581958,5.128643265355454,0.0010544787772427933,0.00094934925835095,0.00030924581015128,0.0015523524558940902,0.0007483068053933457,8.921186477294471,8.96940910690147,8.390737551617502,9.548080662185434,0.4870246858566733,0.0,0.0,0.0,0.0,0.0,0.3,0.0,0.0,1.0,0.46609159969939895,0.9666666666666667,1.0,1.0,1.0,0.1825741858350553,0.0625,0.0625,0.0625,0.0625,0.0,0.0625,0.0625,0.0625,0.0625,0.0,313.3258666666667,329.3216,260.3733,349.2886,35.86818368270257,1.0,1.0,1.0,1.0,0.0,0.0,0.0,0.0,0.0,0.0,0.0,0.0,0.0,0.0,0.0,0.00203760516610637,0.00185914387359755,0.00177915937329499,0.00216696332898525,0.0006327388712142118,0.08242068829356103,0.08824257372373785,0.016483704514361402,0.15178277783460511,0.050098161827321575,0.050005423615579025,0.05317838479137645,0.01006673872252763,0.0922018161702893,0.030395417855720155,0.03770831646019398,0.03988057804561135,0.00723499840606835,0.07035644332617375,0.023335338929784143,0.13163377046557628,0.1445344935271926,0.029032656909951264,0.23669701870087675,0.07794282427602435,0.0017945152154215732,0.0017933556924295,0.00177292047265986,0.00181705973695894,1.64112322111366e-05,0.0026866666666666666,0.0,0.0,0.01043,0.004546975753811221,0.0,0.0,0.0,0.0,0.0,0.0,0.0,0.0,0.0,0.0,0.0,0.0,0.0,0.0,0.0
Sweep_AmplitudeStep_50pct,50.0,Type-3 SOGI-PLL,Loop-based,fast,30,0.03426385740002423,0.02486920458626725,0.009365768512038141,0.06435419759066739,0.02651868998071108,0.010456116639859245,0.00836056455821395,0.00436824405172347,0.01759815089084856,0.00605206334071435,0.3005752832775836,0.22016884348823135,0.08080317710380663,0.5800581512126273,0.2412268959150613,0.03255177527385981,0.02350023403653735,0.008288769381215802,0.062098815267820656,0.025920098870785672,0.002373333333333333,0.0,0.0,0.005890000000000007,0.0068741361003719454,9.999999999999998e-05,0.0001,0.0001,0.0001,4.135263320862086e-20,0.002373333333333333,0.0,0.0,0.005890000000000007,0.0068741361003719454,0.10811144246143885,0.07863787360534315,0.02922675798684168,0.20318414726651157,0.08377941437625117,0.015443333333333333,0.0032500000000000003,0.0,0.04317,0.020078598716961833,10.4990660683022,10.17421098230109,6.776003321842694,14.515204590697552,3.59861806977191,2.6626400860788713,2.6419385098201915,2.2191674568772846,3.0824578692208346,0.3502439705268834,67.06022748603452,65.93729194376061,62.71801302975398,72.71736561548185,3.6457013716889244,0.0019788459735024,0.0015576917362854,0.00057366581956208,0.00410826988173246,0.0014348728273048757,10.174974847076395,9.982084328648408,9.548080662185434,11.31302890580153,0.8326442852230415,0.0,0.0,0.0,0.0,0.0,0.26666666666666666,0.0,0.0,1.0,0.4497764451088037,0.7666666666666667,1.0,0.0,1.0,0.43018306715207616,0.0625,0.0625,0.0625,0.0625,0.0,0.0625,0.0625,0.0625,0.0625,0.0,336.41433333333333,329.3216,285.2167,368.1722,34.45570095413702,1.0,1.0,1.0,1.0,0.0,0.0,0.0,0.0,0.0,0.0,0.0,0.0,0.0,0.0,0.0,0.0027031898267229734,0.0026461959098807,0.00261008675097097,0.00271734863862707,0.00023361742081911822,0.06646510755471485,0.0596540934048225,0.02497786271178091,0.12288769005412688,0.03714644676443625,0.04502740432021467,0.0408093476560407,0.01752703907580298,0.08040772390106342,0.02323316943574165,0.03328788236820513,0.0304457286779548,0.012550067312243151,0.05965317547779022,0.017366368545093106,0.0949971915379265,0.08176043041580519,0.04481891114208871,0.162587198842224,0.04306427797417597,0.002662559367170193,0.0026426740646151,0.00261538953392647,0.0027413238160639603,4.769196376328835e-05,0.0,0.0,0.0,0.0,0.0,0.0,0.0,0.0,0.0,0.0,0.0,0.0,0.0,0.0,0.0,0.0,0.0,0.0,0.0,0.0
Sweep_AmplitudeStep_50pct,50.0,ZCD,Loop-based,fast,30,0.010136065476676549,0.0097043015025132,0.00530550412869837,0.01499294068018671,0.003698129889469358,0.007961194401403561,0.0075148788604857,0.00411572373606106,0.011872163367253821,0.0028715087151447924,0.030754476722273397,0.02703631536256875,0.01380778712304215,0.046597575991313506,0.014363444910723883,0.00626057445967783,0.00587413489252745,0.00334607198324687,0.009476738863545471,0.0023665769221834524,0.0,0.0,0.0,0.0,0.0,9.999999999999998e-05,0.0001,0.0001,0.0001,4.135263320862086e-20,0.0,0.0,0.0,0.0,0.0,0.026742917780437175,0.02577588978199575,0.01415393968580168,0.04059626448335722,0.0099088266931343,0.0,0.0,0.0,0.0,0.0,69.29184504050075,65.37567252287602,36.36834235854281,100.06033005302585,24.450959789631426,9.582227046277534,9.07780964209466,4.944970795432113,14.289722341055256,3.503153213790708,77.64230054221726,77.77427763450626,76.71566233403428,78.64748911693967,0.7976571782529479,0.001458071511371,0.0012563083640994002,0.00062364409510015,0.0025913525987858606,0.0008945866990335182,7.869933151861934,7.812065996333536,6.9440586634075885,8.998342684665667,0.9712793699229934,16.699999999999996,16.7,16.7,16.7,7.226896453227138e-15,1.0,1.0,1.0,1.0,0.0,1.0,1.0,1.0,1.0,0.0,0.0625,0.0625,0.0625,0.0625,0.0,0.0625,0.0625,0.0625,0.0625,0.0,257.84580666666676,260.3733,229.77181000000002,310.18679000000003,42.665753350691254,1.0,1.0,1.0,1.0,0.0,0.0,0.0,0.0,0.0,0.0,0.0,0.0,0.0,0.0,0.0,0.013196380604745934,0.009781870133885099,0.00461844382826642,0.023542285242077573,0.008194980470828048,0.010042087162283756,0.007170404319627951,0.00317143709580297,0.01813604108887507,0.008612941386490327,0.009539835588525914,0.00879124571891925,0.0037927505630303603,0.015231075218892566,0.005606096015641828,0.009465163122774761,0.00914711127019955,0.00391129305903132,0.015335101804463722,0.005382298928469155,0.01580600895484797,0.013357185552649701,0.00616272070915037,0.026963473310661335,0.009252426741321653,0.00903990010104261,0.008845398668426749,0.0045306635565967104,0.013137989628991282,0.003863755496503339,0.0,0.0,0.0,0.0,0.0,0.0,0.0,0.0,0.0,0.0,0.0,0.0,0.0,0.0,0.0,0.0,0.0,0.0,0.0,0.0
Sweep_AmplitudeStep_50pct,50.0,EKF,Model-based,fast,30,0.0032091843233847507,0.0030952845957609504,0.00104278287310648,0.00565860048338522,0.0018067745784939393,0.0015098699004163834,0.00166988477296035,0.00049206671454098,0.0025549148923972803,0.0007934918161112465,0.013385370973526706,0.0116983384742823,0.00431833476637416,0.02462926541514171,0.007833434127406322,0.0028261135197522563,0.0026200045316995503,0.0009346991177428,0.00515460501750618,0.0016334491400934437,0.0,0.0,0.0,0.0,0.0,9.999999999999998e-05,0.0001,0.0001,0.0001,4.135263320862086e-20,0.0,0.0,0.0,0.0,0.0,0.009988210459673302,0.009506458928588899,0.00326536271800322,0.017812377956431362,0.005673334657563884,0.0,0.0,0.0,0.0,0.0,0.40208996361753196,0.40374796670406,0.3676127565626075,0.4415163311950465,0.031065012960162848,0.07096024271644998,0.07093254217708805,0.05689523497087384,0.08344087916716246,0.01103366274212049,35.49297622118038,34.90838751570148,31.788495924438763,40.76236505344245,3.561595037600472,7.735940682577703e-05,8.512773573791452e-05,1.934234513511669e-05,0.00014235285923326003,5.267757425354371e-05,9.364834669678844,8.680073329259486,8.390737551617502,10.213552950762,1.8052763807329888,0.0,0.0,0.0,0.0,0.0,1.0,1.0,1.0,1.0,0.0,1.0,1.0,1.0,1.0,0.0,0.0625,0.0625,0.0625,0.0625,0.0,0.0625,0.0625,0.0625,0.0625,0.0,329.07865999999996,329.3216,260.3733,406.51897,54.432953502359844,1.0,1.0,1.0,1.0,0.0,0.0,0.0,0.0,0.0,0.0,0.0,0.0,0.0,0.0,0.0,0.0011539252299904447,0.0011191751298248,9.739614308540888e-05,0.0025440237833947305,0.0009375172656986913,0.0036202048748964766,0.0037763494009599,0.00123934991694376,0.00543485622286883,0.0016410104167230658,0.00362645304828155,0.00374430959772805,0.0010250731602531899,0.00556551540806424,0.0016972531324826723,0.002958277899094634,0.00296293429427195,0.00086172547656844,0.00439188545892289,0.0013315497503821536,0.0053286774248267835,0.0055214760509514,0.00204293613967644,0.007779257857659119,0.0021827540540374874,0.0013631176856094833,0.0013271047401050501,0.00040965649112319,0.00220566660686651,0.0006660764490324153,0.0,0.0,0.0,0.0,0.0,0.0,0.0,0.0,0.0,0.0,0.0,0.0,0.0,0.0,0.0,0.0,0.0,0.0,0.0,0.0
Sweep_AmplitudeStep_50pct,50.0,LKF,Model-based,fast,30,0.004594851861543046,0.0044094679932995,0.00405449533171065,0.00570093972602242,0.0005659620672978631,0.0037253688496923397,0.003668150071126,0.0035677070158930202,0.00401000934807899,0.00016269213739734614,0.03072272045618258,0.02796224795149265,0.01434215413321804,0.05463128171634606,0.01375292362448386,0.002647214570188257,0.0023687464559663998,0.0019143018872182101,0.0040417280171217,0.0007267749509597591,0.0,0.0,0.0,0.0,0.0,9.999999999999998e-05,0.0001,0.0001,0.0001,4.135263320862086e-20,0.0,0.0,0.0,0.0,0.0,0.011667012560257269,0.0107878750328818,0.0093007740252723,0.016145774603225808,0.002335375467746027,0.0,0.0,0.0,0.0,0.0,5.57857203411712,5.405376945573082,5.393353049949923,6.239547844574034,0.3136596556333529,2.979609782636959,2.980793420496327,2.961621697809978,3.002988934771305,0.01393513421520701,68.13374393282886,67.50207285035455,64.20236827211488,73.0290806752779,3.3817895902810062,0.0001858671552024996,0.0001744319005785,7.87578911551474e-05,0.00029602010687535007,8.776083893960519e-05,10.705423772753367,10.560755883932373,9.80848286206322,11.631298261207712,0.8926016421160284,7.900000000000002,7.9,7.9,7.9,3.613448226613569e-15,1.0,1.0,1.0,1.0,0.0,1.0,1.0,1.0,1.0,0.0,0.0625,0.0625,0.0625,0.0625,0.0,0.0625,0.0625,0.0625,0.0625,0.0,354.22371999999996,349.2886,329.3216,386.1316,24.736681826115696,1.0,1.0,1.0,1.0,0.0,0.0,0.0,0.0,0.0,0.0,0.0,0.0,0.0,0.0,0.0,0.0038801113082998235,0.00388369286394675,0.00386096764247101,0.00390030545951814,1.9970384926256847e-05,0.018865141176538557,0.01644216697490925,0.00841836455430832,0.03510812330770236,0.009514239716286078,0.012369450634696749,0.010356067642784149,0.00591582570337675,0.02290538949628444,0.005880616874090249,0.009499675731709,0.0080641313194313,0.00509792609704507,0.01695108245953166,0.004106685052295743,0.03061713627203294,0.02796224795149265,0.01432605407333223,0.05463128171634606,0.01392749371236839,0.00397489587105932,0.00395537536353665,0.00392578024851627,0.0040774871761818,5.3038135118871105e-05,0.0,0.0,0.0,0.0,0.0,0.0,0.0,0.0,0.0,0.0,0.0,0.0,0.0,0.0,0.0,0.0,0.0,0.0,0.0,0.0
Sweep_AmplitudeStep_50pct,50.0,LKF2,Model-based,fast,30,0.008041581796129096,0.0061794595261517,0.004916072903678441,0.01399837829884603,0.003493002212513333,0.003793252922297903,0.0032131255045720498,0.00271634661849059,0.005749852395186441,0.0011749935681483771,0.05717610345029979,0.0542020263202012,0.03442266079331794,0.08100433413324944,0.020021462456640875,0.007068263756188552,0.00549848200933455,0.00397252206327467,0.012727171526854672,0.003339061959435328,0.0,0.0,0.0,0.0,0.0,9.999999999999998e-05,0.0001,0.0001,0.0001,4.135263320862086e-20,0.0,0.0,0.0,0.0,0.0,0.024998044190863693,0.019314744291099653,0.014813265890917311,0.04400969025142279,0.01117068933452364,0.0,0.0,0.0,0.0,0.0,11.42965439138758,11.364551313013393,10.638133605395337,12.26077746073173,0.6285029253834126,3.026487404060285,2.9433427582850644,2.66231548061282,3.5149002761483774,0.34575239142185515,68.21569505790282,67.87398867479014,64.89539897954819,72.41238698118691,3.183527072258306,0.0002884439802948129,0.00025465759142455,4.575265396446355e-05,0.0006048124578453801,0.00020904269589060796,10.0978186397052,9.837416439827418,9.25874488454345,11.573431105679315,0.922344597663303,0.0,0.0,0.0,0.0,0.0,0.9666666666666667,1.0,1.0,1.0,0.1825741858350553,1.0,1.0,1.0,1.0,0.0,0.0625,0.0625,0.0625,0.0625,0.0,0.0625,0.0625,0.0625,0.0625,0.0,343.3335299999999,329.3216,308.0607,386.1316,38.21730815218052,1.0,1.0,1.0,1.0,0.0,0.0,0.0,0.0,0.0,0.0,0.0,0.0,0.0,0.0,0.0,0.0006759483510372847,0.00041784571716434995,0.00011577530195718472,0.0017199284674732202,0.0006569193073465926,0.03130874409222763,0.03143113949423975,0.019541274972192782,0.04363290381259929,0.009495239446486158,0.022839907613573858,0.0226296572543377,0.015171104857376251,0.03075200849560514,0.00618829675691951,0.017577385232287208,0.01729889837249995,0.01237720461429253,0.022941606360676662,0.004178409669006266,0.049858756701584364,0.049414964982187046,0.03434877545501247,0.06646679696234582,0.012494347607599026,0.004758390789759542,0.00473817647195935,0.00436800273898458,0.00519081113470769,0.00033569586798238806,0.0,0.0,0.0,0.0,0.0,0.0,0.0,0.0,0.0,0.0,0.0,0.0,0.0,0.0,0.0,0.0,0.0,0.0,0.0,0.0
Sweep_AmplitudeStep_50pct,50.0,RA-EKF,Model-based,fast,30,0.0008049641111219434,0.0006826609607308,0.0005075191567980301,0.00131458051589419,0.0003659486129018717,0.0005101036810078833,0.00044704361198945,0.00035449388267812,0.0008405875789914201,0.00019850865987947858,0.00562972112096314,0.00532538759840755,0.00317169573329536,0.00849181855726748,0.0023721915935279105,0.00062116951031194,0.00051470736640225,0.00036319381061581004,0.0010105483949936602,0.00031062590351790007,0.0,0.0,0.0,0.0,0.0,9.999999999999998e-05,0.0001,0.0001,0.0001,4.135263320862086e-20,0.0,0.0,0.0,0.0,0.0,0.00237361221194381,0.00199246175752795,0.00144407531452566,0.0038722327639725104,0.0011285421784992483,0.0,0.0,0.0,0.0,0.0,1.6084174191851968,1.6061573701531273,1.5286656368029838,1.6844182396003051,0.05957742510748233,0.3492304585557772,0.3475370202931858,0.33909969939999834,0.36553943888834567,0.009244765984712314,49.50976352131826,48.72429006723428,45.83017515953013,54.19159776047149,3.311000200905893,2.269338405353856e-05,1.9370283684806487e-05,9.248701202520947e-06,3.496995404677414e-05,1.470768088931005e-05,11.457696794622523,11.428763216858323,10.994759550395347,11.891700461085497,0.39188528521619465,0.0,0.0,0.0,0.0,0.0,1.0,1.0,1.0,1.0,0.0,1.0,1.0,1.0,1.0,0.0,0.0625,0.0625,0.0625,0.0625,0.0,0.0625,0.0625,0.0625,0.0625,0.0,366.1714400000001,386.1316,308.0607,386.1316,32.41443042484798,1.0,1.0,1.0,1.0,0.0,0.0,0.0,0.0,0.0,0.0,0.0,0.0,0.0,0.0,0.0,0.0007267765636445568,0.0004328451877891,0.00028081403669212,0.0013346118189403006,0.0006984185052950436,0.002885051156917599,0.00265230217282745,0.00143983508450166,0.00471440477859497,0.001321658032767622,0.0021693139479486228,0.00204782622516075,0.00093275756320886,0.0036482291211619,0.0010628640176353625,0.0016557091822248066,0.0015318873006832999,0.0006985824441241399,0.0027994798850879002,0.0008177839365967624,0.004920485517065693,0.0047069869937672,0.00303248934007525,0.00719039203779414,0.0016776130853122708,0.0003947464669230566,0.0004081305570699,0.00026969268498443997,0.0005204874219090001,8.664763361726475e-05,0.0,0.0,0.0,0.0,0.0,0.0,0.0,0.0,0.0,0.0,0.0,0.0,0.0,0.0,0.0,0.0,0.0,0.0,0.0,0.0
Sweep_AmplitudeStep_50pct,50.0,UKF,Model-based,fast,30,0.0018597149502680966,0.0018654600965111,0.00099737835478093,0.00272475523385423,0.0006277654201731674,0.0008384207130614533,0.00081589136933365,0.00045334810717475,0.00121007160857896,0.00027704088660342077,0.011184937770581578,0.01189634456516935,0.006715563691850681,0.0156254297841378,0.0033155844121989615,0.0016586921760868,0.00167118275728415,0.00088987057499954,0.00243391192147186,0.0005672898487393542,0.0,0.0,0.0,0.0,0.0,9.999999999999998e-05,0.0001,0.0001,0.0001,4.135263320862086e-20,0.0,0.0,0.0,0.0,0.0,0.005814497241321984,0.005839499098392251,0.0031199783352782798,0.00852641871947548,0.0019703315199099355,0.0,0.0,0.0,0.0,0.0,1.6830900499419006,1.685797253623278,1.6234618505830412,1.7409318330514623,0.04561031323892626,0.32424350412632486,0.32572766178694046,0.31609442636236934,0.33060554917289636,0.0052967313233940215,48.865673464014904,48.04767129092053,45.163112531712386,53.833185484346046,3.365712299490092,5.743615988099829e-05,5.7230130480529165e-05,2.284227847906911e-05,0.00010619760310500001,3.3364158410678266e-05,11.120138387373544,10.416087995111385,9.837416439827418,12.817574949539841,1.9751029677627234,0.0,0.0,0.0,0.0,0.0,1.0,1.0,1.0,1.0,0.0,1.0,1.0,1.0,1.0,0.0,0.0625,0.0625,0.0625,0.0625,0.0,0.0625,0.0625,0.0625,0.0625,0.0,425.70187999999996,368.1722,305.7763,403.2901,388.02830566352037,1.0,1.0,1.0,1.0,0.0,0.0,0.0,0.0,0.0,0.0,0.0,0.0,0.0,0.0,0.0,0.00012448902552573198,0.0001171018091366,4.786349083559595e-05,0.00021936237175013,7.424923971372387e-05,0.00616242859384863,0.0067882796688334,0.0024686986602088902,0.008875330674547911,0.0024881091037540987,0.005746637534072222,0.00627878494744765,0.0019673425370345804,0.00835510797252569,0.002377586210784346,0.004270598562081763,0.004639180760307849,0.00164474727108118,0.00609948711392936,0.0016694941667859946,0.009460228531720053,0.010131822085298801,0.00452995455561044,0.013117685765896411,0.003296163729176968,0.0011658769494792833,0.0010419708018275,0.00049186191013249,0.00189409303794266,0.0005068442416133143,0.0,0.0,0.0,0.0,0.0,0.0,0.0,0.0,0.0,0.0,0.0,0.0,0.0,0.0,0.0,0.0,0.0,0.0,0.0,0.0
Sweep_AmplitudeStep_50pct,50.0,IPDFT,Window-based,fast,30,0.006154255412958207,0.00693077049718455,0.00145640380335873,0.00908759489264999,0.0028446549636065486,0.0015740652269826266,0.0017502484314881502,0.00059197707934415,0.00227506992947048,0.0006485018228128746,0.053398697795641645,0.06046235684994975,0.01338334361241913,0.07873772620948777,0.02424287696150506,0.00594732782914966,0.006700728528444,0.00139658078578017,0.00882839322162072,0.0027746873787134092,0.0,0.0,0.0,0.0,0.0,9.999999999999998e-05,0.0001,0.0001,0.0001,4.135263320862086e-20,0.0,0.0,0.0,0.0,0.0,0.01941604871443177,0.02187226001893235,0.00460123113809853,0.02866955747571768,0.008968059628690857,0.0,0.0,0.0,0.0,0.0,4.315697446680626,4.910458224545167,1.3383674231288722,6.314526829147127,1.8780331705061994,0.5531766089533011,0.6275320282506827,0.16307497806410143,0.8057047068882647,0.24160387827458824,52.38343533911391,53.24437124943795,44.54460861557105,58.60494849179156,5.686520709234601,0.0002917923010212267,0.0003269910793016,0.00012584957052558,0.0004136733226224,0.00011195242137082615,14.042429741557568,13.888117326815175,12.123169083199082,17.070810880876987,1.8358000831616352,66.59999999999998,66.60000000000001,66.60000000000001,66.60000000000001,4.336137871936283e-14,1.0,1.0,1.0,1.0,0.0,1.0,1.0,1.0,1.0,0.0,0.0625,0.0625,0.0625,0.0625,0.0,0.0625,0.0625,0.0625,0.0625,0.0,401.33523333333335,386.1316,366.28384,465.6275,45.70190978980423,1.0,1.0,1.0,1.0,0.0,0.0,0.0,0.0,0.0,0.0,0.0,0.0,0.0,0.0,0.0,0.0004116804330346666,0.00034760632201825,0.00021914911805248,0.0006276953235985201,0.00019386086538357878,0.007588545758875179,0.00827897092548785,0.0023556372080284303,0.011872979034319772,0.0036876340867847616,0.02921186732084953,0.033043551604458,0.007829866943555879,0.043167525058055684,0.01325376836134333,0.02479535190483826,0.027949878738837003,0.00586007341034307,0.036693280474144475,0.0115120994352732,0.053398697795641645,0.06046235684994975,0.01338334361241913,0.07873772620948777,0.02424287696150506,0.0004092420457523633,0.0004101630500423,0.00026131482994636,0.00057502953459537,0.00012966450962353989,0.0,0.0,0.0,0.0,0.0,0.0,0.0,0.0,0.0,0.0,0.0,0.0,0.0,0.0,0.0,0.0,0.0,0.0,0.0,0.0
Sweep_AmplitudeStep_50pct,50.0,TFT,Window-based,fast,30,0.003514179313366153,0.0037468151840662,0.00109420978790024,0.00528270417687438,0.0016022480114127398,0.0010922186540498432,0.0012042684165616498,0.00039580998045359,0.00159209179024436,0.00045608254853382856,0.020443236510835256,0.02030492510145615,0.008636689182080189,0.02914543876666818,0.007693656590609163,0.00333849511433589,0.003563149359601,0.00102725098408679,0.0050475757283575,0.0015396527313865215,0.0,0.0,0.0,0.0,0.0,9.999999999999998e-05,0.0001,0.0001,0.0001,4.135263320862086e-20,0.0,0.0,0.0,0.0,0.0,0.011107703997057647,0.01184813960906565,0.00345797154745446,0.016702713386983307,0.005070997979204453,0.0,0.0,0.0,0.0,0.0,1.0263549553866842,1.1158082929885182,0.5280698012946061,1.2832855448845493,0.3099658395752114,0.17503071864106384,0.1893491639179563,0.08560324094128215,0.2395713139680361,0.06169493295137402,42.758924438033674,42.94640410130687,36.44597853921295,48.874167796331655,5.206286998804709,6.468203083598425e-05,7.135015544573414e-05,1.7354410347574754e-05,9.864597095969665e-05,3.101648001117378e-05,14.650034874605732,14.466788882099143,13.598781549173191,15.913467770309056,0.8340299097320538,83.30000000000003,83.3,83.3,83.3,1.4453792906454277e-14,1.0,1.0,1.0,1.0,0.0,1.0,1.0,1.0,1.0,0.0,0.0625,0.0625,0.0625,0.0625,0.0,0.0625,0.0625,0.0625,0.0625,0.0,381.57266000000004,386.1316,349.2886,419.7459,28.566356031160762,1.0,1.0,1.0,1.0,0.0,0.0,0.0,0.0,0.0,0.0,0.0,0.0,0.0,0.0,0.0,0.00022998976694696578,0.0002111036600714,9.261617726634804e-05,0.00034045179404000017,0.00014043130611715663,0.002751903445792813,0.00283589842263915,0.00071587455395771,0.00415990462192639,0.001310833208638374,0.012462071972848154,0.01355579147306265,0.00311519176883821,0.01914025372364835,0.0060530129201384385,0.011360733944922331,0.01220086976835465,0.00268688209838073,0.01739343886246333,0.005450847305421808,0.019040305503488446,0.02030492510145615,0.00416757517502685,0.02914543876666818,0.00911196214832867,0.0004242446903980339,0.0004404899071169,0.00018764421671305003,0.0006089375957113601,0.00017793653456945311,0.0,0.0,0.0,0.0,0.0,0.0,0.0,0.0,0.0,0.0,0.0,0.0,0.0,0.0,0.0,0.0,0.0,0.0,0.0,0.0
Sweep_AmplitudeStep_75pct,75.0,RLS,Adaptive,fast,30,1.2403838444783133,1.397795416713496,0.5296041987378527,1.7922950939452074,0.4986145999094711,0.6050409001483205,0.6211288479876703,0.23934646620108194,0.8304856157511484,0.27097281983308213,5.425215242500298,6.59211020528457,1.8236643476579675,7.838664587964125,2.4635324594564185,1.0590589616776533,1.1807436047777449,0.38718509516583743,1.557243095096393,0.47730090447279705,0.5041666666666665,0.3929,0.24210000000000007,1.1454400000000002,0.3465669058491954,9.999999999999998e-05,0.0001,0.0001,0.0001,4.135263320862086e-20,0.3240866666666667,0.29469999999999996,0.17469,0.49711000000000005,0.204129931126254,3.782217785181281,4.155079002073254,1.5203516414737257,5.483407398850837,1.5943747668154065,0.9330766666666667,0.7482,0.6220600000000001,1.6501,0.3993623483740681,173.8661444616832,198.68433265964214,91.31686586399647,204.91849643054928,51.73859044501198,26.755572928543906,30.24688254395063,15.005032502215647,33.78201845635,7.40853221936618,86.76869087248909,86.878160370102,81.6665375660978,90.48519460461468,4.203908480003742,0.009510676526896317,0.009146610969250301,0.00295445281232582,0.01618377528472804,0.005220852729768284,14.244964785906953,14.032785215636167,13.569847971408993,15.103327592911503,0.8101520548054622,0.0,0.0,0.0,0.0,0.0,0.0,0.0,0.0,0.0,0.0,0.0,0.0,0.0,0.0,0.0,0.0625,0.0625,0.0625,0.0625,0.0,0.0625,0.0625,0.0625,0.0625,0.0,426.4477799999999,435.5788,403.2901,450.8544,25.870141053777516,1.0,1.0,1.0,1.0,0.0,0.0,0.0,0.0,0.0,0.0,0.0,0.0,0.0,0.0,0.0,0.2814363536694602,0.11830305189930486,0.022671444414604402,0.7619524890868787,0.34565416968324664,1.536566854868552,1.6169237986917782,0.6764599426375,1.960290710219995,0.5870300986198977,3.7270799667129273,4.470933717835244,1.0241902133791976,5.077341967332017,1.6085725314491577,4.029111734843096,4.667598408406246,0.9513283346237734,5.905853158474531,1.9513052037237062,5.344953403538426,6.59211020528457,1.2636756592160616,7.838664587964125,2.5835443216180773,0.7944482989028274,0.870424102857378,0.19331018320452084,1.243395154444226,0.3893483458498319,0.5830766666666667,0.38405,0.26403,1.3028000000000002,0.40276141023528145,0.0,0.0,0.0,0.0,0.0,0.0,0.0,0.0,0.0,0.0,0.0,0.0,0.0,0.0,0.0
Sweep_AmplitudeStep_75pct,75.0,TKEO,Adaptive,fast,30,9.536147091684112,9.187238932025881,8.304030091978573,11.293282803279759,1.157227509421227,8.847241066310952,8.481863838375924,7.661603947052479,10.536351044754593,1.1696840253897363,13.775247072120594,13.410301291937202,12.392519130555776,15.32129635036917,1.1455038509690527,3.545322311904942,3.5506260011899045,3.200158459435421,3.8758404949097276,0.26346013869350254,1.6501000000000003,1.6501,1.6501,1.6501,0.0,9.999999999999998e-05,0.0001,0.0001,0.0001,4.135263320862086e-20,1.6501000000000003,1.6501,1.6501,1.6501,0.0,19.483208002025776,19.20891774848849,17.390112715581562,22.201743247916234,1.7978799143837951,1.6501000000000003,1.6501,1.6501,1.6501,0.0,280.39282483935204,276.5490782057256,266.243405785735,298.5993226286148,14.620903291035697,59.835916083225904,58.666175026488844,51.51578789825563,70.56619383288428,7.567380234798326,94.06081365400851,93.3135328065986,89.13568971232014,100.39680057192773,4.431720692036131,0.06885991693224516,0.0684531627546433,0.06043167245041506,0.07593332064600591,0.006129456273957713,13.820605645365381,13.309445771531212,10.387154417347187,17.21547876969798,2.7738413725785063,0.30000000000000004,0.3,0.3,0.3,0.0,0.0,0.0,0.0,0.0,0.0,0.0,0.0,0.0,0.0,0.0,0.0625,0.0625,0.0625,0.0625,0.0,0.0625,0.0625,0.0625,0.0625,0.0,395.2223633333333,386.1316,347.2919,453.76341,49.53942917613783,1.0,1.0,1.0,1.0,0.0,0.0,0.0,0.0,0.0,0.0,0.0,0.0,0.0,0.0,0.0,4.726373860666892,4.58592566339739,3.7353699296368714,6.200353566925124,0.9780920635914249,5.212364407788224,5.00461033926948,4.171992398388878,6.8739909041104035,1.00633135725672,5.392646917656749,5.1228159005922365,4.384489569156604,7.153396300373852,1.027924287711352,5.686676776946394,5.375842305140455,4.738905060767691,7.567565112076044,1.0493487502196084,6.253741186405766,6.034359241457963,5.295252000714929,8.179580939338198,1.1117517811757938,8.345528742664351,7.949939444314415,7.026286098009772,10.265632469038788,1.3303360552343233,1.3000999999999998,1.3001,1.26146,1.33874,0.029342096392208514,0.0,0.0,0.0,0.0,0.0,0.0,0.0,0.0,0.0,0.0,0.0,0.0,0.0,0.0,0.0
Sweep_AmplitudeStep_75pct,75.0,PLL,Loop-based,fast,30,0.21927544810163596,0.16609716333120605,0.16274618839461558,0.31579640361017847,0.13502083406705112,0.16516884214863173,0.14780841883899976,0.14609001953046083,0.19506699627444354,0.04390804049610933,1.0104470896936981,0.5762794199320957,0.4373232603289964,2.4225889314133466,0.9178928878487702,0.13308342422510505,0.07576758612639485,0.07172185014205938,0.24815354737852366,0.1396389329597391,0.022629999999999997,0.00215,0.0,0.07252000000000002,0.039739697428693856,9.999999999999998e-05,0.0001,0.0001,0.0001,4.135263320862086e-20,0.016560000000000002,0.002,0.0,0.055080000000000025,0.034276739876361116,0.5644191148239469,0.37511117721818443,0.361255569956639,0.9395276384100146,0.46260600770967725,1.649016666666667,1.6491500000000001,1.6475000000000002,1.6501,0.0010167844288306825,179.97343844547942,175.99432835864627,174.13244646068017,194.52565110959696,7.895415620378716,122.01250783039289,121.98948286790255,121.84907764362937,122.19790725761605,0.12728317921230403,100.37859245573297,99.79440713707638,96.4758620372243,105.20538243550271,3.372401816016942,0.0048758653694822756,0.0026969815601338,0.00139273752179703,0.01282000833393139,0.004961094369009805,12.53788369781926,11.718098994500306,9.548080662185434,17.446947391811566,3.066124567326255,0.0,0.0,0.0,0.0,0.0,0.0,0.0,0.0,0.0,0.0,0.0,0.0,0.0,0.0,0.0,0.0625,0.0625,0.0625,0.0625,0.0,0.0625,0.0625,0.0625,0.0625,0.0,367.59217,368.1722,308.0607,421.32919000000004,48.007733821657716,1.0,1.0,1.0,1.0,0.0,0.0,0.0,0.0,0.0,0.0,0.0,0.0,0.0,0.0,0.0,0.16165811310418274,0.1613619758116804,0.16114621607410842,0.16159683480466439,0.0015859654846807497,0.24176407926209356,0.23789363249776435,0.19694094519372726,0.2900588623617782,0.032104424098500395,0.1946418223114206,0.19358009305066293,0.17638008470119312,0.21465856835149344,0.01314206511655845,0.17946552420455603,0.1784727236312994,0.1690774519792502,0.19127337623144727,0.007739151792665864,0.46333171786994404,0.4703969121656648,0.3552850299779017,0.5685683429294727,0.07750282369250253,0.16133583866890858,0.16132722313885936,0.16115699801072894,0.1615240029744714,0.00013548887970277426,1.2990166666666667,1.2988,1.25868,1.3387,0.029281794783570333,0.0,0.0,0.0,0.0,0.0,0.0,0.0,0.0,0.0,0.0,0.0,0.0,0.0,0.0,0.0
Sweep_AmplitudeStep_75pct,75.0,SOGI-FLL,Loop-based,fast,30,0.009290927946330012,0.00887373460328705,0.00743723394356248,0.01197844434180956,0.0016416320775116528,0.005998899169728464,0.00588726239020235,0.00532358295866576,0.00691151147424561,0.0005784408910941257,0.04490719053007667,0.0453634783030345,0.02948795708851643,0.05715693473430426,0.010074473603407786,0.00705879473849431,0.0064608340144495496,0.00519687672853559,0.00993822375405857,0.0016987777476690964,0.0,0.0,0.0,0.0,0.0,9.999999999999998e-05,0.0001,0.0001,0.0001,4.135263320862086e-20,0.0,0.0,0.0,0.0,0.0,0.027175283385211545,0.02546532630748765,0.02091086654376467,0.036501586478951756,0.005623450428167595,0.0,0.0,0.0,0.0,0.0,2.6719082643561856,2.5970504184869014,2.2328656562109472,3.2999452522499695,0.38912795949231377,0.4652280726828032,0.4547717282411309,0.3579479888503181,0.6115707133106256,0.08722223234334424,51.85380655705856,52.03977584088237,47.62790234434094,57.84619584932683,3.991292927206913,0.00016708839467489115,0.00015649159709185,6.645430171947076e-05,0.00026296714256033004,7.235591608951019e-05,10.512533254325376,9.982084328648408,8.361803973853304,12.962242838360833,2.1576224142579346,0.0,0.0,0.0,0.0,0.0,1.0,1.0,1.0,1.0,0.0,1.0,1.0,1.0,1.0,0.0,0.0625,0.0625,0.0625,0.0625,0.0,0.0625,0.0625,0.0625,0.0625,0.0,342.49308333333335,329.3216,285.2167,419.7459,50.21735141117909,1.0,1.0,1.0,1.0,0.0,0.0,0.0,0.0,0.0,0.0,0.0,0.0,0.0,0.0,0.0,0.003633779981393107,0.00361761947290465,0.00350176140238118,0.00378701078926529,0.00012522741123847128,0.024486675588589153,0.0264296345848886,0.0072403760818210506,0.038351989501709566,0.011057583549440697,0.02509662236468596,0.0238934036457669,0.01360578978121833,0.039234823737796014,0.009931892253490495,0.029802977914545555,0.02942359432346,0.023002828611709488,0.04071321557743325,0.006369107670913382,0.04490719053007667,0.0453634783030345,0.02948795708851643,0.05715693473430426,0.010074473603407786,0.004254695594855663,0.0042555666337081004,0.00419273672133343,0.00430594116177081,4.995830850870464e-05,0.0,0.0,0.0,0.0,0.0,0.0,0.0,0.0,0.0,0.0,0.0,0.0,0.0,0.0,0.0,0.0,0.0,0.0,0.0,0.0
Sweep_AmplitudeStep_75pct,75.0,SOGI-PLL,Loop-based,fast,30,0.02218952815284751,0.0219970119630662,0.012137984377731661,0.03142882114250514,0.010176841398831557,0.007808968082282747,0.0071607348274689495,0.0039002933644050703,0.011513310098578372,0.0031818845255623387,0.20306983512227533,0.18538340289357075,0.07424287848538354,0.3085465128476976,0.12901581316497096,0.02074714614739476,0.020665409162945,0.011155350501655812,0.029241538925334234,0.009717387111916016,0.00016333333333333334,0.0,0.0,0.0,0.0008946135105917708,9.999999999999998e-05,0.0001,0.0001,0.0001,4.135263320862086e-20,0.00016333333333333334,0.0,0.0,0.0,0.0008946135105917708,0.07005040652446719,0.0695247980152824,0.038248598164482964,0.0992453395082173,0.03222219340401889,0.14704000000000003,0.0,0.0,0.38686,0.1829657808594745,24.97262600998932,28.123623889371174,8.329234581347935,38.23464913874908,11.595726796928652,3.1535025488378565,3.386584590519668,1.6705897109190282,4.349305974645355,1.0088430914505706,68.09551582975821,68.66171732356555,61.070335884292554,75.60988574474116,5.562669922724422,0.0013025008089405366,0.0012352944981613,0.00037230074110428997,0.0019762662025713303,0.0008196165638425467,10.946536920788354,10.705423772753363,9.548080662185434,12.846508527304039,1.6368772931873963,0.0,0.0,0.0,0.0,0.0,0.26666666666666666,0.0,0.0,1.0,0.4497764451088037,0.9666666666666667,1.0,1.0,1.0,0.1825741858350553,0.0625,0.0625,0.0625,0.0625,0.0,0.0625,0.0625,0.0625,0.0625,0.0,353.12871,368.1722,308.0607,386.1316,37.57336143042862,1.0,1.0,1.0,1.0,0.0,0.0,0.0,0.0,0.0,0.0,0.0,0.0,0.0,0.0,0.0,0.00203760516610637,0.00185914387359755,0.00177915937329499,0.00216696332898525,0.0006327388712142118,0.10734125547257921,0.1128722904318812,0.021125115059917623,0.1999463644025006,0.06584924462117012,0.06512382505558575,0.06800198709160446,0.012857943138976312,0.12150951971261827,0.03999260923485804,0.04911363431985458,0.0509136672722911,0.009191692441077952,0.09286138199316646,0.03077358262126391,0.16987323226908538,0.1834224301116762,0.037271110348322554,0.30846310093220597,0.10138625373045883,0.0017960898945018234,0.0017940656673919998,0.0017710106252326599,0.00182625194735498,2.0435828457204697e-05,0.004513333333333333,0.0,0.0,0.0123,0.005668712274456581,0.0,0.0,0.0,0.0,0.0,0.0,0.0,0.0,0.0,0.0,0.0,0.0,0.0,0.0,0.0
Sweep_AmplitudeStep_75pct,75.0,Type-3 SOGI-PLL,Loop-based,fast,30,0.03559451293711107,0.02593572195174105,0.01061089317956013,0.06454349248212636,0.02601062043501868,0.010960819347068353,0.0088181074229704,0.00463557215893705,0.01844374366119385,0.006060243887159175,0.31254808670306555,0.225149013406682,0.10656431984964024,0.5800581512126273,0.23301702148863776,0.03380013248670828,0.0243242938154494,0.00954368388695644,0.06222027119879124,0.0253842021156535,0.002373333333333333,0.0,0.0,0.005890000000000007,0.0068741361003719454,9.999999999999998e-05,0.0001,0.0001,0.0001,4.135263320862086e-20,0.002373333333333333,0.0,0.0,0.005890000000000007,0.0068741361003719454,0.11236121680719337,0.0819639055935587,0.03326662381980656,0.20382134844218153,0.08216020149774005,0.06233333333333334,0.010700000000000001,0.0,0.32522000000000006,0.1228680125408852,12.244334402523668,11.978427494350186,7.393630724374489,15.168011398182914,3.549152548208413,2.981544988423387,3.0379494745203686,2.3427384929303536,3.47518228118654,0.4273669591652241,68.02683446528854,67.32377690472173,63.748762552511536,73.54176519028051,3.8147892789122757,0.0021703943091148166,0.00170924652048205,0.00083698415873867,0.00434018837015407,0.0013937424421959213,12.325704127548468,12.15210266096328,10.705423772753363,14.466788882099143,1.5434151186181106,0.0,0.0,0.0,0.0,0.0,0.16666666666666666,0.0,0.0,1.0,0.3790490217894517,0.7666666666666667,1.0,0.0,1.0,0.43018306715207616,0.0625,0.0625,0.0625,0.0625,0.0,0.0625,0.0625,0.0625,0.0625,0.0,370.84783333333326,377.15189999999996,308.0607,419.7459,41.08484973957771,1.0,1.0,1.0,1.0,0.0,0.0,0.0,0.0,0.0,0.0,0.0,0.0,0.0,0.0,0.0,0.0027031898267229734,0.0026461959098807,0.00261008675097097,0.00271734863862707,0.00023361742081911822,0.08956436709995565,0.07893731193533915,0.03334162576383537,0.1659281158919743,0.04996104713117928,0.06023985741840978,0.05464450623617395,0.02319702532311196,0.1080685120453564,0.031215017174722765,0.04443740823733814,0.04068103241443605,0.01652887162880359,0.08008742863071051,0.023326180812888175,0.128444626298297,0.11294804006813661,0.06006683968211132,0.22035707880384547,0.058529598220925176,0.002692066593867069,0.00266006403654505,0.0026140904375694498,0.00282432823041641,8.221271694481899e-05,0.0013466666666666666,0.0,0.0,0.0098,0.003493810619320709,0.0,0.0,0.0,0.0,0.0,0.0,0.0,0.0,0.0,0.0,0.0,0.0,0.0,0.0,0.0
Sweep_AmplitudeStep_75pct,75.0,ZCD,Loop-based,fast,30,0.009260794596146706,0.0088277475036131,0.00486501651633699,0.01379392660831662,0.0034478614004937137,0.007159741378519326,0.006727472280285951,0.00372294508944914,0.01078158094770766,0.0026062102889312516,0.030078016891142968,0.026657321165281148,0.01323384451680234,0.046597575991313506,0.01476573895049253,0.005857857811313363,0.00544039195324685,0.0030622379358303505,0.0090184336641051,0.0022995106155126468,0.0,0.0,0.0,0.0,0.0,9.999999999999998e-05,0.0001,0.0001,0.0001,4.135263320862086e-20,0.0,0.0,0.0,0.0,0.0,0.0247333148124596,0.02331158283198535,0.013111486605271061,0.038045950201876504,0.009435585926208547,0.0,0.0,0.0,0.0,0.0,60.76515472115438,59.35704934818986,31.858457201646928,90.26449220107935,21.356102693520736,8.753601718138306,8.27835520004588,4.524292190292961,13.28998291392775,3.2698065024470404,76.82551385939523,77.01941624409127,75.76389810474384,77.8163356533367,0.8911044220244493,0.00133151932348168,0.00115007218944685,0.0005479885822335,0.002425312677313951,0.0008161290542200621,4.937997271756509,4.629372442271725,4.340036664629743,5.613114086254469,0.7633706290944076,16.699999999999996,16.7,16.7,16.7,7.226896453227138e-15,1.0,1.0,1.0,1.0,0.0,1.0,1.0,1.0,1.0,0.0,0.0625,0.0625,0.0625,0.0625,0.0,0.0625,0.0625,0.0625,0.0625,0.0,198.60732,201.6955,164.6882,235.63959000000003,35.74831910136041,1.0,1.0,1.0,1.0,0.0,0.0,0.0,0.0,0.0,0.0,0.0,0.0,0.0,0.0,0.0,0.013196380604745934,0.009781870133885099,0.00461844382826642,0.023542285242077573,0.008194980470828048,0.009834484010926714,0.0073564090962706,0.0026959639975664396,0.016906125287705492,0.008571493451791845,0.008891023681237484,0.007883900607194499,0.00361316544976871,0.014604913363125046,0.005458051614717179,0.008509415278113915,0.00791510540523635,0.00385150451370561,0.013807818901169342,0.004916988733904298,0.014483077130430828,0.012418574392182,0.00564504728429538,0.024725381149944752,0.00896302842563476,0.0077519507616045005,0.007559685149624001,0.00387913307728699,0.01127024904191521,0.003329042288323534,0.0,0.0,0.0,0.0,0.0,0.0,0.0,0.0,0.0,0.0,0.0,0.0,0.0,0.0,0.0,0.0,0.0,0.0,0.0,0.0
Sweep_AmplitudeStep_75pct,75.0,EKF,Model-based,fast,30,0.00361136556513176,0.00377412320707575,0.0015404661831491702,0.0057058254260777905,0.0017056421053554386,0.0017732706567860296,0.0019020396687406001,0.0006866954675224801,0.0028888571079425203,0.0008394340758602531,0.014147147146405763,0.0117274484746836,0.006042728753393251,0.02462926541514171,0.007180834088845373,0.003139398568946993,0.0031675007457376,0.00132416470229924,0.0051781547372674805,0.0014992166774728613,0.0,0.0,0.0,0.0,0.0,9.999999999999998e-05,0.0001,0.0001,0.0001,4.135263320862086e-20,0.0,0.0,0.0,0.0,0.0,0.01119146636362716,0.0115826814344128,0.004759408433955461,0.01792432250723597,0.00530576778642667,0.0,0.0,0.0,0.0,0.0,0.6579746500345133,0.6679777427720524,0.5833020037382397,0.7120534202265105,0.05092781384242772,0.10610566903579072,0.10907372569024065,0.08453604349170839,0.12614145326406337,0.016668253254024205,39.023779398538906,38.5463619475615,35.01992111216422,44.27319341068163,3.5853203747400357,8.147853775005086e-05,9.154714849271171e-05,1.796343898280197e-05,0.00014699815401240002,5.303197066155734e-05,16.636807214414013,16.20280354795104,15.305862637260894,18.5753569246153,1.404663831238423,0.0,0.0,0.0,0.0,0.0,1.0,1.0,1.0,1.0,0.0,1.0,1.0,1.0,1.0,0.0,0.0625,0.0625,0.0625,0.0625,0.0,0.0625,0.0625,0.0625,0.0625,0.0,438.9817533333333,427.66235,386.1316,493.8451,39.81910005857728,1.0,1.0,1.0,1.0,0.0,0.0,0.0,0.0,0.0,0.0,0.0,0.0,0.0,0.0,0.0,0.0011539252299904447,0.0011191751298248,9.739614308540888e-05,0.0025440237833947305,0.0009375172656986913,0.0052642272505949664,0.00556112806674225,0.0017450143886529302,0.007706942382716211,0.002343826574910198,0.004798879050684697,0.00496709235657555,0.00157063296415956,0.0072491053903473894,0.002177481549059285,0.004628617661808276,0.00467917888391655,0.00145117600653126,0.00711114222640108,0.0020914798114558346,0.007763373409973379,0.0080304187206259,0.00305344942989969,0.011237672654286211,0.003083328483042816,0.0020396437855045736,0.0019365208310324002,0.00064282191648521,0.00332838541085183,0.0009937909917469411,0.0,0.0,0.0,0.0,0.0,0.0,0.0,0.0,0.0,0.0,0.0,0.0,0.0,0.0,0.0,0.0,0.0,0.0,0.0,0.0
Sweep_AmplitudeStep_75pct,75.0,LKF,Model-based,fast,30,0.005047328753061447,0.004661006642397551,0.00408989979808457,0.00693579764885954,0.0009610508342512442,0.0038426638819563097,0.0037887058312333,0.00357711165479405,0.00431339900824157,0.0002552949188212419,0.039873709427472856,0.03774139446613485,0.017647848488257938,0.07344767751711946,0.01919810583432191,0.003198402745563003,0.0027409213284853,0.00207089743022289,0.0054223633609144705,0.0011639010559270806,0.0,0.0,0.0,0.0,0.0,9.999999999999998e-05,0.0001,0.0001,0.0001,4.135263320862086e-20,0.0,0.0,0.0,0.0,0.0,0.01343787211864549,0.01192147130001535,0.00973679190297711,0.0205926198599716,0.003740567759030654,0.0,0.0,0.0,0.0,0.0,5.831866631318405,5.408090309995117,5.392574921701865,7.2096777955419356,0.6750524651135549,2.994981957175532,2.9933851589469356,2.963211813659211,3.0411525041391165,0.025755058180359454,68.17822245326653,67.51238987403042,64.21907271683162,73.1355116055621,3.3915831072468383,0.00025006263956652485,0.0002426182578553,9.734824000873026e-05,0.00042495645267408007,0.00012367057990584103,13.801316593522582,13.888117326815175,11.544497527915118,15.913467770309056,1.6822194179825023,7.900000000000002,7.9,7.9,7.9,3.613448226613569e-15,1.0,1.0,1.0,1.0,0.0,1.0,1.0,1.0,1.0,0.0,0.0625,0.0625,0.0625,0.0625,0.0,0.0625,0.0625,0.0625,0.0625,0.0,397.95964000000004,403.2901,329.3216,452.33171000000004,45.58225624259118,1.0,1.0,1.0,1.0,0.0,0.0,0.0,0.0,0.0,0.0,0.0,0.0,0.0,0.0,0.0,0.0038801113082998235,0.00388369286394675,0.00386096764247101,0.00390030545951814,1.9970384926256847e-05,0.02518343514914836,0.02305218211151395,0.01097984888660884,0.0481969688192476,0.01334702111997386,0.016255379975796475,0.01387137227543885,0.00733581062902723,0.03131225424771131,0.008373901189881384,0.012251871158354395,0.0104057573243754,0.006009450544169161,0.02304847473343856,0.0059449047389908425,0.03976700989671301,0.03774139446613485,0.017647848488257938,0.07344767751711946,0.019378579730045312,0.004015424345387897,0.0039759802595947,0.00392555083875107,0.00420851517952528,9.735689131727573e-05,0.0,0.0,0.0,0.0,0.0,0.0,0.0,0.0,0.0,0.0,0.0,0.0,0.0,0.0,0.0,0.0,0.0,0.0,0.0,0.0
Sweep_AmplitudeStep_75pct,75.0,LKF2,Model-based,fast,30,0.00990035902640274,0.00879267502168525,0.006528665208640601,0.01558254126241285,0.0033092119341692635,0.00481592353520033,0.004236445612159349,0.00366028800638761,0.00689485798737948,0.0012304685673416838,0.076600627440141,0.0740215148722107,0.05140147689912379,0.10106834321265334,0.019994974584048125,0.008631127702745824,0.0076514468641267,0.005363638785558801,0.01393617972777499,0.0031266199066606543,0.0,0.0,0.0,0.0,0.0,9.999999999999998e-05,0.0001,0.0001,0.0001,4.135263320862086e-20,0.0,0.0,0.0,0.0,0.0,0.030709306643437954,0.027190726964095448,0.01976047076567403,0.04877944096136848,0.010569580782142547,0.0,0.0,0.0,0.0,0.0,16.959023951324426,16.86188354120155,15.842321715252796,18.17450650229624,0.9234636679559195,4.37147373004411,4.2405200956557145,3.816722829451388,5.12332189141544,0.5272810618131419,71.40358132375925,71.08109953627434,68.13641823118161,75.52326811847291,3.1891343460479145,0.000374310398142518,0.00036177555940375005,0.00012369307285782,0.0006591569256811801,0.00022157441179363027,15.691643674116868,15.913467770309055,11.573431105679315,19.443364257541248,2.885048226163484,0.0,0.0,0.0,0.0,0.0,0.9333333333333333,1.0,1.0,1.0,0.2537081317024625,1.0,1.0,1.0,1.0,0.0,0.0625,0.0625,0.0625,0.0625,0.0,0.0625,0.0625,0.0625,0.0625,0.0,430.37494,419.7459,384.33566,479.9445,48.1582146846642,1.0,1.0,1.0,1.0,0.0,0.0,0.0,0.0,0.0,0.0,0.0,0.0,0.0,0.0,0.0,0.0006759483510372847,0.00041784571716434995,0.00011577530195718472,0.0017199284674732202,0.0006569193073465926,0.046681719442994464,0.04693825733046815,0.02917907038605348,0.06505739799399214,0.014120505823416138,0.0337454397080816,0.0334665483284248,0.0224843435866332,0.045439654264311055,0.00909735904137697,0.025994254478710253,0.02561633758123465,0.01828889447268991,0.033996422216110385,0.0061909365026913,0.07457974353539851,0.0740215148722107,0.05140147689912379,0.09960903982040388,0.01869698173634595,0.006645859819004758,0.00662834990520555,0.0061280647311540495,0.00724685037660142,0.00045557733544860843,0.0,0.0,0.0,0.0,0.0,0.0,0.0,0.0,0.0,0.0,0.0,0.0,0.0,0.0,0.0,0.0,0.0,0.0,0.0,0.0
Sweep_AmplitudeStep_75pct,75.0,RA-EKF,Model-based,fast,30,0.00087086519032204,0.0007631079830694499,0.00054159753129202,0.00138147275645523,0.00035233134953405377,0.0005634958576456335,0.00049696703113355,0.00039382158135799,0.0008941836679229,0.0001918254623808672,0.0071688447110228,0.0071740810628213,0.004164221383226111,0.00969175646026483,0.0024747640674019954,0.0006615629178283768,0.00057346293654565,0.00037220702541528,0.0010529679317247101,0.0003011050853402558,0.0,0.0,0.0,0.0,0.0,9.999999999999998e-05,0.0001,0.0001,0.0001,4.135263320862086e-20,0.0,0.0,0.0,0.0,0.0,0.0025481846111309304,0.0022363401944417,0.0015091786124508,0.004053087463097241,0.001091728137336838,0.0,0.0,0.0,0.0,0.0,1.7008276773425497,1.6968449957932563,1.6282562269456236,1.7912014646501717,0.0690178271738658,0.3893521967014126,0.3877804349567525,0.37510494875301026,0.4119119365013822,0.012610221153461538,50.45298343203519,49.70434359778908,46.758271557939814,55.22311050332904,3.334477242656112,2.7496998991732964e-05,2.361359091765894e-05,1.2534802033852713e-05,4.1595658283475145e-05,1.4966593912544158e-05,16.73325247362801,16.781475103235003,15.016526859618908,18.835759124493087,1.3228151670558124,0.0,0.0,0.0,0.0,0.0,1.0,1.0,1.0,1.0,0.0,1.0,1.0,1.0,1.0,0.0,0.0625,0.0625,0.0625,0.0625,0.0,0.0625,0.0625,0.0625,0.0625,0.0,442.67521666666664,435.5788,401.57425,493.8451,38.543788205061134,1.0,1.0,1.0,1.0,0.0,0.0,0.0,0.0,0.0,0.0,0.0,0.0,0.0,0.0,0.0,0.0007267765636445568,0.0004328451877891,0.00028081403669212,0.0013346118189403006,0.0006984185052950436,0.0036512821924058127,0.0033074212825744,0.00187603948696205,0.00568375391052637,0.0015360193138945302,0.002581348788550947,0.0024277545995626,0.00116661160076066,0.0041164340429456206,0.001170415334753585,0.0019210585480762003,0.00189954484283855,0.0008683277391757301,0.0030744888037482,0.000869399369493872,0.006747263958026596,0.006653589022175,0.004164221383226111,0.00933840889488946,0.0021594612915211563,0.0004896761713833834,0.00050977929898455,0.00035185428206396997,0.00062218388778872,0.00010933609727772728,0.0,0.0,0.0,0.0,0.0,0.0,0.0,0.0,0.0,0.0,0.0,0.0,0.0,0.0,0.0,0.0,0.0,0.0,0.0,0.0
Sweep_AmplitudeStep_75pct,75.0,UKF,Model-based,fast,30,0.0023587812567397964,0.00252614775078265,0.00132965609916659,0.00323247259649903,0.0007320096026678497,0.0010458725310594967,0.0010480775496076499,0.00059821856574678,0.00146915328055677,0.00032990891390690985,0.014796587537446206,0.01621770815833655,0.0083863554601869,0.019575298052452388,0.004310652531143467,0.00211292126094785,0.0022673261644637,0.00117023168508703,0.0028775909973422402,0.0006578399650648678,0.0,0.0,0.0,0.0,0.0,9.999999999999998e-05,0.0001,0.0001,0.0001,4.135263320862086e-20,0.0,0.0,0.0,0.0,0.0,0.007384636313903189,0.0079114525587795,0.00414199428345545,0.0101062258185223,0.002294091629234766,0.0,0.0,0.0,0.0,0.0,2.5485207500265026,2.5542204219775044,2.4456796518137485,2.65186775966697,0.0787866803946625,0.4901802053416463,0.492519908835953,0.47789126472113236,0.4999942083953506,0.007999185707766612,52.45608536878,51.64031909938069,48.74292455181552,57.4300196568194,3.364976114616737,6.941452082045543e-05,6.686986731886644e-05,2.4849680151706253e-05,0.00011902215047518,3.73945769503327e-05,16.55965100704282,16.926142992055993,13.251578616002815,19.70376645741904,2.646012202599985,0.0,0.0,0.0,0.0,0.0,1.0,1.0,1.0,1.0,0.0,1.0,1.0,1.0,1.0,0.0,0.0625,0.0625,0.0625,0.0625,0.0,0.0625,0.0625,0.0625,0.0625,0.0,441.3999600000001,450.8544,401.57425,495.19694000000004,41.443694542692505,1.0,1.0,1.0,1.0,0.0,0.0,0.0,0.0,0.0,0.0,0.0,0.0,0.0,0.0,0.0,0.00012448902552573198,0.0001171018091366,4.786349083559595e-05,0.00021936237175013,7.424923971372387e-05,0.009206209700819219,0.01018921059140335,0.00370179904171953,0.01327430039240879,0.003705641535902174,0.008400248407446537,0.0090519876971244,0.00294431619408485,0.01219361776069459,0.0034373824523389962,0.006300854066003865,0.0067661477089587,0.0024815117611294,0.00896495240201509,0.0024338856983253843,0.014124717963567636,0.0150009944231079,0.00678335659036683,0.019575298052452388,0.0049003338426294825,0.0015906313351894033,0.0014253064593424,0.0007317103432329,0.0025402765890634098,0.0006586031814726965,0.0,0.0,0.0,0.0,0.0,0.0,0.0,0.0,0.0,0.0,0.0,0.0,0.0,0.0,0.0,0.0,0.0,0.0,0.0,0.0
Sweep_AmplitudeStep_75pct,75.0,IPDFT,Window-based,fast,30,0.008455840967653458,0.00964733356327395,0.00204036627575962,0.01251564424206259,0.003917358597912979,0.002073005507469183,0.0023228552638586497,0.00066128869671992,0.00301438488385923,0.0008908557487331411,0.07293607720478827,0.083877066981163,0.01898770323923524,0.10759788921733525,0.033083588748103146,0.008196511947751728,0.00935412298430345,0.0019733497285824102,0.0121467639499512,0.0038175762032749538,0.0,0.0,0.0,0.0,0.0,9.999999999999998e-05,0.0001,0.0001,0.0001,4.135263320862086e-20,0.0,0.0,0.0,0.0,0.0,0.0266625413507245,0.03042232930773595,0.0064376325592219305,0.03944491074686071,0.012340753262533413,0.0,0.0,0.0,0.0,0.0,5.942363942403143,6.7881731119801,1.8487119578889377,8.632335875184083,2.567272651922066,0.7608907659262669,0.8752675189057284,0.22763436133201415,1.1149105453090873,0.33268791937944264,55.14984315990583,56.063342689992396,47.21860617733358,61.36546927891638,5.713438519324359,0.00040517997050937667,0.0004576626359443,0.00017395182255222,0.00058682824173993,0.00015676062760632472,13.65664870470159,13.888117326815175,11.226228172508934,16.20280354795104,1.9732264081021034,66.59999999999998,66.60000000000001,66.60000000000001,66.60000000000001,4.336137871936283e-14,1.0,1.0,1.0,1.0,0.0,1.0,1.0,1.0,1.0,0.0,0.0625,0.0625,0.0625,0.0625,0.0,0.0625,0.0625,0.0625,0.0625,0.0,394.2438899999999,403.2901,329.3216,437.10636,43.059886075936795,1.0,1.0,1.0,1.0,0.0,0.0,0.0,0.0,0.0,0.0,0.0,0.0,0.0,0.0,0.0,0.0004116804330346666,0.00034760632201825,0.00021914911805248,0.0006276953235985201,0.00019386086538357878,0.011369541586756071,0.01237872012902155,0.00352077043618557,0.017711668918986633,0.0055102252079966465,0.03976471127494637,0.0456797873610752,0.01100218534956982,0.0587117766711963,0.018006504287520007,0.03410038785431779,0.03893185847947575,0.008248621696278291,0.05050870777799463,0.015825035485790426,0.07293607720478827,0.083877066981163,0.01898770323923524,0.10759788921733525,0.033083588748103146,0.0004664013634508067,0.0004789035254952,0.00028123697070747005,0.00066402973229934,0.0001641674444261458,0.0,0.0,0.0,0.0,0.0,0.0,0.0,0.0,0.0,0.0,0.0,0.0,0.0,0.0,0.0,0.0,0.0,0.0,0.0,0.0
Sweep_AmplitudeStep_75pct,75.0,TFT,Window-based,fast,30,0.004923691836152581,0.00525090920522895,0.0013320502351101301,0.00747457716742836,0.0023012726893859637,0.0014593045599075732,0.0016145893561036,0.00045637099892686,0.00214797609776031,0.0006363693134273568,0.029170697366640946,0.030026929176315748,0.012705288245447121,0.04324656307616193,0.012259246789732243,0.004701344657136507,0.005012254554127699,0.00125366755956908,0.0071584570658347006,0.002213997087160329,0.0,0.0,0.0,0.0,0.0,9.999999999999998e-05,0.0001,0.0001,0.0001,4.135263320862086e-20,0.0,0.0,0.0,0.0,0.0,0.015563338531317252,0.016602323849499098,0.004210730563520681,0.023626304661145733,0.007275939416137345,0.0,0.0,0.0,0.0,0.0,1.4180316297895956,1.4509165190013107,0.7067281324157904,1.966952327412841,0.48331090707912566,0.2391356902788761,0.2562507955004547,0.11564095889501629,0.34225835563838575,0.09304475738413188,45.33338924717052,46.02405679275475,37.60179238598998,51.12007060025375,5.435560974408102,6.487762081600388e-05,7.148883288525536e-05,1.9801279076947867e-05,9.882180191072406e-05,3.144847823881291e-05,19.63625477596924,19.530164990833846,15.016526859618908,24.33313889969076,3.8314974993902253,83.30000000000003,83.3,83.3,83.3,1.4453792906454277e-14,1.0,1.0,1.0,1.0,0.0,1.0,1.0,1.0,1.0,0.0,0.0625,0.0625,0.0625,0.0625,0.0,0.0625,0.0625,0.0625,0.0625,0.0,456.09854,465.6275,384.33566,521.81346,58.92772680610458,1.0,1.0,1.0,1.0,0.0,0.0,0.0,0.0,0.0,0.0,0.0,0.0,0.0,0.0,0.0,0.00022998976694696578,0.0002111036600714,9.261617726634804e-05,0.00034045179404000017,0.00014043130611715663,0.004105038163489899,0.00428263365061265,0.0010624471321056602,0.0062487335811437705,0.0019859724994039435,0.018691149140271937,0.0203700576474179,0.00451630141387715,0.02872083991914931,0.009079664687496993,0.01664706786320494,0.018010704577660047,0.003922340672242491,0.02549020461778903,0.00798488871873111,0.028231559544839704,0.030026929176315748,0.0061765819578766794,0.04324656307616193,0.013496614903716918,0.0005207634136919393,0.00054897160494715,0.00019227291006288004,0.00076616215633576,0.00023354626104691746,0.0,0.0,0.0,0.0,0.0,0.0,0.0,0.0,0.0,0.0,0.0,0.0,0.0,0.0,0.0,0.0,0.0,0.0,0.0,0.0
Sweep_AmplitudeStep_100pct,100.0,RLS,Adaptive,fast,30,1.4061587404287201,1.5380074509768284,0.6042563218641717,1.8571327030606761,0.49037288331531936,0.7166670411069185,0.7117724802839691,0.2542629867342415,1.2247253849010307,0.3232317339760369,5.916790425961344,6.811531041206273,2.4271840945687915,8.374297065751318,2.48596164960439,1.1690365928397277,1.2576652654849603,0.5168625752497175,1.6834081092108062,0.4861652733281746,0.5584233333333334,0.4086,0.24702000000000005,1.2577800000000001,0.38168764055707,9.999999999999998e-05,0.0001,0.0001,0.0001,4.135263320862086e-20,0.4265,0.30855,0.19729000000000002,1.1105500000000001,0.34405562401128265,4.223776819626102,4.673369540450684,1.898610740224909,5.789709904972873,1.577958769794257,1.0357699999999999,0.773,0.6265200000000001,1.6501,0.44234637321509895,183.93935960207602,198.78239484543593,137.4313977206576,204.91849643054928,42.15015855021864,28.37094805741223,30.950504177330465,18.977302946340863,33.996080643756926,6.78521605260953,87.37791239876339,87.71535612249525,82.76290893016854,91.199710632729,4.136788659698929,0.010217896053360109,0.009542004927312199,0.00449788627423567,0.01833583490143022,0.005077920468874039,14.273898363671153,13.888117326815175,13.309445771531212,15.971334925837454,1.3189906779468639,0.0,0.0,0.0,0.0,0.0,0.0,0.0,0.0,0.0,0.0,0.0,0.0,0.0,0.0,0.0,0.0625,0.0625,0.0625,0.0625,0.0,0.0625,0.0625,0.0625,0.0625,0.0,424.92878999999994,427.66235,384.33566,479.9445,39.21000453171975,1.0,1.0,1.0,1.0,0.0,0.0,0.0,0.0,0.0,0.0,0.0,0.0,0.0,0.0,0.0,0.2814363536694602,0.11830305189930486,0.022671444414604402,0.7619524890868787,0.34565416968324664,1.6090512081615176,1.658990119930917,0.9133947838368479,1.960290710219995,0.5203064275301901,3.966465645809431,4.636378304895038,1.816359019209471,5.148156594065164,1.4739050063773629,4.425948182634869,4.950884102741751,1.7031186409593335,6.375868621210631,1.9398875341173645,5.865501088993468,6.811531041206273,2.2404594358894943,8.374297065751318,2.554737376375464,0.9595576232428707,1.0082937358634518,0.3108920921547091,1.3585928993823353,0.454646382019533,0.68577,0.41154999999999997,0.29081,1.3194000000000001,0.4454187515601238,0.0,0.0,0.0,0.0,0.0,0.0,0.0,0.0,0.0,0.0,0.0,0.0,0.0,0.0,0.0
Sweep_AmplitudeStep_100pct,100.0,TKEO,Adaptive,fast,30,9.716610075133968,9.429986556780884,8.453919706474938,11.46438680901967,1.1543828618734533,9.00451407510371,8.719282031059032,7.802916132783991,10.767153656984334,1.1669950863985208,13.94169385476462,13.95510519539264,12.612183434018657,15.35583080977754,1.1181806708443354,3.6378976572081565,3.5963182283467723,3.336379321247163,4.003993872796947,0.26646428997748245,1.6501000000000003,1.6501,1.6501,1.6501,0.0,9.999999999999998e-05,0.0001,0.0001,0.0001,4.135263320862086e-20,1.6501000000000003,1.6501,1.6501,1.6501,0.0,19.91820704672818,19.493714039798203,17.782570628697957,22.441707044514274,1.7987492629229496,1.6501000000000003,1.6501,1.6501,1.6501,0.0,283.80359841520783,278.9492280590266,268.4305110895746,311.9590416130187,16.8756130288586,61.81100127431942,60.19484882149405,53.004599846044584,72.91422796882651,8.032401763231022,94.34173530892897,93.6300555780347,89.26001807406624,100.68083709689789,4.465228109289482,0.06996359824328272,0.0703214840424762,0.06111374797850384,0.07500353347524173,0.005787848516130534,12.480016542290858,11.573431105679314,10.1267522174694,16.521072903357222,2.494444215145816,0.30000000000000004,0.3,0.3,0.3,0.0,0.0,0.0,0.0,0.0,0.0,0.0,0.0,0.0,0.0,0.0,0.0625,0.0625,0.0625,0.0625,0.0,0.0625,0.0625,0.0625,0.0625,0.0,471.2948466666667,377.15189999999996,329.3216,408.0465300000001,533.4192154457064,1.0,1.0,1.0,1.0,0.0,0.0,0.0,0.0,0.0,0.0,0.0,0.0,0.0,0.0,0.0,4.726373860666892,4.58592566339739,3.7353699296368714,6.200353566925124,0.9780920635914249,5.209751896409517,5.0335181408867715,4.147684883343743,6.840113474598127,0.9987447593446065,5.3894343563297555,5.12486302775285,4.381765706686145,7.136369303572047,1.0163459716780419,5.70933720754763,5.40646741052813,4.749652086782972,7.5951575981014186,1.0481061658549677,6.332713393372929,6.091937513017015,5.29660354076926,8.362205201812326,1.1295234198650737,8.509135142407022,8.201373084575255,7.198632720561803,10.693045265219101,1.3211652855915235,1.3000999999999998,1.3001,1.26146,1.33874,0.029342096392208514,0.0,0.0,0.0,0.0,0.0,0.0,0.0,0.0,0.0,0.0,0.0,0.0,0.0,0.0,0.0
Sweep_AmplitudeStep_100pct,100.0,PLL,Loop-based,fast,30,0.21975127661742627,0.16652788783918004,0.1631738259849443,0.31632354268400964,0.13490088883070617,0.165414516606153,0.147885967021622,0.14626777550991643,0.19551660411696892,0.04387993069305714,1.0392877102110532,0.6364111429862866,0.485089081499342,2.4225889314133466,0.9018429849897733,0.13364111226105638,0.076558829305655,0.07228583870994101,0.24846923020369632,0.1394536970168056,0.02334333333333333,0.0029,0.0,0.07366000000000002,0.03968780480921958,9.999999999999998e-05,0.0001,0.0001,0.0001,4.135263320862086e-20,0.016916666666666667,0.0024,0.0,0.055080000000000025,0.034109894239904515,0.5663378533893222,0.3775624549385871,0.3632243390581859,0.9409242947280579,0.4620245300352448,1.649016666666667,1.6491500000000001,1.6475000000000002,1.6501,0.0010167844288306825,181.0632571992817,177.2709963183505,174.34427335153657,196.22117835052674,8.200780668490804,122.12713432848183,122.11831977722916,121.90598047361603,122.32080710974711,0.14982265593443983,100.38674719879766,99.79953677353545,96.48217045345116,105.2152814719625,3.3728747173587106,0.005195500032772597,0.003146605414011,0.0016857038409960102,0.01284832656420793,0.004894825494589726,11.071915757766545,10.994759550395347,9.519147084421236,12.441438438605262,1.0930332290588587,0.0,0.0,0.0,0.0,0.0,0.0,0.0,0.0,0.0,0.0,0.0,0.0,0.0,0.0,0.0,0.0625,0.0625,0.0625,0.0625,0.0,0.0625,0.0625,0.0625,0.0625,0.0,342.79075,339.3051,285.2167,403.2901,42.95567703455584,1.0,1.0,1.0,1.0,0.0,0.0,0.0,0.0,0.0,0.0,0.0,0.0,0.0,0.0,0.0,0.16165811310418274,0.1613619758116804,0.16114621607410842,0.16159683480466439,0.0015859654846807497,0.2700960889220227,0.2630885734373106,0.2036744781727872,0.34274164458904266,0.04735795853295102,0.20790385867847655,0.20600391681578772,0.17927135439448375,0.2404046432354538,0.02082296705887874,0.1871573775359048,0.18522151200987735,0.17060464260736274,0.20678809525369163,0.012514027341570122,0.525941968559886,0.5309169183723981,0.37465218499968383,0.6667083636752537,0.10107403762352901,0.16133843162968445,0.16133183921899868,0.16115862261360173,0.1615283528005007,0.0001358251808978582,1.2990166666666667,1.2988,1.25868,1.3387,0.029281794783570333,0.0,0.0,0.0,0.0,0.0,0.0,0.0,0.0,0.0,0.0,0.0,0.0,0.0,0.0,0.0
Sweep_AmplitudeStep_100pct,100.0,SOGI-FLL,Loop-based,fast,30,0.010847439489641003,0.0101492712181888,0.00863597640500139,0.014371907819148289,0.0020919519012804724,0.00646485213329052,0.00635576629478405,0.0056919226421065896,0.00753284349357713,0.000695660309192631,0.05520488266564381,0.0554169602291949,0.03619253277589956,0.06996127031778548,0.01231408395720047,0.008675336798489162,0.0079642000004434,0.00647912241081025,0.01233322019883411,0.0021271003374337487,0.0,0.0,0.0,0.0,0.0,9.999999999999998e-05,0.0001,0.0001,0.0001,4.135263320862086e-20,0.0,0.0,0.0,0.0,0.0,0.032490862528758144,0.02987609667013045,0.025147099580671222,0.04438005653250713,0.007022428057477632,0.0,0.0,0.0,0.0,0.0,3.35959757901468,3.290809383509341,2.803412078073108,4.167468472925152,0.4991619465626132,0.5869077869184804,0.5731875462675927,0.4477934410710548,0.7695513382183133,0.10983701935487475,53.87222679620902,54.03655997500555,49.664307130677535,59.842831893898854,3.985562533470927,0.00020673023583625983,0.00019950060798234998,8.218326359698851e-05,0.00032507930081001,8.717062894810332e-05,11.554142053836518,10.994759550395347,8.96940910690147,14.322120993278153,2.383422172152918,0.0,0.0,0.0,0.0,0.0,1.0,1.0,1.0,1.0,0.0,1.0,1.0,1.0,1.0,0.0,0.0625,0.0625,0.0625,0.0625,0.0,0.0625,0.0625,0.0625,0.0625,0.0,349.9700733333333,349.2886,282.73236,450.8544,64.57849621814144,1.0,1.0,1.0,1.0,0.0,0.0,0.0,0.0,0.0,0.0,0.0,0.0,0.0,0.0,0.0,0.003633779981393107,0.00361761947290465,0.00350176140238118,0.00378701078926529,0.00012522741123847128,0.031070252160677336,0.0333700872464617,0.00894802919542019,0.04814043362850388,0.013890165097129035,0.031228196014623136,0.030218841530844948,0.01743987324559369,0.04804391245832742,0.011988779686810431,0.0365274657290821,0.03590866405241315,0.027895338177201252,0.05031951454414224,0.008037074587948157,0.05520488266564381,0.0554169602291949,0.03619253277589956,0.06996127031778548,0.01231408395720047,0.004410951340962267,0.00439374898910615,0.0043341544324887495,0.00449315720049254,6.584178057652107e-05,0.0,0.0,0.0,0.0,0.0,0.0,0.0,0.0,0.0,0.0,0.0,0.0,0.0,0.0,0.0,0.0,0.0,0.0,0.0,0.0
Sweep_AmplitudeStep_100pct,100.0,SOGI-PLL,Loop-based,fast,30,0.023779020100406174,0.024398780409651398,0.012456921714930692,0.03429931087830785,0.01052479964016604,0.008191295356412307,0.00785743822460945,0.00427896861012942,0.012048287437714971,0.0032959642073746576,0.2305211185973798,0.21529252608505084,0.0785070763707565,0.3639076595661421,0.13826983237701845,0.022299099224200654,0.023207980462372498,0.011464573323705332,0.03213665806157986,0.01005188664421239,0.00016333333333333334,0.0,0.0,0.0,0.0008946135105917708,9.999999999999998e-05,0.0001,0.0001,0.0001,4.135263320862086e-20,0.00016333333333333334,0.0,0.0,0.0,0.0008946135105917708,0.07508859302901441,0.0770910565829936,0.03926564137175155,0.10839573369437784,0.03331883666402811,0.19263999999999998,0.3146,0.0,0.38765000000000005,0.18355601719441364,28.819138268099564,31.902428957613083,9.7104724731949,44.745190658462164,13.58892009973156,3.5834135654527013,3.7800462953999734,1.7838159118342314,5.055223088289296,1.2298813332329248,69.10428484403322,69.84003433960964,61.51788742753645,76.90861627580615,5.842760292701101,0.0014930825851308769,0.0014755557834621501,0.00043245767673434003,0.002334578406943,0.0008916989009778812,12.046012875827886,11.428763216858323,9.25874488454345,16.492139325593023,2.6095405061856063,0.0,0.0,0.0,0.0,0.0,0.23333333333333334,0.0,0.0,1.0,0.4301830671520764,0.9666666666666667,1.0,1.0,1.0,0.1825741858350553,0.0625,0.0625,0.0625,0.0625,0.0,0.0625,0.0625,0.0625,0.0625,0.0,366.36148333333335,368.1722,305.7763,437.10636,60.852861810322985,1.0,1.0,1.0,1.0,0.0,0.0,0.0,0.0,0.0,0.0,0.0,0.0,0.0,0.0,0.0,0.00203760516610637,0.00185914387359755,0.00177915937329499,0.00216696332898525,0.0006327388712142118,0.12644674693414443,0.1308903233702568,0.02466888311354322,0.23777330594154827,0.07813161349676163,0.07672547306627439,0.0788412532413684,0.014995264723213421,0.14455572637487926,0.04748338714369759,0.05787515908817817,0.0589389215868209,0.01069707241511397,0.11059990577546557,0.036591569106287455,0.19903202923918967,0.21137110618829164,0.04363102459314442,0.36383151343108083,0.11907585948732415,0.00179936291027472,0.00179197604978265,0.00176940674704966,0.00184018662691285,2.7601821878862763e-05,0.0061133333333333335,0.0078,0.0,0.013,0.005946180073901593,0.0,0.0,0.0,0.0,0.0,0.0,0.0,0.0,0.0,0.0,0.0,0.0,0.0,0.0,0.0
Sweep_AmplitudeStep_100pct,100.0,Type-3 SOGI-PLL,Loop-based,fast,30,0.03681254834760426,0.0274753295027436,0.01233741973433872,0.06474919266869016,0.025627629923611266,0.011369511325238755,0.009216806022176,0.00485885664340381,0.019132174907729543,0.0060789516867065605,0.3232272083702637,0.2607905087326685,0.12451723663772958,0.5800581512126273,0.22674434780433061,0.03495684448701361,0.02600451793342315,0.01145070234247049,0.06237220209198873,0.024977465459266712,0.002373333333333333,0.0,0.0,0.005890000000000007,0.0068741361003719454,9.999999999999998e-05,0.0001,0.0001,0.0001,4.135263320862086e-20,0.002373333333333333,0.0,0.0,0.005890000000000007,0.0068741361003719454,0.11624004478627974,0.0868719311339787,0.03894072762702747,0.20449869802241438,0.08094215519669569,0.10981999999999999,0.01925,0.0,0.37732,0.16054853686550732,13.943669085149327,14.489841072373721,8.33779054159045,17.99235380655162,3.7599600992273126,3.286275803705277,3.343797514637757,2.4604063097722606,3.906484335595092,0.5280843202881225,68.84775402774663,68.12830776712376,64.63519620652356,74.54856130986772,3.9672126917992037,0.0023402880542650263,0.0018572311174230001,0.00110250951913327,0.0045026405854968,0.0013679637843660572,12.32570412754847,12.15210266096328,9.80848286206322,14.206386682221359,1.9035294738728499,0.0,0.0,0.0,0.0,0.0,0.13333333333333333,0.0,0.0,1.0,0.3457459036417604,0.7666666666666667,1.0,0.0,1.0,0.43018306715207616,0.0625,0.0625,0.0625,0.0625,0.0,0.0625,0.0625,0.0625,0.0625,0.0,357.26510666666667,368.1722,305.7763,404.93568000000005,45.90749143704133,1.0,1.0,1.0,1.0,0.0,0.0,0.0,0.0,0.0,0.0,0.0,0.0,0.0,0.0,0.0,0.0027031898267229734,0.0026461959098807,0.00261008675097097,0.00271734863862707,0.00023361742081911822,0.10866691334326259,0.09423963687020845,0.04016454959028115,0.20155594615954883,0.06044644984710095,0.07267958264987381,0.0659494941373797,0.02776343543689435,0.130778811914047,0.03771910981806362,0.053537666231177915,0.0490301490956664,0.0197411500685411,0.09683565154574925,0.028169727945757252,0.15647436785382896,0.1415963506270081,0.07319976402106008,0.26847112067094936,0.07131906773013097,0.0027215015572422427,0.00268287334958805,0.00261088408940543,0.00290631229129854,0.00011565719593520026,0.0036599999999999996,0.0,0.0,0.0145,0.006212978629311055,0.0,0.0,0.0,0.0,0.0,0.0,0.0,0.0,0.0,0.0,0.0,0.0,0.0,0.0,0.0
Sweep_AmplitudeStep_100pct,100.0,ZCD,Loop-based,fast,30,0.008642673201116675,0.008209380739438051,0.0045549158277156,0.013096540557161892,0.0032802256980248687,0.006558540944918635,0.00613799170068525,0.00342784809475029,0.00993938315395166,0.0024081688929273337,0.02984546585831011,0.026657321165281148,0.01313702910694296,0.046597575991313506,0.014998337388003312,0.005610405512562936,0.0052631816143666,0.00279356617121528,0.008745011844607352,0.0022742805969205577,0.0,0.0,0.0,0.0,0.0,9.999999999999998e-05,0.0001,0.0001,0.0001,4.135263320862086e-20,0.0,0.0,0.0,0.0,0.0,0.023389757482607614,0.0218234478067144,0.012059939431022392,0.03638833156530975,0.009157377009580622,0.0,0.0,0.0,0.0,0.0,54.5698553777451,52.29039098756161,27.893412955112495,79.99510825043998,19.167801395624764,8.167931522408217,7.675655870812793,4.227522220843738,12.448487677146751,3.1145221501173035,76.19300360844767,76.51418849204774,75.01533845078342,77.19776543954352,0.9942308977130712,0.0012439396932825766,0.0010477635869478,0.00050825155146864,0.0023040153653230405,0.0007594928786203749,4.947641797677906,4.774040331092717,4.340036664629743,5.786715552839658,0.554990245651089,16.699999999999996,16.7,16.7,16.7,7.226896453227138e-15,1.0,1.0,1.0,1.0,0.0,1.0,1.0,1.0,1.0,0.0,0.0625,0.0625,0.0625,0.0625,0.0,0.0625,0.0625,0.0625,0.0625,0.0,209.72677666666667,201.6955,164.6882,260.3733,41.51154804943405,1.0,1.0,1.0,1.0,0.0,0.0,0.0,0.0,0.0,0.0,0.0,0.0,0.0,0.0,0.0,0.013196380604745934,0.009781870133885099,0.00461844382826642,0.023542285242077573,0.008194980470828048,0.009687487781998417,0.006921774726974,0.0030611566950605002,0.01676655202554517,0.008561834683866464,0.008428249763981491,0.00718541236327155,0.00341845077542919,0.014236034416408087,0.00538368550712719,0.007816041409721903,0.0071932065982239,0.0034350483202625105,0.012270707251470973,0.004607128703745089,0.013643460350532348,0.0119385926508996,0.005580403509999581,0.02373400614585103,0.008853929006479574,0.00678583471724573,0.0066006679781570494,0.0033914677505333902,0.00986832569306518,0.0029249395270087315,0.0,0.0,0.0,0.0,0.0,0.0,0.0,0.0,0.0,0.0,0.0,0.0,0.0,0.0,0.0,0.0,0.0,0.0,0.0,0.0
Sweep_AmplitudeStep_100pct,100.0,EKF,Model-based,fast,30,0.004110127313296093,0.00434713645159035,0.0016870666415379602,0.00612131028816558,0.0016861108437635725,0.0020416324930605198,0.00216762611912805,0.0008912523910709101,0.00323096230190605,0.000902523736060551,0.015313742428786695,0.0148118456698078,0.006091713404960241,0.02462926541514171,0.006523129931944866,0.00355992910107492,0.00377794936314,0.00143236030341842,0.005202012703884131,0.001442911837090763,0.0,0.0,0.0,0.0,0.0,9.999999999999998e-05,0.0001,0.0001,0.0001,4.135263320862086e-20,0.0,0.0,0.0,0.0,0.0,0.012721419796285443,0.01346960478287295,0.005188333301326381,0.01882838259764638,0.005196719766688358,0.0,0.0,0.0,0.0,0.0,0.9460111468454121,0.9585045431226291,0.8350961561109926,1.0467612263074244,0.08354170704785034,0.1433320861035029,0.14820580937388214,0.11269310935922412,0.17088355126439456,0.022780689781493755,41.6483109123644,41.21175869115042,37.49382594076789,46.89204865313239,3.5953571684570544,8.694681481614667e-05,8.951335749370634e-05,1.5238997304897061e-05,0.00015233004504208004,5.3655872478680686e-05,14.16780857853576,13.454113660352203,11.515563950150918,17.099744458641187,2.4284758041334964,0.0,0.0,0.0,0.0,0.0,1.0,1.0,1.0,1.0,0.0,1.0,1.0,1.0,1.0,0.0,0.0625,0.0625,0.0625,0.0625,0.0,0.0625,0.0625,0.0625,0.0625,0.0,393.13022333333333,403.2901,329.3216,437.10636,47.88302202924211,1.0,1.0,1.0,1.0,0.0,0.0,0.0,0.0,0.0,0.0,0.0,0.0,0.0,0.0,0.0,0.0011539252299904447,0.0011191751298248,9.739614308540888e-05,0.0025440237833947305,0.0009375172656986913,0.006840851065272846,0.00735564047877465,0.00229713780858359,0.009973554030126161,0.0030132560858915163,0.0057900459430110796,0.00601117492331475,0.00206854707749138,0.00860057641813051,0.0025570789189680522,0.0066769536621512264,0.006900330896736,0.00214735417786047,0.01041629490028541,0.0030582551457393825,0.010281911586212023,0.010410092186024351,0.0039525654430249205,0.01502391218295848,0.004037937440505595,0.002624967972874834,0.0024776884217965,0.0008176673276430501,0.00429397520822068,0.001277078118998939,0.0,0.0,0.0,0.0,0.0,0.0,0.0,0.0,0.0,0.0,0.0,0.0,0.0,0.0,0.0,0.0,0.0,0.0,0.0,0.0
Sweep_AmplitudeStep_100pct,100.0,LKF,Model-based,fast,30,0.005471231538288066,0.004957452339734349,0.00422148278671426,0.008078636988452431,0.0013248558834765974,0.00394765429236702,0.0039011848186892503,0.00357635659259799,0.0045864671215741,0.0003399355499309321,0.04743867389843924,0.0466848238981825,0.02044846744236748,0.08957055564064545,0.023906473908285677,0.003691650825575877,0.0032455335459978998,0.0021725777330936303,0.0066468713084606905,0.0015448953825595866,0.0,0.0,0.0,0.0,0.0,9.999999999999998e-05,0.0001,0.0001,0.0001,4.135263320862086e-20,0.0,0.0,0.0,0.0,0.0,0.015022606769094803,0.013483973210186899,0.010191436538870939,0.0245375397094676,0.004968557234258223,0.0,0.0,0.0,0.0,0.0,6.083938986950699,5.4168713549618275,5.391002297258751,8.280215257398638,1.0551891287817188,3.0110084455035153,3.005640758919631,2.965028794794565,3.0826473245846877,0.0386116243910798,68.22420021706307,67.52330219319276,64.23396548427992,73.24952341156167,3.4024140961548412,0.00030283368152101027,0.00030224090024585,0.00011190365457766916,0.0005349416748953801,0.00015468567387260583,14.399277200649347,13.454113660352203,11.8338333055571,18.372821880265914,2.744547146126936,7.900000000000002,7.9,7.9,7.9,3.613448226613569e-15,1.0,1.0,1.0,1.0,0.0,1.0,1.0,1.0,1.0,0.0,0.0625,0.0625,0.0625,0.0625,0.0,0.0625,0.0625,0.0625,0.0625,0.0,409.3876933333334,411.51800000000003,349.2886,452.33171000000004,43.293664124720294,1.0,1.0,1.0,1.0,0.0,0.0,0.0,0.0,0.0,0.0,0.0,0.0,0.0,0.0,0.0,0.0038801113082998235,0.00388369286394675,0.00386096764247101,0.00390030545951814,1.9970384926256847e-05,0.030426590167954327,0.0292279482359906,0.01320878935711864,0.05938193465202992,0.016620379218791535,0.019505729514828263,0.017524595974274602,0.00862846269391799,0.03850635297175003,0.01048973559821469,0.014577768493141994,0.012997554880789849,0.006870562321076181,0.02828531623309076,0.00750442408073152,0.04730937036140518,0.0466848238981825,0.02044846744236748,0.08957055564064545,0.024125126990293816,0.004057845273953847,0.00399600413157355,0.00392920665630917,0.0043489406593190194,0.00014415686895945075,0.0,0.0,0.0,0.0,0.0,0.0,0.0,0.0,0.0,0.0,0.0,0.0,0.0,0.0,0.0,0.0,0.0,0.0,0.0,0.0
Sweep_AmplitudeStep_100pct,100.0,LKF2,Model-based,fast,30,0.011837153508380945,0.01124050518511005,0.008129808146688039,0.01745897934799924,0.003326185172147032,0.005742360882047461,0.00520045011594955,0.00445896685864083,0.00794403768753996,0.0012916025220615704,0.09952103312820192,0.09850634831914455,0.06836889060370338,0.13274123220535605,0.025042132469915535,0.010332099158401158,0.00991225512379965,0.00679209040937414,0.01551085937690818,0.003130492419545906,0.0,0.0,0.0,0.0,0.0,9.999999999999998e-05,0.0001,0.0001,0.0001,4.135263320862086e-20,0.0,0.0,0.0,0.0,0.0,0.03673865835725109,0.03518151131480875,0.025065409139707548,0.054546671084358685,0.010613969664001533,0.0,0.0,0.0,0.0,0.0,22.37873967802528,22.295228459165983,20.91221892506212,23.905117728020283,1.2141232779136943,5.6466083408547405,5.463204787300789,4.890680318406863,6.676383507222772,0.7170825822839993,73.62043692516855,73.31183995861863,70.34937990825887,77.66884845572696,3.188115057461566,0.0004687555552981766,0.00048291523574465003,0.00020291307930329002,0.0007055365736933602,0.00024018042171648857,14.910437074483514,14.466788882099141,12.065301927670685,18.083486102623933,2.5786601357860026,0.0,0.0,0.0,0.0,0.0,0.8666666666666667,1.0,0.0,1.0,0.34574590364176044,1.0,1.0,1.0,1.0,0.0,0.0625,0.0625,0.0625,0.0625,0.0,0.0625,0.0625,0.0625,0.0625,0.0,431.1259766666666,427.66235,368.1722,495.19694000000004,55.22250294660736,1.0,1.0,1.0,1.0,0.0,0.0,0.0,0.0,0.0,0.0,0.0,0.0,0.0,0.0,0.0,0.0006759483510372847,0.00041784571716434995,0.00011577530195718472,0.0017199284674732202,0.0006569193073465926,0.06190013792672663,0.06228519315552745,0.03873047662522796,0.08626454750446118,0.018694092366031437,0.044368916412862565,0.04401039811101405,0.029634022108287892,0.05974525139883991,0.011919518924033921,0.03423014167578887,0.0337570122248225,0.02405121257233278,0.044856906299786906,0.008184268384734754,0.09921984679061066,0.09850634831914455,0.06836889060370338,0.13274123220535605,0.02491603466659117,0.008274708966786868,0.0082664978375007,0.00764980796134399,0.00899691337238482,0.0005452920688030824,0.0,0.0,0.0,0.0,0.0,0.0,0.0,0.0,0.0,0.0,0.0,0.0,0.0,0.0,0.0,0.0,0.0,0.0,0.0,0.0
Sweep_AmplitudeStep_100pct,100.0,RA-EKF,Model-based,fast,30,0.0009146345338532101,0.0008241280986251,0.00061776029916359,0.00135912319472935,0.00033879687677941376,0.0006081917818735133,0.0005420781600176999,0.00045610118035644,0.0008984352234103002,0.0001888848586692828,0.008565144228741368,0.00840178473750795,0.006030393127949151,0.01111311741059131,0.0022118045344285166,0.0006807114546444366,0.0006026663750484001,0.00041801377455013,0.00101973195079021,0.00028724609522119243,0.0,0.0,0.0,0.0,0.0,9.999999999999998e-05,0.0001,0.0001,0.0001,4.135263320862086e-20,0.0,0.0,0.0,0.0,0.0,0.0026503261458069665,0.0023707267590834,0.00170869188954045,0.003957631075781131,0.0010468422557079833,0.0,0.0,0.0,0.0,0.0,1.7744385230861563,1.7585642765283183,1.6984481103516913,1.895325246564994,0.0767724546772125,0.43580874327550706,0.4360290978899299,0.41899267081568453,0.4561624978259684,0.012939547428258895,51.43276756940612,50.739157086135016,47.610370688821554,56.37767817078735,3.3856848122318053,3.0456818378115666e-05,2.9566278447357183e-05,1.5639450324381084e-05,4.6200705425788867e-05,1.4094363021681015e-05,17.65912696208235,17.649482436160955,14.148519526692962,21.150445345628942,2.89383996253707,0.0,0.0,0.0,0.0,0.0,1.0,1.0,1.0,1.0,0.0,1.0,1.0,1.0,1.0,0.0,0.0625,0.0625,0.0625,0.0625,0.0,0.0625,0.0625,0.0625,0.0625,0.0,473.36443,465.6275,435.5788,534.62274,42.594470284979884,1.0,1.0,1.0,1.0,0.0,0.0,0.0,0.0,0.0,0.0,0.0,0.0,0.0,0.0,0.0,0.0007267765636445568,0.0004328451877891,0.00028081403669212,0.0013346118189403006,0.0006984185052950436,0.00424607031319252,0.00424187281907535,0.0025730035442230697,0.00570815970734929,0.0012851179329963795,0.002863369599700944,0.0028288072123895,0.00159995223163643,0.00391760626980672,0.0009521815560486354,0.0020978134099097602,0.00205610179919805,0.00116404006730651,0.0030028258818181,0.0007042253642813976,0.008448027539895927,0.00840178473750795,0.006030393127949151,0.010878579104600251,0.0020558671080663188,0.0005485189130415234,0.0005412504635477001,0.00042544352904198997,0.0006895980498859601,9.986249794363319e-05,0.0,0.0,0.0,0.0,0.0,0.0,0.0,0.0,0.0,0.0,0.0,0.0,0.0,0.0,0.0,0.0,0.0,0.0,0.0,0.0
Sweep_AmplitudeStep_100pct,100.0,UKF,Model-based,fast,30,0.0028956729563566768,0.0030563531768284,0.0015429469048875,0.0038124754549103503,0.0009090963709394438,0.0012451071066738866,0.0012912308870626,0.00070417726016467,0.0017548433573869,0.0003856040984374671,0.019184141344142775,0.01983621579590175,0.01118585935274219,0.025973244327572288,0.0059601415200355185,0.0026123563251080994,0.0027413211804615,0.00139070217639651,0.0033803429686909605,0.0008296643037247907,0.0,0.0,0.0,0.0,0.0,9.999999999999998e-05,0.0001,0.0001,0.0001,4.135263320862086e-20,0.0,0.0,0.0,0.0,0.0,0.009082176081998296,0.00955561043853005,0.00484032451560302,0.011903738593101561,0.0028602201714745894,0.0,0.0,0.0,0.0,0.0,3.4377546238886225,3.456732722648681,3.279212851744262,3.5912753568840827,0.11992837429638746,0.659399905221537,0.6623586045974076,0.642924338191692,0.6727850715459949,0.010778392675030033,55.03219512287946,54.21754625494566,51.31621509428641,60.00843732644136,3.3646443361603255,8.365322493809138e-05,8.618530808277582e-05,3.053550212705791e-05,0.00013580098969898,4.233813535950298e-05,16.820053206920605,17.070810880876987,14.466788882099143,18.864692702257283,2.0638011099345763,0.0,0.0,0.0,0.0,0.0,1.0,1.0,1.0,1.0,0.0,1.0,1.0,1.0,1.0,0.0,0.0625,0.0625,0.0625,0.0625,0.0,0.0625,0.0625,0.0625,0.0625,0.0,444.8999433333334,435.5788,386.1316,507.3635,47.343490245043625,1.0,1.0,1.0,1.0,0.0,0.0,0.0,0.0,0.0,0.0,0.0,0.0,0.0,0.0,0.0,0.00012448902552573198,0.0001171018091366,4.786349083559595e-05,0.00021936237175013,7.424923971372387e-05,0.012232259598483983,0.01356862806823745,0.00493028560959167,0.01769639537787485,0.004912793006665147,0.01093131238763158,0.0116905222071664,0.00392428842287985,0.01583011055869599,0.0044252112618836485,0.008357461078510337,0.0089402899455531,0.0033268742776139198,0.01184612224347628,0.0032059419991136012,0.018757529290971277,0.01983621579590175,0.00903450425017238,0.025973244327572288,0.006482238757709696,0.00189977117629606,0.00170535002443385,0.00096397862957211,0.0029807981652678704,0.0007413123015503867,0.0,0.0,0.0,0.0,0.0,0.0,0.0,0.0,0.0,0.0,0.0,0.0,0.0,0.0,0.0,0.0,0.0,0.0,0.0,0.0
Sweep_AmplitudeStep_100pct,100.0,IPDFT,Window-based,fast,30,0.010434075618479961,0.0120306968817429,0.00256327620031845,0.01550946274378005,0.004837129348202094,0.0025092608381934874,0.0028478366296103503,0.00072372601058803,0.0036611098003207004,0.0011021135957601257,0.08942184481420339,0.1041972232091197,0.024072223350447,0.13266204268771767,0.04053023778396774,0.010126998773023733,0.0116795650758526,0.00248816899070711,0.01506838971694577,0.004711815705086666,0.0,0.0,0.0,0.0,0.0,9.999999999999998e-05,0.0001,0.0001,0.0001,4.135263320862086e-20,0.0,0.0,0.0,0.0,0.0,0.03289025715726482,0.03792380438758365,0.008079733416330781,0.04886872914112262,0.015235473666957402,0.0,0.0,0.0,0.0,0.0,7.464380671620437,8.688751006342699,2.281420325005002,10.958842738888919,3.266391830238879,0.939893360801974,1.090853490265165,0.28614392384013276,1.3845124216665823,0.41083011974908207,56.98703806431907,57.93418233502129,49.030767133120904,63.190431081163304,5.725161824250578,0.0005053192809665633,0.0005724439116618,0.00021411782416458,0.0007428666746400799,0.00019712842023685896,12.692196112561648,12.15210266096328,10.387154417347187,15.971334925837454,2.261359619388766,66.59999999999998,66.60000000000001,66.60000000000001,66.60000000000001,4.336137871936283e-14,0.9333333333333333,1.0,1.0,1.0,0.2537081317024625,1.0,1.0,1.0,1.0,0.0,0.0625,0.0625,0.0625,0.0625,0.0,0.0625,0.0625,0.0625,0.0625,0.0,381.30313000000007,377.15189999999996,327.19551,452.33171000000004,53.775597987525586,1.0,1.0,1.0,1.0,0.0,0.0,0.0,0.0,0.0,0.0,0.0,0.0,0.0,0.0,0.0,0.0004116804330346666,0.00034760632201825,0.00021914911805248,0.0006276953235985201,0.00019386086538357878,0.015157723213398488,0.0164636324311995,0.00467613000936866,0.02356478969467173,0.0073331649127188515,0.04866142105270886,0.056487959740505356,0.0138271110479328,0.07217318424564806,0.022003639436954017,0.042088180662162154,0.04855892400070025,0.01037906186211899,0.06258907332003273,0.019526492614884008,0.08942184481420339,0.1041972232091197,0.024072223350447,0.13266204268771767,0.04053023778396774,0.0005316900985826934,0.0005679355373985,0.00027671742605922,0.00076852499690987,0.00020601605370638358,0.0,0.0,0.0,0.0,0.0,0.0,0.0,0.0,0.0,0.0,0.0,0.0,0.0,0.0,0.0,0.0,0.0,0.0,0.0,0.0
Sweep_AmplitudeStep_100pct,100.0,TFT,Window-based,fast,30,0.006256382645682187,0.00672051480855825,0.00158942880478236,0.00953437984040043,0.0029527492738388793,0.0017995301591183601,0.0019717640269433,0.00052478382699081,0.0026579477669740202,0.0008029614698042851,0.038050359345686444,0.03981656180282295,0.01669029163043867,0.057343279097206254,0.01693795492367811,0.00599117232561691,0.00643088876779765,0.00150158467381278,0.009149858044360469,0.00284327111776368,0.0,0.0,0.0,0.0,0.0,9.999999999999998e-05,0.0001,0.0001,0.0001,4.135263320862086e-20,0.0,0.0,0.0,0.0,0.0,0.019773047135969227,0.021244230138481097,0.00502549020584695,0.03012990500355884,0.009331106596203651,0.0,0.0,0.0,0.0,0.0,1.8791607074817307,1.94779615029006,0.929244177166666,2.7462315105299946,0.7387181789260133,0.30719723543841904,0.32307856084290776,0.1399463059229437,0.44925521256094086,0.12645065555351073,47.404532808226264,48.289373025181675,38.82052043756088,53.495325843260005,5.610252698761091,6.585533592799646e-05,7.055208113781726e-05,2.4150440804353144e-05,0.00010390716877984,3.238405985736561e-05,18.5946459764581,17.64948243616095,15.016526859618908,23.20472936688703,3.65189146101419,83.30000000000003,83.3,83.3,83.3,1.4453792906454277e-14,1.0,1.0,1.0,1.0,0.0,1.0,1.0,1.0,1.0,0.0,0.0625,0.0625,0.0625,0.0625,0.0,0.0625,0.0625,0.0625,0.0625,0.0,438.05857999999995,419.7459,368.1722,521.81346,53.715775212754515,1.0,1.0,1.0,1.0,0.0,0.0,0.0,0.0,0.0,0.0,0.0,0.0,0.0,0.0,0.0,0.00022998976694696578,0.0002111036600714,9.261617726634804e-05,0.00034045179404000017,0.00014043130611715663,0.0054737437218024465,0.0057422836187157,0.0014326373891730103,0.00836743650195062,0.002665034561453098,0.024942927449113955,0.02718122555136725,0.00589452817676387,0.03837815963497445,0.012111419994264537,0.021821877910394433,0.02371581688932585,0.00514738116131474,0.03341784702180889,0.010460337794282229,0.03743093824963773,0.03981656180282295,0.00819354776129865,0.057343279097206254,0.017859451804978103,0.0005960348108770919,0.00063149482617905,0.00018112362297741002,0.00089113828069569,0.0002757747179489552,0.0,0.0,0.0,0.0,0.0,0.0,0.0,0.0,0.0,0.0,0.0,0.0,0.0,0.0,0.0,0.0,0.0,0.0,0.0,0.0
Sweep_AmplitudeStep_150pct,150.0,RLS,Adaptive,fast,30,1.667178969389963,1.845619087344182,0.6350557331667017,2.084484441326288,0.5036675157336774,0.9169487846038515,0.8804616401437444,0.2955098566129659,1.6729409918596776,0.41888446150527686,6.864349682077214,7.8492277145602785,2.730427025558143,9.158973118563786,2.413319503360984,1.3405485365788554,1.4660014266465282,0.5621088861732663,1.8472083872610956,0.47404693347985427,0.6852,0.5718000000000001,0.24916,1.30456,0.4201672556954203,9.999999999999998e-05,0.0001,0.0001,0.0001,4.135263320862086e-20,0.50612,0.3228,0.19766999999999998,1.10508,0.3827199105495225,4.938594394340417,5.487052138813083,1.981836515132765,6.468460978380194,1.5565586845630734,1.2525600000000001,1.49985,0.7383500000000001,1.6501,0.43368138837248904,194.97749416697255,199.147619215454,170.06197828509073,204.91849643054928,18.635396385803716,31.10394741333676,33.82289848206546,21.892660876702333,36.09158164203359,6.0329664945489,88.30719793500542,88.21351071829122,84.01575792913887,92.20339035553823,3.913827241493283,0.010596982607669192,0.00986480340881985,0.0039602328175548695,0.01985461681584294,0.006092914699173412,15.093683066990106,14.466788882099143,13.598781549173191,17.96775179156714,2.2023144210661196,0.0,0.0,0.0,0.0,0.0,0.0,0.0,0.0,0.0,0.0,0.0,0.0,0.0,0.0,0.0,0.0625,0.0625,0.0625,0.0625,0.0,0.0625,0.0625,0.0625,0.0625,0.0,427.07334,419.7459,384.33566,481.33456,49.454886985877664,1.0,1.0,1.0,1.0,0.0,0.0,0.0,0.0,0.0,0.0,0.0,0.0,0.0,0.0,0.0,0.2814363536694602,0.11830305189930486,0.022671444414604402,0.7619524890868787,0.34565416968324664,1.691084068454987,1.8186201136905629,1.0365590059940348,1.9656028734947633,0.45934594121480143,4.3234142569987775,4.783587875368627,2.035572242945851,5.162693593571576,1.1735096198341575,5.167878745451829,5.967383924563274,2.068329714560362,6.907823304399666,1.8208579407529353,6.853564853494822,7.8492277145602785,2.5157814226228816,9.158973118563786,2.4329655014611133,1.1203822498423035,1.1731281589200115,0.3168571914344224,1.587107449361113,0.4852056666258286,0.9025599999999999,1.1532,0.37056,1.3294000000000001,0.4404180800573238,0.0,0.0,0.0,0.0,0.0,0.0,0.0,0.0,0.0,0.0,0.0,0.0,0.0,0.0,0.0
Sweep_AmplitudeStep_150pct,150.0,TKEO,Adaptive,fast,30,10.006004334423254,9.774165615911159,8.814759019353982,11.268980461608956,0.9699453136830094,9.25635360603144,9.016464107171561,8.098180678751643,10.653953075793948,1.0134643939102221,14.31942115479157,14.485210681620337,13.213508410036466,15.394661397863533,0.8870060654678755,3.7836045203603863,3.75887230634727,3.513759716660675,4.064921877617462,0.2057916592899524,1.6501000000000003,1.6501,1.6501,1.6501,0.0,9.999999999999998e-05,0.0001,0.0001,0.0001,4.135263320862086e-20,1.6501000000000003,1.6501,1.6501,1.6501,0.0,20.6071671671126,20.472061023760606,19.100578510185404,22.349607625057313,1.3417685556372676,1.6501000000000003,1.6501,1.6501,1.6501,0.0,290.25466109056157,286.74319784774303,269.7903944790525,315.3555195507245,17.755318030575914,65.78379462936512,63.98845345054136,55.89905125616488,78.54365722275374,8.614358707271352,94.88481946474113,94.27404281776523,89.71402012294837,101.33804277704893,4.477506804534622,0.07111268257360677,0.0701120898380238,0.06522347543612646,0.07754213175793066,0.005581855752929153,11.245517224351737,11.13942743921634,10.097818639705203,12.18103623872748,1.0438604504110074,0.30000000000000004,0.3,0.3,0.3,0.0,0.0,0.0,0.0,0.0,0.0,0.0,0.0,0.0,0.0,0.0,0.0625,0.0625,0.0625,0.0625,0.0,0.0625,0.0625,0.0625,0.0625,0.0,345.7468166666667,339.3051,305.7763,403.2901,40.1129615141272,1.0,1.0,1.0,1.0,0.0,0.0,0.0,0.0,0.0,0.0,0.0,0.0,0.0,0.0,0.0,4.726373860666892,4.58592566339739,3.7353699296368714,6.200353566925124,0.9780920635914249,5.240901079607317,5.029979983979876,4.17359612177381,6.846876362808831,0.9991027600426805,5.447874006896554,5.190362076634577,4.39778594762394,7.196331356154893,1.0188546867805555,5.8015568915690325,5.469853526090924,4.769485037059469,7.68396117754347,1.0429254632872276,6.482365829141161,6.166599644665013,5.37063759941415,8.28951194045608,1.1204380350797625,8.798282955494397,8.491131797770162,7.632708681136703,10.264610446158532,1.1971011953219617,1.3000999999999998,1.3001,1.26146,1.33874,0.029342096392208514,0.0,0.0,0.0,0.0,0.0,0.0,0.0,0.0,0.0,0.0,0.0,0.0,0.0,0.0,0.0
Sweep_AmplitudeStep_150pct,150.0,PLL,Loop-based,fast,30,0.22080452593188724,0.16807176368279841,0.16391645905114843,0.31756004689285755,0.13463761234658533,0.1659107894918634,0.1485153195866786,0.1465824553949348,0.19646661316865976,0.043817233124191834,1.0917715280202436,0.7273719325015584,0.5196555805325282,2.4225889314133466,0.8760254394580819,0.13493528091500853,0.07853805799505335,0.07317763464061434,0.2492929525269841,0.1390403467181443,0.024373333333333334,0.0042,0.0009,0.07511000000000002,0.03966660137152937,9.999999999999998e-05,0.0001,0.0001,0.0001,4.135263320862086e-20,0.017390000000000003,0.00345,0.0009,0.055080000000000025,0.03389272478133691,0.5707166322368892,0.3842064951506309,0.3662081776679193,0.9443454707496122,0.4607265376491375,1.649016666666667,1.6491500000000001,1.6475000000000002,1.6501,0.0010167844288306825,182.9457095782452,180.32775708030968,175.05764682005776,199.0155220648333,8.714059269096307,122.3297860847984,122.36342722297405,121.9905227421563,122.57793869725805,0.207461676564093,100.4011428290971,99.80788092103123,96.49169772874673,105.23435635870014,3.37412515369316,0.005801692503440004,0.0041321235299656995,0.0020470794355534,0.01277110114857507,0.004819796779150204,12.30641507570567,12.00743477214229,9.519147084421236,14.206386682221359,2.2867480313439588,0.0,0.0,0.0,0.0,0.0,0.0,0.0,0.0,0.0,0.0,0.0,0.0,0.0,0.0,0.0,0.0625,0.0625,0.0625,0.0625,0.0,0.0625,0.0625,0.0625,0.0625,0.0,376.73889333333335,368.1722,327.19551,435.5788,42.458808774094535,1.0,1.0,1.0,1.0,0.0,0.0,0.0,0.0,0.0,0.0,0.0,0.0,0.0,0.0,0.0,0.16165811310418274,0.1613619758116804,0.16114621607410842,0.16159683480466439,0.0015859654846807497,0.32259956764217484,0.30837529871174674,0.2158284261494944,0.4447462956627264,0.07782889898973526,0.23397421947511943,0.22786535022548637,0.18476292453694487,0.29370538086654874,0.03729117621813725,0.20285269967296077,0.19776940568146756,0.17358334184505408,0.24030078000962607,0.023170534526052704,0.6327946711199902,0.6352602414684014,0.39970363821380556,0.8422588510113173,0.14518357465457313,0.16134337031961218,0.16134071821280926,0.16116086813997893,0.1615359006771481,0.00013688669930245285,1.2990166666666667,1.2988,1.25868,1.3387,0.029281794783570333,0.0,0.0,0.0,0.0,0.0,0.0,0.0,0.0,0.0,0.0,0.0,0.0,0.0,0.0,0.0
Sweep_AmplitudeStep_150pct,150.0,SOGI-FLL,Loop-based,fast,30,0.013546441840481139,0.0124508926570043,0.01078617819772727,0.01838827790628677,0.002820132806798794,0.007234804251674574,0.00702646872404065,0.00631499095468074,0.00855267149928857,0.0008886723347974472,0.07282193344540194,0.07218324091620325,0.04826254084236288,0.09132646473629855,0.01589791052951296,0.011420686305613012,0.01058163994544515,0.00862234381802407,0.01628169735251891,0.0028142951217647702,0.0,0.0,0.0,0.0,0.0,9.999999999999998e-05,0.0001,0.0001,0.0001,4.135263320862086e-20,0.0,0.0,0.0,0.0,0.0,0.04149686316851374,0.0380536223611809,0.032473028886388394,0.05741370288765642,0.009271194640950378,0.0,0.0,0.0,0.0,0.0,4.471365652810515,4.5003260707332515,3.7808398632783735,5.598481725479942,0.6863528575995486,0.8013360819108297,0.7845255783511705,0.6053461819191864,1.0454711990686294,0.1493090781667261,56.57739615768893,56.68965462964937,52.35003748716251,62.50417781661733,3.978292003422539,0.000284021561087689,0.00029586432393005,0.00011297603513261,0.00042919347270463,0.0001140361318434784,11.631298261207712,11.428763216858323,9.519147084421236,14.466788882099143,2.0591333491524115,0.0,0.0,0.0,0.0,0.0,0.7333333333333333,1.0,0.0,1.0,0.44977644510880377,1.0,1.0,1.0,1.0,0.0,0.0625,0.0625,0.0625,0.0625,0.0,0.0625,0.0625,0.0625,0.0625,0.0,353.7417966666666,349.2886,285.2167,435.5788,53.18686577283508,1.0,1.0,1.0,1.0,0.0,0.0,0.0,0.0,0.0,0.0,0.0,0.0,0.0,0.0,0.0,0.003633779981393107,0.00361761947290465,0.00350176140238118,0.00378701078926529,0.00012522741123847128,0.04269013828840589,0.04656660844146165,0.01268230869732871,0.06569770680158893,0.01888256314198039,0.04180708865629114,0.040888471926678105,0.02382679103665716,0.06293400249472514,0.01531521933362771,0.047903709581581695,0.046767527510873305,0.03607474836078181,0.06642291444657812,0.010776971234214222,0.07282193344540194,0.07218324091620325,0.04826254084236288,0.09132646473629855,0.01589791052951296,0.004662148163415592,0.0046428631529991,0.00454870236095375,0.00481757159701031,0.00010519409181781017,0.0,0.0,0.0,0.0,0.0,0.0,0.0,0.0,0.0,0.0,0.0,0.0,0.0,0.0,0.0,0.0,0.0,0.0,0.0,0.0
Sweep_AmplitudeStep_150pct,150.0,SOGI-PLL,Loop-based,fast,30,0.026193491384733123,0.02826370696236205,0.012976876930827082,0.03957832989367301,0.011388613924224463,0.008743667674026104,0.00893681028899835,0.00482485134403606,0.013214207614704642,0.0035019498568752564,0.2692561776109012,0.2562173476892262,0.09254803048503951,0.4440824834795535,0.1550564448882225,0.024663158734027024,0.02652043405067535,0.01197432068426801,0.03730647938321001,0.010902301858794755,0.00016333333333333334,0.0,0.0,0.0,0.0008946135105917708,9.999999999999998e-05,0.0001,0.0001,0.0001,4.135263320862086e-20,0.00016333333333333334,0.0,0.0,0.0,0.0008946135105917708,0.08273314387610729,0.0893177308047359,0.04092424655473442,0.12513364576433486,0.03604462048130205,0.19311333333333333,0.3159,0.0,0.38835000000000003,0.18399389932415083,34.17855460080747,35.53649277324489,11.505318940468358,53.65982494580557,16.39778058117643,4.219291774676415,4.4419078503275475,1.9616692368213282,6.084857371652611,1.5612797844982729,70.39102238999193,71.13397757989219,61.66958647582708,78.50938081880054,6.182532690292206,0.0017655223208305933,0.0017641057058382999,0.00052297674630841,0.0028864321359005503,0.0010150761935957687,11.158716491059137,11.13942743921634,9.200877729015055,13.888117326815175,1.8087908740935945,0.0,0.0,0.0,0.0,0.0,0.16666666666666666,0.0,0.0,1.0,0.3790490217894516,0.9666666666666667,1.0,1.0,1.0,0.1825741858350553,0.0625,0.0625,0.0625,0.0625,0.0,0.0625,0.0625,0.0625,0.0625,0.0,353.50904,349.2886,305.7763,403.2901,45.45701181212861,1.0,1.0,1.0,1.0,0.0,0.0,0.0,0.0,0.0,0.0,0.0,0.0,0.0,0.0,0.0,0.00203760516610637,0.00185914387359755,0.00177915937329499,0.00216696332898525,0.0006327388712142118,0.1537921437452599,0.15520908477810585,0.029722588466572823,0.29356517831461004,0.09605698677486327,0.09334674832128408,0.09345950216379986,0.0180487821779673,0.17859593726261958,0.058430267537902134,0.07043774096876367,0.0696756009612298,0.0128547134253311,0.13686712333467668,0.0451147503510675,0.24032724185509882,0.2481975040013928,0.05281273781826879,0.44401373461906457,0.14423498344904298,0.001807139583778187,0.0017912386739353,0.00176596951963285,0.00187017898035437,4.2070262128972874e-05,0.006586666666666666,0.0091,0.0,0.0137,0.006366384419331953,0.0,0.0,0.0,0.0,0.0,0.0,0.0,0.0,0.0,0.0,0.0,0.0,0.0,0.0,0.0
Sweep_AmplitudeStep_150pct,150.0,Type-3 SOGI-PLL,Loop-based,fast,30,0.038882966350623965,0.030473515770222052,0.01536211435418866,0.06596967603230448,0.02512501552670005,0.011994459106168556,0.0101248048200814,0.00520381450407519,0.02019320133783312,0.006128822429524532,0.344356600845911,0.29802936517582523,0.15922762504273533,0.5800581512126273,0.21622049231728305,0.036941018792256135,0.02891921725234675,0.014462638238095191,0.06280036461615716,0.024437667993189582,0.002373333333333333,0.0,0.0,0.005890000000000007,0.0068741361003719454,9.999999999999998e-05,0.0001,0.0001,0.0001,4.135263320862086e-20,0.002373333333333333,0.0,0.0,0.005890000000000007,0.0068741361003719454,0.12281751548293712,0.09634843274603866,0.04856303287310167,0.2085942951863047,0.07934790885415474,0.15832333333333332,0.044649999999999995,0.0,0.39134,0.17789845356722245,16.979626534138724,17.5028033895952,10.146053957603486,22.750958884747877,4.734743873291651,3.824433486430776,3.9919427255414757,2.6652357961826603,4.696165391489377,0.7309079491011317,70.11451454503049,69.72195178008181,64.93061627029961,76.23405758280003,4.20675252985347,0.002622051634171693,0.00228761835546775,0.00121388904222879,0.00473821311715456,0.001346823640058933,10.522177780246775,10.1267522174694,9.25874488454345,11.920634038849695,1.2905608965933912,0.0,0.0,0.0,0.0,0.0,0.13333333333333333,0.0,0.0,1.0,0.3457459036417604,0.7666666666666667,1.0,0.0,1.0,0.43018306715207616,0.0625,0.0625,0.0625,0.0625,0.0,0.0625,0.0625,0.0625,0.0625,0.0,329.04200000000014,329.3216,285.2167,368.1722,33.50901618518977,1.0,1.0,1.0,1.0,0.0,0.0,0.0,0.0,0.0,0.0,0.0,0.0,0.0,0.0,0.0,0.0027031898267229734,0.0026461959098807,0.00261008675097097,0.00271734863862707,0.00023361742081911822,0.1386458080575098,0.1170758052779206,0.05059484508740934,0.25752308629544607,0.07670751928631177,0.09197310274589991,0.08347892276996735,0.0346545422778367,0.16618578114504878,0.047766838980796554,0.0676179762199481,0.06194816873944935,0.024595176034756402,0.12289638892704678,0.03563139920006259,0.2010220104037965,0.18991782790498485,0.09458032827621635,0.3445226599594541,0.0914699838908133,0.0027745902773734996,0.00272541234437815,0.00260727579198024,0.0030570204288991403,0.00017504137791966496,0.00616,0.0,0.0,0.016919999999999998,0.007772391457300464,0.0,0.0,0.0,0.0,0.0,0.0,0.0,0.0,0.0,0.0,0.0,0.0,0.0,0.0,0.0
Sweep_AmplitudeStep_150pct,150.0,ZCD,Loop-based,fast,30,0.007848598757792424,0.007355519393957,0.003982997780184161,0.01222422431837665,0.0030807937507395635,0.005716582893834642,0.0053141510263027495,0.00301395965424384,0.008678718683574171,0.002132568796075882,0.029668343740211787,0.026657321165281148,0.01313702910694296,0.046597575991313506,0.015163729077918275,0.005357101977019328,0.005203101268736901,0.00246765269893694,0.008489637605129751,0.0022745897702888596,0.0,0.0,0.0,0.0,0.0,9.999999999999998e-05,0.0001,0.0001,0.0001,4.135263320862086e-20,0.0,0.0,0.0,0.0,0.0,0.021787888824892767,0.0203931918602146,0.010529439409311031,0.03443211085065556,0.008880975622054954,0.0,0.0,0.0,0.0,0.0,45.261986395891775,44.82713293420204,22.520860367759354,65.53096283763793,15.952487853136246,7.414608590031772,6.924800297033371,3.8151136309732783,11.41621871646083,2.931656780154788,75.29467206010955,75.8176992992226,73.71995529881868,76.38928223862251,1.1940850665543983,0.0011350080416374366,0.00098325073336985,0.00047790837652537997,0.002139375247374871,0.0006841534907516369,6.0471177527174405,5.786715552839658,4.8897746421495105,7.233394441049572,1.0372485510294749,16.699999999999996,16.7,16.7,16.7,7.226896453227138e-15,1.0,1.0,1.0,1.0,0.0,1.0,1.0,1.0,1.0,0.0,0.0625,0.0625,0.0625,0.0625,0.0,0.0625,0.0625,0.0625,0.0625,0.0,207.78204999999994,201.6955,159.86492,262.85764,62.965812104532375,1.0,1.0,1.0,1.0,0.0,0.0,0.0,0.0,0.0,0.0,0.0,0.0,0.0,0.0,0.0,0.013196380604745934,0.009781870133885099,0.00461844382826642,0.023542285242077573,0.008194980470828048,0.009495150465876746,0.00681674012759675,0.0031465761276867205,0.016577229949202934,0.008579041932470742,0.00782229071886305,0.0063525334034197495,0.00315420453752991,0.013736229365304806,0.005335912291943435,0.006890276876833611,0.0060490832906853,0.0028505124392269802,0.010544873447716725,0.004248382799592081,0.012672234449559448,0.0099822399479414,0.0054890965000588005,0.019584036750516197,0.008850126662977471,0.00543258554846967,0.005265223396264,0.0027101066460375697,0.007930922046754012,0.0023542319826378765,0.0,0.0,0.0,0.0,0.0,0.0,0.0,0.0,0.0,0.0,0.0,0.0,0.0,0.0,0.0,0.0,0.0,0.0,0.0,0.0
Sweep_AmplitudeStep_150pct,150.0,EKF,Model-based,fast,30,0.005289418264678354,0.0058149629649973,0.0021168993275931304,0.00771008231126756,0.0019338750179417323,0.0025747902272981395,0.00261822142292315,0.0011131273511481102,0.00404898159467128,0.001063067027175237,0.01934976966636976,0.021791238256891853,0.008199010008571801,0.02563041292338395,0.006332466027195359,0.00461103112801907,0.00503813889299355,0.0018006085135054202,0.00656130732111694,0.0016430297430374242,0.0,0.0,0.0,0.0,0.0,9.999999999999998e-05,0.0001,0.0001,0.0001,4.135263320862086e-20,0.0,0.0,0.0,0.0,0.0,0.016407883611355516,0.018024527406860752,0.006514952891664661,0.0237329035580223,0.0059455379657881455,0.0,0.0,0.0,0.0,0.0,1.5953282089474403,1.637405177055129,1.3532146598063122,1.8084845723631562,0.17588660807125772,0.22243285120306258,0.23112890175269796,0.17374781986898982,0.2662175763372272,0.03564632183214685,45.47460360152828,45.06486179291954,41.20670751946183,50.71441571744932,3.5981633891015155,0.00010200046225444871,9.118469561447283e-05,3.346105613396923e-05,0.00016586290788844004,5.53024497106804e-05,14.225675734064156,13.888117326815175,11.255161750273134,17.38908023628317,2.2846641651075483,0.0,0.0,0.0,0.0,0.0,1.0,1.0,1.0,1.0,0.0,1.0,1.0,1.0,1.0,0.0,0.0625,0.0625,0.0625,0.0625,0.0,0.0625,0.0625,0.0625,0.0625,0.0,401.53538666666657,403.2901,349.2886,435.5788,38.172824339553884,1.0,1.0,1.0,1.0,0.0,0.0,0.0,0.0,0.0,0.0,0.0,0.0,0.0,0.0,0.0,0.0011539252299904447,0.0011191751298248,9.739614308540888e-05,0.0025440237833947305,0.0009375172656986913,0.009785835267392637,0.01068605872316065,0.00338411778961303,0.01426275099850985,0.004237616872076485,0.007848433116159084,0.0082776741784997,0.00294296083308274,0.01142318763535145,0.0033218529597213208,0.01160739456347495,0.01226557315575505,0.00380407630646773,0.01827228283995969,0.005408895083628606,0.016619152119624617,0.0165874933984824,0.00602651438101412,0.02563041292338395,0.007044365234963068,0.003549332212524754,0.0033733155976055,0.0011191610058372298,0.00580929654451433,0.0017240957821639405,0.0,0.0,0.0,0.0,0.0,0.0,0.0,0.0,0.0,0.0,0.0,0.0,0.0,0.0,0.0,0.0,0.0,0.0,0.0,0.0
Sweep_AmplitudeStep_150pct,150.0,LKF,Model-based,fast,30,0.00619194500659711,0.0057599350719499,0.00435058075941322,0.01003493802483358,0.001941014646987901,0.004121673498625927,0.0040159858271946,0.00362162901151454,0.00504412947783485,0.0004807150112154419,0.05909202943985999,0.0621520151027965,0.02480188341536758,0.11579502884967488,0.03171447734370306,0.0044965785248292705,0.00420855483497075,0.00228648147183732,0.00867471191468889,0.0021698580945285805,0.0,0.0,0.0,0.0,0.0,9.999999999999998e-05,0.0001,0.0001,0.0001,4.135263320862086e-20,0.0,0.0,0.0,0.0,0.0,0.017611409073113888,0.0165582058782877,0.01056064087645041,0.03106887037891539,0.006984671167030014,0.0,0.0,0.0,0.0,0.0,6.553507670416773,5.6999242171063,5.393373934907686,9.873611250473148,1.6502985333374907,3.041746652802943,3.030122635529433,2.967611416015771,3.166819510902643,0.06464847040580936,68.31122973394137,67.54390964433773,64.25736172316644,73.47559246678215,3.4248126101837726,0.0003841460477142794,0.0003840063421166,0.00013153117229235,0.0007136904795248401,0.0002054732389353612,12.29677054978427,11.718098994500306,10.387154417347187,14.37998814880655,2.445375795754353,7.900000000000002,7.9,7.9,7.9,3.613448226613569e-15,1.0,1.0,1.0,1.0,0.0,1.0,1.0,1.0,1.0,0.0,0.0625,0.0625,0.0625,0.0625,0.0,0.0625,0.0625,0.0625,0.0625,0.0,382.34452333333326,386.1316,308.0607,437.10636,54.802683822523754,1.0,1.0,1.0,1.0,0.0,0.0,0.0,0.0,0.0,0.0,0.0,0.0,0.0,0.0,0.0,0.0038801113082998235,0.00388369286394675,0.00386096764247101,0.00390030545951814,1.9970384926256847e-05,0.03856478757348093,0.03955006998584435,0.01519817732873261,0.07756322294524202,0.021964319211983285,0.024572701527195866,0.023744046167476197,0.00996784333562617,0.050202114639646064,0.01392225447945443,0.018228246721853393,0.01746604019257005,0.00772781491611948,0.03681600599790516,0.010030517487173983,0.05900443185632152,0.0621520151027965,0.02480188341536758,0.11579502884967488,0.03185883520551509,0.0041389956596501664,0.00404968748550645,0.00394333423318105,0.00462643028702624,0.00023545866307228558,0.0,0.0,0.0,0.0,0.0,0.0,0.0,0.0,0.0,0.0,0.0,0.0,0.0,0.0,0.0,0.0,0.0,0.0,0.0,0.0
Sweep_AmplitudeStep_150pct,150.0,LKF2,Model-based,fast,30,0.0157473244412257,0.0151844347480152,0.01125223989226279,0.021411972671739013,0.003755360946696614,0.0073785313175941695,0.006830094501544801,0.0059047132522418,0.00981145674636811,0.0014288614244423032,0.14825312052969597,0.14711371315017274,0.10211569550944398,0.19897210969244902,0.03739380889188738,0.013888642964514671,0.013485674308432699,0.00946813553100672,0.01902844258347678,0.003567113258277598,0.0,0.0,0.0,0.0,0.0,9.999999999999998e-05,0.0001,0.0001,0.0001,4.135263320862086e-20,0.0,0.0,0.0,0.0,0.0,0.04904446021113836,0.0474078407605959,0.034484467886130556,0.06690320406103148,0.011998759659488236,0.03264666666666667,0.0,0.0,0.030660000000000433,0.09973224752005896,32.91423392853391,32.72690754201335,30.706309291741007,35.18157260472954,1.7677412250621436,8.031745166913165,7.732072519342827,6.85109023476198,9.643136933887073,1.1175772850804968,76.66780135103907,76.38146397200342,73.27084838869352,80.58612959546109,3.183895273523876,0.0006685873646875635,0.0007226003283983,0.00037387237572426005,0.0009043687768892503,0.0002916448047055013,13.463758186273598,13.309445771531212,10.705423772753363,15.971334925837454,1.9323276176400241,0.0,0.0,0.0,0.0,0.0,0.5666666666666667,1.0,0.0,1.0,0.5040069329937308,1.0,1.0,1.0,1.0,0.0,0.0625,0.0625,0.0625,0.0625,0.0,0.0625,0.0625,0.0625,0.0625,0.0,399.33436666666677,403.2901,349.2886,450.8544,43.33580582715067,1.0,1.0,1.0,1.0,0.0,0.0,0.0,0.0,0.0,0.0,0.0,0.0,0.0,0.0,0.0,0.0006759483510372847,0.00041784571716434995,0.00011577530195718472,0.0017199284674732202,0.0006569193073465926,0.0918873183369232,0.09251217903350165,0.057580685653639024,0.12802879890982924,0.02769166752782579,0.06486841788789235,0.06432172532651675,0.04344248799434925,0.0873533882363761,0.017341929803281468,0.05025138812409303,0.049604311998732206,0.03519058310877444,0.06610856308107643,0.012135842252344297,0.14825312052969597,0.14711371315017274,0.10211569550944398,0.19897210969244902,0.03739380889188738,0.01091436350667137,0.01093307490329725,0.01017112460360671,0.01179735653862508,0.000645956186229051,0.00014666666666666666,0.0,0.0,0.000140000000000002,0.00044854810477679044,0.0,0.0,0.0,0.0,0.0,0.0,0.0,0.0,0.0,0.0,0.0,0.0,0.0,0.0,0.0
Sweep_AmplitudeStep_150pct,150.0,RA-EKF,Model-based,fast,30,0.0010253105889347068,0.0009226941568173,0.0007750115664849,0.0014110938511222603,0.0003096325614035545,0.0007089925617111068,0.00064009981078475,0.00057189566894228,0.0009736829612002001,0.00018000017031500953,0.011642829379569451,0.011507072093877399,0.009095282306737552,0.014241082838366712,0.0024221781248118376,0.0007382447593181001,0.0006736911916802001,0.0005255062549377501,0.0010212451388416403,0.00025919480013192857,0.0,0.0,0.0,0.0,0.0,9.999999999999998e-05,0.0001,0.0001,0.0001,4.135263320862086e-20,0.0,0.0,0.0,0.0,0.0,0.0029237268396655933,0.0026572698556797,0.00214612678267085,0.004037418377725211,0.0009521100799812686,0.0,0.0,0.0,0.0,0.0,2.033975263917872,2.003257492351196,1.8161975142039206,2.3027144822975742,0.16870421253568063,0.5557358742984093,0.5544657129885571,0.5327336109758977,0.5812169727809459,0.02094063469424632,53.5420321777314,52.843405511013714,49.73257774841234,58.520234388511405,3.376800600244054,3.5948065776887025e-05,3.619654740305755e-05,1.4673675693471171e-05,5.178998652198054e-05,1.71189784632118e-05,15.383018844632087,15.1901283262041,13.598781549173191,16.781475103235003,1.5368236361585994,0.0,0.0,0.0,0.0,0.0,1.0,1.0,1.0,1.0,0.0,1.0,1.0,1.0,1.0,0.0,0.0625,0.0625,0.0625,0.0625,0.0,0.0625,0.0625,0.0625,0.0625,0.0,440.57207999999997,435.5788,386.1316,493.8451,39.23690071883337,1.0,1.0,1.0,1.0,0.0,0.0,0.0,0.0,0.0,0.0,0.0,0.0,0.0,0.0,0.0,0.0007267765636445568,0.0004328451877891,0.00028081403669212,0.0013346118189403006,0.0006984185052950436,0.005298087415736327,0.0051135607017568,0.0039548921814091705,0.00678547318995817,0.001184244314481174,0.003336695629088403,0.0031912000887836,0.0024089159288806002,0.00441069264586513,0.000824408286534305,0.0024081864540975067,0.0022901708212353,0.0017339994769672098,0.00318773087098476,0.0005978441572146343,0.011513291623117252,0.011272946377282201,0.0090585425468312,0.014241082838366712,0.0024494879226493868,0.0006699713901998835,0.0006662135811229,0.00058780930060481,0.00079186380982626,7.857518373943178e-05,0.0,0.0,0.0,0.0,0.0,0.0,0.0,0.0,0.0,0.0,0.0,0.0,0.0,0.0,0.0,0.0,0.0,0.0,0.0,0.0
Sweep_AmplitudeStep_150pct,150.0,UKF,Model-based,fast,30,0.004027059179686624,0.00438095647760285,0.00227947551957557,0.00534795578114074,0.001340467613005428,0.0016280900999349564,0.00178233709194875,0.00093216453968268,0.00219367568079165,0.0004973926468035208,0.02810003013249935,0.029431412020869553,0.015797892600213644,0.03858105956934699,0.009313089736904314,0.003679824681973467,0.004033160153435749,0.00209077534400092,0.00495192492781929,0.0012552884338170403,0.0,0.0,0.0,0.0,0.0,9.999999999999998e-05,0.0001,0.0001,0.0001,4.135263320862086e-20,0.0,0.0,0.0,0.0,0.0,0.012667564145855497,0.013824975604868249,0.00718034693372998,0.016869501573272702,0.004241895640325782,0.0,0.0,0.0,0.0,0.0,5.283202863234138,5.300035674906667,4.985906403369711,5.551863670239854,0.21869684994762756,1.0059157637642888,1.01023346523923,0.9809407941098066,1.0264893810570241,0.016535815250162456,58.70061424256626,57.8869458130709,54.984490259126616,63.67913961883935,3.364279300684346,0.0001157967237307983,0.00011374626428465001,5.532721533057818e-05,0.00017456787246928,5.370844423183777e-05,14.457144356177741,14.17745310445716,11.862766883321298,17.70734959168935,2.632668673724337,0.0,0.0,0.0,0.0,0.0,1.0,1.0,1.0,1.0,0.0,1.0,1.0,1.0,1.0,0.0,0.0625,0.0625,0.0625,0.0625,0.0,0.0625,0.0625,0.0625,0.0625,0.0,403.3486733333333,403.2901,329.3216,467.05920000000003,52.403109738916456,1.0,1.0,1.0,1.0,0.0,0.0,0.0,0.0,0.0,0.0,0.0,0.0,0.0,0.0,0.0,0.00012448902552573198,0.0001171018091366,4.786349083559595e-05,0.00021936237175013,7.424923971372387e-05,0.018231382808456344,0.02020052744574595,0.00737386242172884,0.0264410652214526,0.0072949724874299664,0.01567942214741145,0.0166231854844403,0.005911172070315961,0.02258105384835103,0.006211445858466212,0.012677472701692035,0.01361686930286415,0.00505320796100332,0.017852862374687552,0.004846803310219519,0.027928976292870025,0.029431412020869553,0.01353003792246874,0.03858105956934699,0.009578817461973945,0.002240901138935096,0.00206995942279365,0.0013855683772473501,0.0033547578027830704,0.0007379797843640523,0.0,0.0,0.0,0.0,0.0,0.0,0.0,0.0,0.0,0.0,0.0,0.0,0.0,0.0,0.0,0.0,0.0,0.0,0.0,0.0
Sweep_AmplitudeStep_150pct,150.0,IPDFT,Window-based,fast,30,0.01369568460721814,0.016026240842529002,0.0034678533549986497,0.020501516068321672,0.006351409618217422,0.00324211572823368,0.003736184174432,0.0008566463896977001,0.00477178276937981,0.001455352149996574,0.11589634301392684,0.13638719521848935,0.0330368180177011,0.1735154141585511,0.052465984304145466,0.01330590308427672,0.01557781728439665,0.00337683873560077,0.01993531633493398,0.006183544460592694,0.0,0.0,0.0,0.0,0.0,9.999999999999998e-05,0.0001,0.0001,0.0001,4.135263320862086e-20,0.0,0.0,0.0,0.0,0.0,0.04315982498106398,0.050497731213054994,0.01091938796184088,0.0645870852918629,0.02000450240427785,0.0,0.0,0.0,0.0,0.0,9.894973921821778,11.457192710562225,3.1630892890763813,14.790393396070911,4.3102729083602735,1.236300349562961,1.436995830941085,0.38878806275523753,1.836440208167507,0.5395057809302821,59.37560363982142,60.30812333988592,51.43447921219642,65.55210184646445,5.734828112571097,0.0006767853035342334,0.0007702105494902501,0.00028154009675412,0.00101466296914309,0.00026806187070923013,15.720577251881066,15.768799881488064,12.15210266096328,19.41443067977705,2.6510803783429373,66.59999999999998,66.60000000000001,66.60000000000001,66.60000000000001,4.336137871936283e-14,0.4666666666666667,0.0,0.0,1.0,0.507416263404925,1.0,1.0,1.0,1.0,0.0,0.0625,0.0625,0.0625,0.0625,0.0,0.0625,0.0625,0.0625,0.0625,0.0,423.1290466666667,403.2901,368.1722,495.19694000000004,51.43625467191695,1.0,1.0,1.0,1.0,0.0,0.0,0.0,0.0,0.0,0.0,0.0,0.0,0.0,0.0,0.0,0.0004116804330346666,0.00034760632201825,0.00021914911805248,0.0006276953235985201,0.00019386086538357878,0.022731331442744838,0.02455950126703335,0.0069524000518886705,0.0352711199268963,0.0109709010307153,0.06301710690988648,0.07377460325004635,0.01869051337652118,0.09423851442312539,0.02844157037482839,0.05524704908573548,0.06466235756256816,0.01405667623303184,0.08272388958781511,0.02562241472359728,0.11589634301392684,0.13638719521848935,0.0330368180177011,0.1735154141585511,0.052465984304145466,0.0006594457107383234,0.00073884515217835,0.00022994613051939,0.00098087310043069,0.0002859204523678656,0.0,0.0,0.0,0.0,0.0,0.0,0.0,0.0,0.0,0.0,0.0,0.0,0.0,0.0,0.0,0.0,0.0,0.0,0.0,0.0
Sweep_AmplitudeStep_150pct,150.0,TFT,Window-based,fast,30,0.008803058538259873,0.009537674672129601,0.00213549552935439,0.01345327385643366,0.004182369833855592,0.002435945276974237,0.0026605555578903,0.0006641118033917201,0.0036422267689979297,0.001112383448791826,0.057024323448615834,0.060447601786584856,0.016808751859816968,0.0868927491649209,0.02659112101370136,0.00845880850708831,0.00915906289472245,0.0020295324885689203,0.01294503892337885,0.004032825912993268,0.0,0.0,0.0,0.0,0.0,9.999999999999998e-05,0.0001,0.0001,0.0001,4.135263320862086e-20,0.0,0.0,0.0,0.0,0.0,0.027812370798239342,0.0301377442420577,0.00675270926909859,0.04249794305804883,0.013209891922341843,0.0,0.0,0.0,0.0,0.0,2.9574315640304625,3.2407919599641843,1.172508264275507,4.446864881707313,1.2919983783887614,0.45577451683314857,0.4855250120607324,0.1667054512429617,0.6797099901386986,0.19823532523823076,50.69754539678128,51.54217989303217,42.235280680467156,57.13937008303697,5.841492951130567,7.393849471641368e-05,7.81391386979357e-05,2.8509296189143447e-05,0.00011651500543621001,3.4347754936603453e-05,26.917871846625808,26.908227320704405,22.539257078310463,31.277197563098344,3.5268720770358346,83.30000000000003,83.3,83.3,83.3,1.4453792906454277e-14,1.0,1.0,1.0,1.0,0.0,1.0,1.0,1.0,1.0,0.0,0.0625,0.0625,0.0625,0.0625,0.0,0.0625,0.0625,0.0625,0.0625,0.0,514.6277633333333,513.9465,450.8544,572.47279,45.940443207862245,1.0,1.0,1.0,1.0,0.0,0.0,0.0,0.0,0.0,0.0,0.0,0.0,0.0,0.0,0.0,0.00022998976694696578,0.0002111036600714,9.261617726634804e-05,0.00034045179404000017,0.00014043130611715663,0.0082571512076917,0.00873993911877,0.00218917456882875,0.01259302921703093,0.004027963756958321,0.037539515535569515,0.04081232652170805,0.00859193423499382,0.057800278914786084,0.01820221389827185,0.032030319265952,0.03499869783343085,0.00760328186025597,0.049063045241713246,0.015325286185876318,0.05671923588323198,0.060447601786584856,0.01226217011038171,0.0868927491649209,0.027089717478661443,0.00070409064622273,0.00074785618211425,0.00017061338922134001,0.00106515527477095,0.0003344969318960741,0.0,0.0,0.0,0.0,0.0,0.0,0.0,0.0,0.0,0.0,0.0,0.0,0.0,0.0,0.0,0.0,0.0,0.0,0.0,0.0
Sweep_AmplitudeStep_200pct,200.0,RLS,Adaptive,fast,30,1.7335202989327214,1.8277431938594666,1.1138217712711185,2.0901922872264396,0.4397434289258044,1.0500816724947208,1.0063682196752055,0.5077055186705121,1.7365716579207204,0.44261720337498417,6.903702023020041,7.768181627426749,2.773376618978575,8.972229206899911,2.240616589946544,1.322825866006144,1.4056329887352863,0.7343477007806629,1.7507903101262523,0.3940527544791407,0.8442600000000001,0.7111000000000001,0.32887,1.3172,0.4150217132666177,9.999999999999998e-05,0.0001,0.0001,0.0001,4.135263320862086e-20,0.61507,0.33355,0.23742,1.1067900000000002,0.40501114769672786,5.018559270513152,5.247406414507163,3.3742827501374397,6.356052127923968,1.2964232970356488,1.4131133333333337,1.6501,0.78912,1.6501,0.3440409986929016,198.14480506513374,199.147619215454,188.77859518786087,204.91849643054928,9.834910817662484,31.937135983988348,33.911947204416016,22.40711130248346,36.70308695127656,5.66753302471945,88.57014551868002,89.26810019276606,84.94906418917103,92.26970607599077,3.711820451839539,0.012876812460216549,0.01234081097208085,0.004378119733897671,0.01986103764615573,0.006264428110734567,14.225675734064158,13.888117326815175,13.598781549173191,15.074394015147305,0.7409183270765287,0.0,0.0,0.0,0.0,0.0,0.0,0.0,0.0,0.0,0.0,0.0,0.0,0.0,0.0,0.0,0.0625,0.0625,0.0625,0.0625,0.0,0.0625,0.0625,0.0625,0.0625,0.0,423.26699333333335,427.66235,386.1316,465.6275,33.60149135189804,1.0,1.0,1.0,1.0,0.0,0.0,0.0,0.0,0.0,0.0,0.0,0.0,0.0,0.0,0.0,0.2814363536694602,0.11830305189930486,0.022671444414604402,0.7619524890868787,0.34565416968324664,1.7071149601164044,1.8186201136905629,1.1484185189361131,1.9656028734947633,0.44024081612531996,4.400766858874253,4.783254202598689,2.105131983659998,5.159176284686222,1.1215648592886198,5.169801995192633,5.649074958689074,2.139926967294398,6.757936644855749,1.6847258156759992,6.893130077090102,7.768181627426749,2.5815983301311576,8.972229206899911,2.2613286804081234,1.1467460789451311,1.1210396586620508,0.6352409967669878,1.5909287190354235,0.4630573666197843,1.0631133333333334,1.26845,0.42518,1.33543,0.351015258272671,0.0,0.0,0.0,0.0,0.0,0.0,0.0,0.0,0.0,0.0,0.0,0.0,0.0,0.0,0.0
Sweep_AmplitudeStep_200pct,200.0,TKEO,Adaptive,fast,30,10.23491158168237,10.1597487866297,9.118539001237473,11.442139512817418,0.986540514456337,9.46427191595443,9.297445391422817,8.356470423247423,10.79358784901707,1.028993555897421,14.503634924728914,14.549842564650213,13.476984728141515,15.489679219068007,0.8781022831082519,3.878701292055617,3.8958522797060953,3.522626578766579,4.15905247688631,0.23620952060595526,1.6501000000000003,1.6501,1.6501,1.6501,0.0,9.999999999999998e-05,0.0001,0.0001,0.0001,4.135263320862086e-20,1.6501000000000003,1.6501,1.6501,1.6501,0.0,21.100375792121284,21.533657981609004,19.34400320402211,22.636192388762776,1.4115973554586505,1.6501000000000003,1.6501,1.6501,1.6501,0.0,298.347233957062,297.920071678881,273.87015631872384,325.6740518529284,19.969991432103562,69.53837258471367,67.72784128157164,59.225526302243104,83.55342888385482,9.291242950676814,95.36897188223287,94.76120479243605,90.1347060240725,101.88106313229554,4.501217972436691,0.07189734448893406,0.0723509654462629,0.06228498808636491,0.08134495400958926,0.007958430365056847,10.570400409853772,10.416087995111385,8.96940910690147,12.730774216247244,1.4250329363762821,0.30000000000000004,0.3,0.3,0.3,0.0,0.0,0.0,0.0,0.0,0.0,0.0,0.0,0.0,0.0,0.0,0.0625,0.0625,0.0625,0.0625,0.0,0.0625,0.0625,0.0625,0.0625,0.0,350.76982333333325,349.2886,305.7763,404.93568000000005,46.83159028728721,1.0,1.0,1.0,1.0,0.0,0.0,0.0,0.0,0.0,0.0,0.0,0.0,0.0,0.0,0.0,4.726373860666892,4.58592566339739,3.7353699296368714,6.200353566925124,0.9780920635914249,5.252686479122095,5.029779257640354,4.189895718114943,6.827771578510076,1.003690149603257,5.480648629761182,5.209258642816874,4.4003586923716504,7.142958222328378,1.0206522055851128,5.873553901679151,5.559497123933596,4.85500143410871,7.702920734600643,1.0563814651243666,6.628542694682681,6.3672268053105725,5.561544829311425,8.626016767098749,1.1463674374262194,9.132249552331176,8.935686616588834,7.621338261514165,10.752145907090918,1.2827304066882614,1.3000999999999998,1.3001,1.26146,1.33874,0.029342096392208514,0.0,0.0,0.0,0.0,0.0,0.0,0.0,0.0,0.0,0.0,0.0,0.0,0.0,0.0,0.0
Sweep_AmplitudeStep_200pct,200.0,PLL,Loop-based,fast,30,0.2219074207029845,0.1700929744370143,0.164514227983642,0.31892449892500113,0.1343678960926398,0.16636335211440004,0.14915094730278666,0.14685368768826296,0.19732888141172245,0.04376111467488901,1.1444712071589012,0.7948507562646938,0.5602270863298784,2.4225889314133466,0.8539818011269632,0.13637238649272396,0.08214037933206261,0.07401012156786531,0.2503513205573718,0.13860294482343968,0.025446666666666666,0.006500000000000001,0.00149,0.07740000000000002,0.03960129511408236,9.999999999999998e-05,0.0001,0.0001,0.0001,4.135263320862086e-20,0.017766666666666663,0.00385,0.00149,0.055080000000000025,0.033722788093240585,0.5754805115925721,0.3953618370491191,0.3689569736022391,0.948382843083838,0.45936295439351355,1.649016666666667,1.6491500000000001,1.6475000000000002,1.6501,0.0010167844288306825,185.01321307924752,183.4539590548889,175.67440034190975,200.94264172403342,8.772896566033664,122.50537689727948,122.57314044658617,122.05222965835758,122.8081424571897,0.27330602305255314,100.41359302048622,99.81459384997102,96.49833384697823,105.2526158998533,3.3756373595346343,0.006339336284553217,0.0048908505645958,0.00251993128191125,0.01288013016877751,0.004803898154732644,11.476985846465318,11.428763216858323,9.229811306779252,13.917050904579375,1.8955256686463688,0.0,0.0,0.0,0.0,0.0,0.0,0.0,0.0,0.0,0.0,0.0,0.0,0.0,0.0,0.0,0.0625,0.0625,0.0625,0.0625,0.0,0.0625,0.0625,0.0625,0.0625,0.0,352.85056999999995,349.2886,308.0607,386.1316,40.17668639851887,1.0,1.0,1.0,1.0,0.0,0.0,0.0,0.0,0.0,0.0,0.0,0.0,0.0,0.0,0.0,0.16165811310418274,0.1613619758116804,0.16114621607410842,0.16159683480466439,0.0015859654846807497,0.36838309036628697,0.34632871051249137,0.22975569988416578,0.5379152230024652,0.10629609966271926,0.25785562558883995,0.24691708492908515,0.190902501480809,0.34485478554249943,0.05343994493149385,0.21774976723999762,0.20903088955435023,0.17686861248305671,0.27369818879833474,0.033992798920536325,0.7198918128349249,0.7111541626171096,0.4418968846623009,0.9940010131927208,0.1854273786747187,0.1613478974732083,0.16134716417308653,0.16116203571476798,0.16153978811969483,0.00013828928021148833,1.2990166666666667,1.2988,1.25868,1.3387,0.029281794783570333,0.0,0.0,0.0,0.0,0.0,0.0,0.0,0.0,0.0,0.0,0.0,0.0,0.0,0.0,0.0
Sweep_AmplitudeStep_200pct,200.0,SOGI-FLL,Loop-based,fast,30,0.0158082150002199,0.014462519522715649,0.01258351121137195,0.02166407002502886,0.0033890383878930124,0.007856844565634133,0.00755758808552115,0.00682804085576338,0.009412960546285409,0.0010423518121590526,0.08747354552706807,0.08584143564413435,0.058772354047085404,0.1085720715951367,0.018657113597128145,0.013688277375754482,0.01274077909338105,0.010381125190054729,0.019478643309818622,0.0033507330973789507,0.0,0.0,0.0,0.0,0.0,9.999999999999998e-05,0.0001,0.0001,0.0001,4.135263320862086e-20,0.0,0.0,0.0,0.0,0.0,0.04892167669289769,0.04504434060024375,0.03825512531738457,0.06795327997289709,0.01102833294571975,0.0,0.0,0.0,0.0,0.0,5.398897345404663,5.507808863614017,4.576448951254974,6.668055235115489,0.7970338449590331,0.9865665110306777,0.961665095027995,0.7405509095263231,1.2817888974245861,0.18335795035588362,58.38322487143146,58.441012949895146,54.281868030798634,64.27365622878749,3.976220072723008,0.00035619073145890667,0.00036936852416565003,0.0001422896803247,0.00052721166312481,0.00013725282635005512,10.580044935775174,9.837416439827418,8.10140177397552,14.813991815269523,2.5707557628227877,0.0,0.0,0.0,0.0,0.0,0.6666666666666666,1.0,0.0,1.0,0.4794633014853841,1.0,1.0,1.0,1.0,0.0,0.0625,0.0625,0.0625,0.0625,0.0,0.0625,0.0625,0.0625,0.0625,0.0,343.0462133333334,339.3051,282.73236,404.93568000000005,55.34435580074824,1.0,1.0,1.0,1.0,0.0,0.0,0.0,0.0,0.0,0.0,0.0,0.0,0.0,0.0,0.0,0.003633779981393107,0.00361761947290465,0.00350176140238118,0.00378701078926529,0.00012522741123847128,0.052676841564185624,0.05767148750444985,0.01628171792764919,0.08105250891782993,0.023139382479854597,0.05075237687663643,0.04973766972480795,0.02912240092431518,0.07520244986802725,0.017906574781217172,0.05730716066624506,0.05571746545236225,0.04271797914757961,0.07960173750793503,0.012970099888316312,0.08747354552706807,0.08584143564413435,0.058772354047085404,0.1085720715951367,0.018657113597128145,0.004859143031720228,0.00482435438198435,0.00470267795456118,0.0050806824337963595,0.0001438018429301644,0.0,0.0,0.0,0.0,0.0,0.0,0.0,0.0,0.0,0.0,0.0,0.0,0.0,0.0,0.0,0.0,0.0,0.0,0.0,0.0
Sweep_AmplitudeStep_200pct,200.0,SOGI-PLL,Loop-based,fast,30,0.02791003039171142,0.02977778681422235,0.013371066251534012,0.0435003329507063,0.012203084218709708,0.00912275032696463,0.009350147521600901,0.0050901139332803205,0.01409475551106672,0.0036704880197953637,0.2955712883954874,0.28272270229143714,0.10154835231235772,0.49955914506000026,0.16791723538320708,0.026346609161302045,0.0277357333169108,0.01236318322253125,0.041098556430281694,0.011708945801085335,0.00018333333333333336,0.0,0.0,1.0000000000000143e-05,0.0008956151164320583,9.999999999999998e-05,0.0001,0.0001,0.0001,4.135263320862086e-20,0.00018333333333333336,0.0,0.0,1.0000000000000143e-05,0.0008956151164320583,0.08816257781087088,0.09410680095343396,0.04218121574482014,0.13755234275288142,0.03861294637956306,0.20572666666666664,0.32330000000000003,0.0,0.38875000000000004,0.1832496091793044,37.829876881497526,39.201952469340995,12.781581647766771,59.73763917982744,18.36494350500329,4.66566400659208,4.974277558954098,2.091659896750655,6.8000325179790995,1.7958771986546012,71.1825524485035,71.92140087756627,61.7854335225453,79.46839573822282,6.382480315070418,0.0019502609469653437,0.00194234698648985,0.0005865469262601601,0.0032736937441429,0.0011096349533123138,16.762186051392202,16.781475103235003,14.408921726570746,19.182962057663463,1.9176313772136244,0.0,0.0,0.0,0.0,0.0,0.16666666666666666,0.0,0.0,1.0,0.3790490217894516,0.9,1.0,0.9000000000000004,1.0,0.30512857662936466,0.0625,0.0625,0.0625,0.0625,0.0,0.0625,0.0625,0.0625,0.0625,0.0,433.43232,427.66235,386.1316,481.33456,38.18543447229856,1.0,1.0,1.0,1.0,0.0,0.0,0.0,0.0,0.0,0.0,0.0,0.0,0.0,0.0,0.0,0.00203760516610637,0.00185914387359755,0.00177915937329499,0.00216696332898525,0.0006327388712142118,0.17240306027326666,0.1706948855925789,0.033155698262646145,0.3328908407055133,0.10851423450013016,0.10466986438420359,0.1027588496529496,0.020125700916528693,0.20262653216430807,0.06604949012505543,0.07900047495435537,0.07643185334155539,0.01432590378380185,0.15545787511586123,0.051062148434264196,0.2680683764820543,0.27090922029789866,0.059115478614567216,0.49948519404911024,0.16131816951998487,0.00181448423014873,0.00179140694676275,0.00176528476290283,0.00190225413729051,5.425524486121944e-05,0.007033333333333334,0.0096,0.0,0.0141,0.006445706046414281,0.0,0.0,0.0,0.0,0.0,0.0,0.0,0.0,0.0,0.0,0.0,0.0,0.0,0.0,0.0
Sweep_AmplitudeStep_200pct,200.0,Type-3 SOGI-PLL,Loop-based,fast,30,0.04054588685499274,0.034402633977127256,0.01765330518054332,0.0677750716248514,0.02483824979122575,0.01245347845288266,0.01078184718528715,0.0056097727398933,0.02091742626647066,0.006182055229966964,0.3623895583603795,0.32179683474284104,0.18857151288050808,0.5800581512126273,0.20991523488280106,0.038545621019777675,0.03266867194202455,0.016737196609206743,0.0644432986546103,0.024123498340513503,0.002373333333333333,0.0,0.0,0.005890000000000007,0.0068741361003719454,9.999999999999998e-05,0.0001,0.0001,0.0001,4.135263320862086e-20,0.002373333333333333,0.0,0.0,0.005890000000000007,0.0068741361003719454,0.12809034151221582,0.10878786301136095,0.05582136256751372,0.21431042902524544,0.07844161182667525,0.20438,0.32685,0.0,0.3925,0.1797271733144051,19.506372050907814,20.936369656761045,11.737294013920872,26.31491165242394,5.531695678684644,4.271946517602954,4.5202169056846575,2.8305950084497504,5.369178090994759,0.909369907287615,71.0322575007585,70.82379055089902,65.35665733317018,77.3255941077624,4.379684087731527,0.0028442111822269737,0.00266096611955845,0.00140799402833428,0.0049469563934296705,0.0013487397140814483,9.268389410464852,9.25874488454345,8.680073329259486,9.837416439827418,0.48345523858387357,0.0,0.0,0.0,0.0,0.0,0.1,0.0,0.0,0.10000000000000142,0.30512857662936466,0.6666666666666666,1.0,0.0,1.0,0.479463301485384,0.0625,0.0625,0.0625,0.0625,0.0,0.0625,0.0625,0.0625,0.0625,0.0,329.3930666666666,329.3216,285.2167,368.1722,36.74912326846614,1.0,1.0,1.0,1.0,0.0,0.0,0.0,0.0,0.0,0.0,0.0,0.0,0.0,0.0,0.0,0.0027031898267229734,0.0026461959098807,0.00261008675097097,0.00271734863862707,0.00023361742081911822,0.16129747480518325,0.13345350498659353,0.05816739001824359,0.29991763071402266,0.08884585002150806,0.10638663272015518,0.09641621593477914,0.03959930913154461,0.1927941942241058,0.055242344209525604,0.07810929693327605,0.0712624595393556,0.02808110709259819,0.14245128059545878,0.04116700786607789,0.23504533619736706,0.22545528880413102,0.1113563223693752,0.4024220157442599,0.10684118704075278,0.0028187119686784727,0.0027621438046049997,0.0026057399580535303,0.0031848884994772502,0.00022426239934892955,0.007526666666666667,0.0056,0.0,0.01792,0.00801975721248009,0.0,0.0,0.0,0.0,0.0,0.0,0.0,0.0,0.0,0.0,0.0,0.0,0.0,0.0,0.0
Sweep_AmplitudeStep_200pct,200.0,ZCD,Loop-based,fast,30,0.007377557020349466,0.0068942543586705506,0.00358698613982746,0.01168010595866607,0.0029741494462046177,0.005154891724293593,0.00476605864312,0.00273753812178549,0.007891427915835652,0.0019502079615892202,0.02964649100898236,0.026657321165281148,0.01313702910694296,0.046597575991313506,0.015184085829504474,0.00525700334206927,0.0052037307421431995,0.0022946244768612904,0.00849434838383923,0.0022954678287815523,0.0,0.0,0.0,0.0,0.0,9.999999999999998e-05,0.0001,0.0001,0.0001,4.135263320862086e-20,0.0,0.0,0.0,0.0,0.0,0.020925901750501536,0.01998026744349735,0.00964089310266576,0.03351488251573522,0.008765151110343,0.0,0.0,0.0,0.0,0.0,38.85451006085934,38.437530075707826,19.717723923008634,54.60334122909316,13.58350843846362,6.966982191933394,6.592613716513586,3.4367448228668573,10.983516838803192,2.8353355621527174,74.70422701571549,75.24669054601637,72.7411686710054,76.07576057970122,1.3639962075951533,0.0010752003895549735,0.0009882597410748,0.00047691863191482,0.0020333261163783703,0.0006340582358807663,5.5841805084902685,5.208043997555691,4.8897746421495105,6.683656463529805,0.8397787364630268,16.699999999999996,16.7,16.7,16.7,7.226896453227138e-15,1.0,1.0,1.0,1.0,0.0,1.0,1.0,1.0,1.0,0.0,0.0625,0.0625,0.0625,0.0625,0.0,0.0625,0.0625,0.0625,0.0625,0.0,207.8432466666667,201.6955,164.6882,260.3733,58.91599271764861,1.0,1.0,1.0,1.0,0.0,0.0,0.0,0.0,0.0,0.0,0.0,0.0,0.0,0.0,0.0,0.013196380604745934,0.009781870133885099,0.00461844382826642,0.023542285242077573,0.008194980470828048,0.009384603127351265,0.0069314350892748,0.00314046389880395,0.016455111590787323,0.008600723802092522,0.007450972366364482,0.00586456419374305,0.0029847256839045802,0.013414864172080336,0.005341634156833012,0.006311545963190602,0.005288246030531549,0.00247426055437406,0.010075627278492625,0.004070272005660912,0.012194217531976359,0.00968674355790705,0.005262298785005681,0.0181453510116611,0.008875846821364101,0.004529706928717073,0.00437935097955725,0.0022567289585833303,0.006638421591855701,0.00197022973137867,0.0,0.0,0.0,0.0,0.0,0.0,0.0,0.0,0.0,0.0,0.0,0.0,0.0,0.0,0.0,0.0,0.0,0.0,0.0,0.0
Sweep_AmplitudeStep_200pct,200.0,EKF,Model-based,fast,30,0.006589863059827284,0.007020469457354151,0.00266996990578783,0.00935574613809974,0.002444871614287912,0.003090558574142807,0.0031682064246707003,0.0013419748151387101,0.0048570440594627295,0.0012479085761126646,0.02543465103885552,0.0245885195775912,0.010928620488967011,0.03697000088605686,0.009065825662800706,0.0058085272584194525,0.0059876612364294,0.0023082119823133805,0.00821592145565078,0.002135545949274669,0.0,0.0,0.0,0.0,0.0,9.999999999999998e-05,0.0001,0.0001,0.0001,4.135263320862086e-20,0.0,0.0,0.0,0.0,0.0,0.02051614034940129,0.02162801643550585,0.008266610762078951,0.02890662747067419,0.007585338899250986,0.0,0.0,0.0,0.0,0.0,2.309957489383526,2.4031582940153844,1.9209345326629543,2.64280965253505,0.2665421643586711,0.30642782955136566,0.31959148437988694,0.23963207158701594,0.3656925828864743,0.04900079138700253,48.2615440262163,47.85425841789421,43.96090608197609,53.50043211959723,3.592661421056417,0.00012156250163145695,0.000113595176141,5.431889807712772e-05,0.00019241430914288004,5.8694961834251863e-05,9.09478794387966,9.11407699572246,8.680073329259486,9.548080662185434,0.38507367740563436,0.0,0.0,0.0,0.0,0.0,1.0,1.0,1.0,1.0,0.0,1.0,1.0,1.0,1.0,0.0,0.0625,0.0625,0.0625,0.0625,0.0,0.0625,0.0625,0.0625,0.0625,0.0,321.1462233333333,308.0607,285.2167,368.1722,28.75876222207743,1.0,1.0,1.0,1.0,0.0,0.0,0.0,0.0,0.0,0.0,0.0,0.0,0.0,0.0,0.0,0.0011539252299904447,0.0011191751298248,9.739614308540888e-05,0.0025440237833947305,0.0009375172656986913,0.012462287839099678,0.0136868005136452,0.00429188566695195,0.018357634929495662,0.005307854198064968,0.010673493529620064,0.0118120122251925,0.00391457207185496,0.01575781686307115,0.004487292339908822,0.017118687678414218,0.01831257651593505,0.005627652174487661,0.026973092115747232,0.008037290913875497,0.023783258363408957,0.02439156019827845,0.007967030294184892,0.03697000088605686,0.010501633169810122,0.004252570453779208,0.0041084792141216995,0.00131926217867109,0.00695250847690807,0.0020639211515344298,0.0,0.0,0.0,0.0,0.0,0.0,0.0,0.0,0.0,0.0,0.0,0.0,0.0,0.0,0.0,0.0,0.0,0.0,0.0,0.0
Sweep_AmplitudeStep_200pct,200.0,LKF,Model-based,fast,30,0.006758320208780676,0.00646149175777815,0.0044027060834392,0.01161579052447934,0.0024336803557407035,0.00425592223667295,0.0041035926703107,0.00369265866119079,0.00540940669826882,0.0005921161766048215,0.06752204537415732,0.07041541773555685,0.02735923178958607,0.13632619147499972,0.03799977586325757,0.005109121918402868,0.00495867204955755,0.00235950757648247,0.01027921269769177,0.002661089303749367,0.0,0.0,0.0,0.0,0.0,9.999999999999998e-05,0.0001,0.0001,0.0001,4.135263320862086e-20,0.0,0.0,0.0,0.0,0.0,0.019583287991881693,0.0190549896275616,0.01079615194494748,0.036247437640448785,0.008570051299466853,0.0,0.0,0.0,0.0,0.0,6.948276128466564,5.957957164914873,5.392842472272008,10.863719855084497,1.9833706184472484,3.068934993342722,3.0488128710114046,2.968662125235364,3.246438623047838,0.08920112302896331,68.38690499848889,67.56126889618005,64.27384734381447,73.68332369738995,3.4463708107306035,0.0004436416118275969,0.00044058580327105,0.00014300830551317002,0.00085379569129684,0.00024534918809687647,10.65720114314637,10.416087995111385,9.80848286206322,11.573431105679315,1.5517778774415771,7.900000000000002,7.9,7.9,7.9,3.613448226613569e-15,1.0,1.0,1.0,1.0,0.0,1.0,1.0,1.0,1.0,0.0,0.0625,0.0625,0.0625,0.0625,0.0,0.0625,0.0625,0.0625,0.0625,0.0,353.46863333333323,349.2886,308.0607,387.84745000000004,45.7695382454941,1.0,1.0,1.0,1.0,0.0,0.0,0.0,0.0,0.0,0.0,0.0,0.0,0.0,0.0,0.0,0.0038801113082998235,0.00388369286394675,0.00386096764247101,0.00390030545951814,1.9970384926256847e-05,0.04455421225314993,0.045810786585139554,0.01632610662607401,0.09178933433752647,0.02616282604718883,0.028304191884473563,0.028378784102923903,0.010636427556317779,0.05934500491540538,0.01661496914628808,0.020927999986878488,0.0208665291909349,0.008187644910143269,0.043490846858653814,0.01201032830836952,0.06749187134567379,0.07041541773555685,0.02735923178958607,0.13632619147499972,0.03804797398465241,0.00421018142680386,0.0041127027599506,0.00394138275437214,0.0048800709041201505,0.0003180775339685765,0.0,0.0,0.0,0.0,0.0,0.0,0.0,0.0,0.0,0.0,0.0,0.0,0.0,0.0,0.0,0.0,0.0,0.0,0.0,0.0
Sweep_AmplitudeStep_200pct,200.0,LKF2,Model-based,fast,30,0.01958968663703056,0.019010481507515102,0.01410394171608573,0.026110519421604562,0.004456278705343483,0.008801624253090752,0.008467275154513,0.0071337194583762295,0.01131804258506198,0.0015812593349351532,0.19695348143182842,0.1952427169412338,0.1355745295902402,0.26515564239082323,0.049931186201512656,0.017473934134424926,0.01699384433041705,0.01208892867517378,0.0234559512826275,0.004282477904015618,0.0,0.0,0.0,0.0,0.0,9.999999999999998e-05,0.0001,0.0001,0.0001,4.135263320862086e-20,0.0,0.0,0.0,0.0,0.0,0.061223426656365695,0.05959594838455115,0.04353167504302196,0.0818380338348593,0.014257001666786524,0.16435000000000005,0.0,0.0,0.37776000000000004,0.17979428426724922,43.14250538897173,42.97241011962605,40.32913024251883,46.11694817838341,2.275526875575104,10.249209016934145,9.821334849720454,8.617574832357153,12.471922367057076,1.5418446599612485,78.77214342636896,78.50483090360132,75.26061215498149,82.57213590830247,3.181381816391665,0.0008759103465705067,0.0009331551007759999,0.00047375111730493,0.0011964332238250102,0.00035278904347437124,10.86938071341716,10.560755883932373,10.1267522174694,11.341962483565728,1.554751465466219,0.0,0.0,0.0,0.0,0.0,0.3,0.0,0.0,1.0,0.46609159969939895,1.0,1.0,1.0,1.0,0.0,0.0625,0.0625,0.0625,0.0625,0.0,0.0625,0.0625,0.0625,0.0625,0.0,361.2850866666667,368.1722,308.0607,386.1316,38.158600775074824,1.0,1.0,1.0,1.0,0.0,0.0,0.0,0.0,0.0,0.0,0.0,0.0,0.0,0.0,0.0,0.0006759483510372847,0.00041784571716434995,0.00011577530195718472,0.0017199284674732202,0.0006569193073465926,0.12129730399133869,0.12213853882192045,0.0761046089313284,0.1688955215472882,0.03649912558230817,0.08450958160243334,0.08374258583974985,0.05668289546552374,0.1138237090428889,0.02252208172410575,0.06576827070033071,0.06497229594350029,0.04589047728041827,0.08684261734481373,0.01605630492426027,0.19695348143182842,0.1952427169412338,0.1355745295902402,0.26515564239082323,0.049931186201512656,0.012934907127104956,0.01296152130086935,0.012128184650374291,0.01385396517415358,0.000668134415111912,0.0034599999999999995,0.0,0.0,0.00965,0.004279993554619703,0.0,0.0,0.0,0.0,0.0,0.0,0.0,0.0,0.0,0.0,0.0,0.0,0.0,0.0,0.0
Sweep_AmplitudeStep_200pct,200.0,RA-EKF,Model-based,fast,30,0.0011109772281162568,0.0010206875589912,0.00091520414394646,0.0013961458966283103,0.0002775783019722641,0.0008248341005870966,0.00076041511201155,0.00070435538633925,0.0010511006838106502,0.00017369440294711432,0.011406740376761775,0.01149574991380925,0.008573644393035769,0.0146139352564915,0.002369365043899503,0.0007425731041582233,0.00067016601944975,0.0005773615868092001,0.0009185352369621904,0.0002224199090009124,0.0,0.0,0.0,0.0,0.0,9.999999999999998e-05,0.0001,0.0001,0.0001,4.135263320862086e-20,0.0,0.0,0.0,0.0,0.0,0.0030525534130618967,0.0027644405511507,0.00244219187186945,0.003806706394697311,0.0008367543668787662,0.0,0.0,0.0,0.0,0.0,2.544156209279317,2.491485350937239,2.1627011133205087,2.991996126212371,0.31987992533496745,0.6903224359316773,0.6885618730342622,0.6637657921305978,0.7205172108460296,0.025573700168456108,55.4259085264281,54.7715905492709,51.560400434800094,60.550116421874286,3.413712171581363,2.5564185961480665e-05,2.3154121200637907e-05,1.0767706798833738e-05,4.783246458548231e-05,1.654067145937502e-05,14.360699096963751,12.730774216247244,12.15210266096328,18.025618947095534,2.8988233882801295,0.0,0.0,0.0,0.0,0.0,1.0,1.0,1.0,1.0,0.0,1.0,1.0,1.0,1.0,0.0,0.0625,0.0625,0.0625,0.0625,0.0,0.0625,0.0625,0.0625,0.0625,0.0,403.34041,403.2901,368.1722,453.76341,42.67388562495762,1.0,1.0,1.0,1.0,0.0,0.0,0.0,0.0,0.0,0.0,0.0,0.0,0.0,0.0,0.0,0.0007267765636445568,0.0004328451877891,0.00028081403669212,0.0013346118189403006,0.0006984185052950436,0.00543101200087276,0.00535871096986475,0.0045579360222797105,0.006384925555450321,0.0007370687603257851,0.0033176651235672034,0.0032819947098466,0.0027591523954555402,0.0038954904059299205,0.00047864967979569217,0.002393007648466483,0.0023724055830984,0.00198757223754017,0.0027903250166151504,0.00034913769351846495,0.011272111858278037,0.01129343016296855,0.008573644393035769,0.0146139352564915,0.0023889252176727657,0.0008152223418197468,0.00078889097075685,0.0007755403057507,0.0009092435003445101,5.222163220662699e-05,0.0,0.0,0.0,0.0,0.0,0.0,0.0,0.0,0.0,0.0,0.0,0.0,0.0,0.0,0.0,0.0,0.0,0.0,0.0,0.0
Sweep_AmplitudeStep_200pct,200.0,UKF,Model-based,fast,30,0.005195980612597548,0.005737198362893849,0.00295370624945134,0.0070396546129156,0.0017968622308532963,0.001996340420782087,0.0021955751186327503,0.00115908429799197,0.00260429041854094,0.0006047640642368128,0.03701942756373996,0.03889083178814795,0.01801655852972881,0.050953381674497596,0.012509917388223251,0.004792417756452398,0.0052931054000022,0.0027065435011938903,0.00657844893317155,0.001705906572101077,0.0,0.0,0.0,0.0,0.0,9.999999999999998e-05,0.0001,0.0001,0.0001,4.135263320862086e-20,0.0,0.0,0.0,0.0,0.0,0.016373593690139458,0.01810721021649485,0.009299369270557441,0.02224008040221891,0.005698929950771252,0.0,0.0,0.0,0.0,0.0,7.191208890798014,7.2304228616904,6.743511598742202,7.572425329327004,0.3189988620158192,1.3612830330391383,1.3670738964009224,1.327566398188265,1.3892790808533904,0.022556583761984557,61.328393074407536,60.51479245026185,57.61418449393623,66.30872211912495,3.3640455742716457,0.00015092752796023155,0.00016157237185754998,6.070102445531197e-05,0.0002196573410922,6.510060474831329e-05,11.042982180002348,10.994759550395347,10.387154417347187,11.920634038849695,0.7639376522949314,0.0,0.0,0.0,0.0,0.0,1.0,1.0,1.0,1.0,0.0,1.0,1.0,1.0,1.0,0.0,0.0625,0.0625,0.0625,0.0625,0.0,0.0625,0.0625,0.0625,0.0625,0.0,358.57986,368.1722,308.0607,387.84745000000004,33.70723102776368,1.0,1.0,1.0,1.0,0.0,0.0,0.0,0.0,0.0,0.0,0.0,0.0,0.0,0.0,0.0,0.00012448902552573198,0.0001171018091366,4.786349083559595e-05,0.00021936237175013,7.424923971372387e-05,0.024160470915107913,0.0267060252516707,0.0098005399995639,0.03505404258935036,0.009634102793230086,0.020097601384027906,0.02119564870466365,0.00791310282910301,0.02877550524540386,0.007791120899238229,0.017322393914665005,0.01874271551257,0.0068518577926868105,0.0242954393127641,0.006647240145137249,0.03697593181583344,0.03889083178814795,0.01801655852972881,0.050953381674497596,0.01258613405529935,0.002381915194072683,0.0021875670672375502,0.0017605216729134402,0.0033164791797696,0.0006002579357942637,0.0,0.0,0.0,0.0,0.0,0.0,0.0,0.0,0.0,0.0,0.0,0.0,0.0,0.0,0.0,0.0,0.0,0.0,0.0,0.0
Sweep_AmplitudeStep_200pct,200.0,IPDFT,Window-based,fast,30,0.016310196039545883,0.01917062382336675,0.00423207085629368,0.02455340797292791,0.007563942650779775,0.0038405781807107336,0.0044678572761369505,0.00099585406272777,0.00570520472454896,0.001742378008896543,0.1364292591462463,0.16060174615239825,0.04077899705325542,0.20573374082290807,0.06170820832752989,0.015851206505861755,0.018642269225317303,0.0041262831299371605,0.02388136503002453,0.007361348881962951,0.0,0.0,0.0,0.0,0.0,9.999999999999998e-05,0.0001,0.0001,0.0001,4.135263320862086e-20,0.0,0.0,0.0,0.0,0.0,0.05139419769829618,0.06039650907936895,0.0133189040146751,0.07734929981462264,0.023825143685891954,0.09897333333333334,0.0,0.0,0.38204,0.16766304865729204,11.717769691282834,13.487310033868383,3.9721912339114596,17.699714359999064,5.063823295191424,1.4753371664908335,1.7147409207563333,0.4772312693302682,2.205515211380204,0.6425066153789768,60.91983188403451,61.78029850540047,53.041643308239436,67.07024593696745,5.737035514344358,0.0008203175794577266,0.0009366737735605,0.00034428870317348997,0.0012196682084728101,0.0003290688770330134,13.955629008264973,13.888117326815175,12.730774216247244,15.334796215025094,1.0710231473606544,66.59999999999998,66.60000000000001,66.60000000000001,66.60000000000001,4.336137871936283e-14,0.4,0.0,0.0,1.0,0.4982728791224399,1.0,1.0,1.0,1.0,0.0,0.0625,0.0625,0.0625,0.0625,0.0,0.0625,0.0625,0.0625,0.0625,0.0,400.7720733333333,403.2901,329.3216,452.33171000000004,45.70485684489524,1.0,1.0,1.0,1.0,0.0,0.0,0.0,0.0,0.0,0.0,0.0,0.0,0.0,0.0,0.0,0.0004116804330346666,0.00034760632201825,0.00021914911805248,0.0006276953235985201,0.00019386086538357878,0.030262999230288346,0.0325064768615088,0.00917831747089233,0.0469087235476943,0.014581196420891408,0.07427311129428524,0.08708600517431934,0.02277955694228602,0.11183394870905433,0.03348589198682882,0.06578884637099221,0.0773420260143696,0.01715983098177384,0.09906112901265834,0.030503799869971725,0.1364292591462463,0.16060174615239825,0.04077899705325542,0.20573374082290807,0.06170820832752989,0.0007731609285794499,0.0008843233073728,0.0002067683046671,0.00117109267203866,0.0003538876962400435,0.006753333333333333,0.0,0.0,0.0255,0.011401080811842396,0.0,0.0,0.0,0.0,0.0,0.0,0.0,0.0,0.0,0.0,0.0,0.0,0.0,0.0,0.0
Sweep_AmplitudeStep_200pct,200.0,TFT,Window-based,fast,30,0.011300355772993148,0.01230633727939135,0.00271413873404084,0.01728275738003869,0.005374383136256705,0.003037787421762314,0.003335766834772,0.00080802554551724,0.004569964674542131,0.0014024916550187338,0.07707768907199385,0.0820490718763409,0.016808751859816968,0.11799670379731135,0.03669789792997574,0.010884049287076664,0.0118456077166307,0.00259102138135984,0.01666230593921307,0.005188894324852957,0.0,0.0,0.0,0.0,0.0,9.999999999999998e-05,0.0001,0.0001,0.0001,4.135263320862086e-20,0.0,0.0,0.0,0.0,0.0,0.035689935282992476,0.038872589984664155,0.008581089689596949,0.05457615077535465,0.016968509789372324,0.0,0.0,0.0,0.0,0.0,4.168925746816043,4.52900663296063,1.5364955970120775,6.266117659023963,1.8339910344675114,0.6225897625650331,0.6708666508587033,0.20243169213570256,0.9363482430228648,0.2774606126339177,53.33222394141193,54.317429196810856,44.392541951637746,59.934668612238035,5.976476008083823,9.488528012067847e-05,9.691199418985098e-05,3.558214925523791e-05,0.00014909016207748,4.26229101390695e-05,16.414983118221826,16.492139325593023,14.98759328185471,17.96775179156714,1.2250367753901337,83.30000000000003,83.3,83.3,83.3,1.4453792906454277e-14,0.7333333333333333,1.0,0.0,1.0,0.4497764451088037,1.0,1.0,1.0,1.0,0.0,0.0625,0.0625,0.0625,0.0625,0.0,0.0625,0.0625,0.0625,0.0625,0.0,415.07992666666667,403.2901,366.28384,479.9445,46.42573020921238,1.0,1.0,1.0,1.0,0.0,0.0,0.0,0.0,0.0,0.0,0.0,0.0,0.0,0.0,0.0,0.00022998976694696578,0.0002111036600714,9.261617726634804e-05,0.00034045179404000017,0.00014043130611715663,0.011096901460002117,0.01178893516031005,0.0029670025385093004,0.01699139933854541,0.005406339730878368,0.05031032509822896,0.05449238270917875,0.0112356300258439,0.07744241029907056,0.024350099887231663,0.04226183659693714,0.04632304554713815,0.010114974734810241,0.064717412126377,0.02017247292199891,0.07704960478149109,0.0820490718763409,0.01647366718009873,0.11799670379731135,0.03674577937458425,0.0007773564728700301,0.00082792061271545,0.00016740485378423,0.0011833078241308501,0.0003731311050623154,0.0,0.0,0.0,0.0,0.0,0.0,0.0,0.0,0.0,0.0,0.0,0.0,0.0,0.0,0.0,0.0,0.0,0.0,0.0,0.0
Sweep_AmplitudeStep_250pct,250.0,RLS,Adaptive,fast,30,1.8524795742331928,1.9845144734386233,1.262408860604172,2.2666421284950404,0.4306061260272262,1.2025685949409946,1.2703764090821787,0.7086699634377694,1.7490949126403068,0.42990943500794004,7.077342179500636,8.09846829763677,2.7245958869418687,9.311988621707478,2.323709247983696,1.351978890558843,1.4572845227695672,0.8060724629245676,1.826855025491881,0.40459680642542317,0.9652566666666667,1.0590000000000002,0.5254800000000001,1.33986,0.36543790706430584,9.999999999999998e-05,0.0001,0.0001,0.0001,4.135263320862086e-20,0.7106866666666666,0.7728,0.27874000000000004,1.11246,0.3954628826327824,5.258505266617524,5.615710780911603,3.8318580502593105,6.664904019227789,1.3097912979334974,1.5381900000000002,1.6501,1.23921,1.6501,0.22702815312278968,199.7921953394671,200.6126133774178,198.1682615112987,204.91849643054928,7.483958288096901,32.858019516524415,34.7633426517377,22.145806273368628,37.77620343576301,5.842508969181067,88.81767839686658,89.61068162488256,85.49171926602607,92.8929972037449,3.5617582466710043,0.013091272839965215,0.012359915691639,0.00350044005986545,0.02247263435397305,0.007384067034115687,14.408921726570748,14.17745310445716,13.569847971408993,15.363729792789291,0.8938943316305894,0.0,0.0,0.0,0.0,0.0,0.0,0.0,0.0,0.0,0.0,0.0,0.0,0.0,0.0,0.0,0.0625,0.0625,0.0625,0.0625,0.0,0.0625,0.0625,0.0625,0.0625,0.0,423.45430000000005,419.7459,386.1316,452.33171000000004,31.073426445581532,1.0,1.0,1.0,1.0,0.0,0.0,0.0,0.0,0.0,0.0,0.0,0.0,0.0,0.0,0.0,0.2814363536694602,0.11830305189930486,0.022671444414604402,0.7619524890868787,0.34565416968324664,1.7114481934390333,1.8186201136905629,1.1684576115892273,1.9656028734947633,0.43343690212701363,4.420980066987371,4.787649256209074,2.1319144287013385,5.162724853405734,1.0941476694001733,5.3149897253499985,5.966705641826513,2.2178420863914114,6.868967398886148,1.740912561181474,7.071285508809811,8.09846829763677,2.625577430248858,9.311988621707478,2.3356400310769865,1.2700282225460457,1.2553820727224791,0.7164613542747996,1.7031728313151349,0.44829865845717987,1.1881899999999999,1.2784499999999999,0.85485,1.33543,0.2262269890755895,0.0,0.0,0.0,0.0,0.0,0.0,0.0,0.0,0.0,0.0,0.0,0.0,0.0,0.0,0.0
Sweep_AmplitudeStep_250pct,250.0,TKEO,Adaptive,fast,30,10.415999817638285,10.330597168599994,9.451096185675445,11.522538751323111,0.8875997117067015,9.625652996030144,9.495167341730415,8.541411755861919,10.854227662542948,0.9443849665093919,14.690934973080713,14.721881530099523,13.833168598858206,15.54415778146754,0.7882041032014021,3.9598215841816558,3.961949950225323,3.669256458909897,4.21321752989049,0.24727667664100206,1.6501000000000003,1.6501,1.6501,1.6501,0.0,9.999999999999998e-05,0.0001,0.0001,0.0001,4.135263320862086e-20,1.6501000000000003,1.6501,1.6501,1.6501,0.0,21.50511774857511,21.502492319484553,20.243489529717596,22.779835394844504,1.2316790728027516,1.6501000000000003,1.6501,1.6501,1.6501,0.0,305.5863266857942,300.76177036020727,279.87271360316686,336.54176681281456,22.27516544326649,72.67300793897068,71.04312583038015,61.920436174927815,88.19463715414891,9.75834564977832,95.75433435199673,95.11897357150984,90.53408502283662,102.355596172179,4.507948935179777,0.07267748394396413,0.07158698480923414,0.06142694278106475,0.08354945571180607,0.008178547240560247,9.982084328648408,10.1267522174694,8.390737551617502,11.602364683443515,1.3480345015641697,0.30000000000000004,0.3,0.3,0.3,0.0,0.0,0.0,0.0,0.0,0.0,0.0,0.0,0.0,0.0,0.0,0.0625,0.0625,0.0625,0.0625,0.0,0.0625,0.0625,0.0625,0.0625,0.0,314.0581133333333,318.69115,282.73236,368.1722,41.77535059867928,1.0,1.0,1.0,1.0,0.0,0.0,0.0,0.0,0.0,0.0,0.0,0.0,0.0,0.0,0.0,4.726373860666892,4.58592566339739,3.7353699296368714,6.200353566925124,0.9780920635914249,5.259347871539789,5.014417408305603,4.202584943546832,6.800198003052135,0.9977645275454778,5.514744841830942,5.232300857899107,4.436358000013738,7.140106700285849,0.9884272684055013,5.939620498054621,5.703326033735507,4.872012807729009,7.705437699215284,1.0190279473811497,6.735366845861125,6.610918067276003,5.6393158938927055,8.606930712418412,1.1055121668129002,9.366187999263811,9.10498085276911,8.048719447882675,11.09438623658219,1.2529940754381867,1.3000999999999998,1.3001,1.26146,1.33874,0.029342096392208514,0.0,0.0,0.0,0.0,0.0,0.0,0.0,0.0,0.0,0.0,0.0,0.0,0.0,0.0,0.0
Sweep_AmplitudeStep_250pct,250.0,PLL,Loop-based,fast,30,0.2229948957513961,0.17282001448545886,0.16505058100727954,0.32032384389749,0.13410997128629426,0.16676539230438875,0.1497753000350457,0.1471034624743836,0.19810927064324252,0.04371802803926674,1.188822068480035,0.8612732184619141,0.5729015434064764,2.4225889314133466,0.8383682057179781,0.13783301276766496,0.0850869949476423,0.07477064572885563,0.2515203376062217,0.1381771696078337,0.02622333333333333,0.008,0.0018800000000000002,0.07868000000000001,0.03951798092124589,9.999999999999998e-05,0.0001,0.0001,0.0001,4.135263320862086e-20,0.018013333333333336,0.004399999999999999,0.0018800000000000002,0.055080000000000025,0.03361615717164152,0.5802644306073839,0.40590109423887877,0.3714548567192134,0.9526702834619079,0.4580473005620882,1.649016666666667,1.6491500000000001,1.6475000000000002,1.6501,0.0010167844288306825,187.06741778124504,186.79321295286934,176.02070088419987,201.46557542951092,9.180281038839155,122.6596655243245,122.76951808956139,122.09387806005059,123.01497674831958,0.341494018040262,100.42451414966574,99.82022937800826,96.50307394319678,105.27002826870535,3.3772755106889107,0.006808452163732464,0.00560688130642405,0.00300102994092021,0.01275488490136549,0.004823427176693011,9.982084328648408,9.11407699572246,8.072468196211322,13.309445771531216,2.4793735432380126,0.0,0.0,0.0,0.0,0.0,0.0,0.0,0.0,0.0,0.0,0.0,0.0,0.0,0.0,0.0,0.0625,0.0625,0.0625,0.0625,0.0,0.0625,0.0625,0.0625,0.0625,0.0,317.91511999999994,318.69115,260.3733,369.96814,54.40231093732742,1.0,1.0,1.0,1.0,0.0,0.0,0.0,0.0,0.0,0.0,0.0,0.0,0.0,0.0,0.0,0.16165811310418274,0.1613619758116804,0.16114621607410842,0.16159683480466439,0.0015859654846807497,0.40777119820518154,0.3774727496933272,0.24319588986952734,0.6213898214761708,0.13211114705673344,0.2790128529311319,0.2628545558170927,0.19699924010532174,0.39189871843134905,0.06843950782447687,0.23126387060645162,0.21879673105959596,0.1802716867303939,0.3051393414099803,0.044259780279448324,0.7918079856304615,0.7882292170865597,0.47817804893134974,1.1261990943640825,0.22194676122650003,0.16135199380025003,0.16135230720079347,0.16116243780231812,0.16153979449517092,0.00013988915605906,1.2990166666666667,1.2988,1.25868,1.3387,0.029281794783570333,0.0,0.0,0.0,0.0,0.0,0.0,0.0,0.0,0.0,0.0,0.0,0.0,0.0,0.0,0.0
Sweep_AmplitudeStep_250pct,250.0,SOGI-FLL,Loop-based,fast,30,0.017746796620513358,0.0162817160513443,0.014068210393448919,0.02442495165444648,0.0038538593446635636,0.008378337156720103,0.00801288308400175,0.0072370081857915,0.01015535140516201,0.0011694061469683284,0.10000991234226382,0.098420805416886,0.06812305278124733,0.12294754025181756,0.02088031860707423,0.015617425754581193,0.014574702254926651,0.01190631441022833,0.02216663058928886,0.0037897547896044016,0.0,0.0,0.0,0.0,0.0,9.999999999999998e-05,0.0001,0.0001,0.0001,4.135263320862086e-20,0.0,0.0,0.0,0.0,0.0,0.05523061442046382,0.05098167051596985,0.04321255439331564,0.07679734541300613,0.01246689330775342,0.0,0.0,0.0,0.0,0.0,6.152615065094717,6.254959915592551,5.20518607796383,7.569792471644021,0.8869378248819251,1.1498628156919593,1.1174402543957076,0.8591574977424921,1.4888565286858355,0.213543750359111,59.712738704879015,59.71693754977882,55.67961406645971,65.57367053113762,3.977653552534379,0.0004225012559724766,0.0004384167583505,0.00017066971306215,0.00061573375245868,0.0001581290352219779,9.26838941046485,8.96940910690147,8.10140177397552,10.734357350517563,1.1205497128626143,0.0,0.0,0.0,0.0,0.0,0.4,0.0,0.0,1.0,0.4982728791224399,1.0,1.0,1.0,1.0,0.0,0.0625,0.0625,0.0625,0.0625,0.0,0.0625,0.0625,0.0625,0.0625,0.0,325.0712866666666,329.3216,282.73236,387.84745000000004,44.03720518504179,1.0,1.0,1.0,1.0,0.0,0.0,0.0,0.0,0.0,0.0,0.0,0.0,0.0,0.0,0.0,0.003633779981393107,0.00361761947290465,0.00350176140238118,0.00378701078926529,0.00012522741123847128,0.061399808854554025,0.0671677286390311,0.019412687630794758,0.09463415617566635,0.02681919367676701,0.0585188929422721,0.05733256273970055,0.033682850711637416,0.08560761545398256,0.01999445662016242,0.0653218158232337,0.06331921920624045,0.04827848443983771,0.09074850573723453,0.014795706636671551,0.10000991234226382,0.098420805416886,0.06812305278124733,0.12294754025181756,0.02088031860707423,0.005020963980623529,0.0049739693258293,0.00483121090337365,0.005298025930442781,0.00017796019455265392,0.0,0.0,0.0,0.0,0.0,0.0,0.0,0.0,0.0,0.0,0.0,0.0,0.0,0.0,0.0,0.0,0.0,0.0,0.0,0.0
Sweep_AmplitudeStep_250pct,250.0,SOGI-PLL,Loop-based,fast,30,0.029182279463419485,0.03008107025464995,0.01367624048751273,0.046168694338925086,0.01289518886558,0.009398413124084713,0.0096372544766783,0.005120276130001451,0.01472902467986916,0.003806731392495339,0.3149268537369373,0.3012287934295621,0.10867550364998095,0.540395362743211,0.17742706003220415,0.027595270581096284,0.0280618747919278,0.0126652850830207,0.04349284623077707,0.012394847757662857,0.0006433333333333332,0.0,0.0,0.0036,0.0014789752587829024,9.999999999999998e-05,0.0001,0.0001,0.0001,4.135263320862086e-20,0.0006433333333333332,0.0,0.0,0.0036,0.0014789752587829024,0.09218422486737367,0.09502036968470676,0.043154000243641494,0.14596434897971144,0.04079401041174897,0.24205333333333334,0.33675,0.0,0.39936,0.17473149792700823,40.2846898291275,41.730549985086185,13.655775373891291,63.888404013832556,19.67000824713026,4.996534689903825,5.3707434662086,2.1898817660759233,7.326024493377357,1.9709112448837003,71.72164580210787,72.57718939628836,61.876219860825614,80.1121580853126,6.515132554835509,0.0020834602597709865,0.0020681310085257,0.0006333668298382101,0.0035641243070357598,0.0011823674136897722,10.77293545420316,9.548080662185434,8.10140177397552,17.21547876969798,3.416447124753536,0.0,0.0,0.0,0.0,0.0,0.16666666666666666,0.0,0.0,1.0,0.3790490217894516,0.8333333333333334,1.0,0.0,1.0,0.3790490217894516,0.0625,0.0625,0.0625,0.0625,0.0,0.0625,0.0625,0.0625,0.0625,0.0,336.5807666666667,329.3216,282.73236,421.32919000000004,58.33106336564702,1.0,1.0,1.0,1.0,0.0,0.0,0.0,0.0,0.0,0.0,0.0,0.0,0.0,0.0,0.0,0.00203760516610637,0.00185914387359755,0.00177915937329499,0.00216696332898525,0.0006327388712142118,0.1858752164286445,0.18135026800468074,0.035642044211501675,0.36219353499010215,0.11767583041725443,0.11287213636073805,0.10915253818125165,0.0216308768700183,0.22055306751436415,0.07165969760965187,0.08520420476365038,0.08103212678118266,0.015393680769263129,0.1693516395307221,0.05544939105312863,0.28797014094784334,0.2860760502347439,0.063710065751222,0.5403117568370448,0.17369192604515793,0.0018208173553502403,0.0017908582001086,0.00176387168403952,0.00192928820446477,6.421847251509049e-05,0.008193333333333334,0.0116,0.0,0.01431,0.006187469725921525,0.0,0.0,0.0,0.0,0.0,0.0,0.0,0.0,0.0,0.0,0.0,0.0,0.0,0.0,0.0
Sweep_AmplitudeStep_250pct,250.0,Type-3 SOGI-PLL,Loop-based,fast,30,0.04190299074551165,0.0361327162189996,0.01946124784883721,0.06932779993085172,0.024672937253221876,0.012807454396297518,0.01117824161440395,0.0059477658248605295,0.02130005889244229,0.006232722135183083,0.3782749951597772,0.3306549564631851,0.20014295967598197,0.5800581512126273,0.20611436485889476,0.039860354320818775,0.0343601008567729,0.01852941889433419,0.06587691491765561,0.023937245670814532,0.002373333333333333,0.0,0.0,0.005890000000000007,0.0068741361003719454,9.999999999999998e-05,0.0001,0.0001,0.0001,4.135263320862086e-20,0.002373333333333333,0.0,0.0,0.005890000000000007,0.0068741361003719454,0.13238851735875398,0.1142585441847227,0.06153602250786312,0.21922376126651724,0.077921218405073,0.2698733333333333,0.3458,0.0013500000000000005,0.40015,0.15958471738543295,21.649936447131417,22.974976706429118,13.035732641428764,29.14177768350612,6.255639266745524,4.646584274048218,4.99992045772645,2.964380846688666,5.918432345298186,1.0625172397531033,71.72660606532904,71.63323893628194,65.90490876861882,78.08629525403451,4.509658167314608,0.0030236453994548,0.0029551865091668,0.00157029661164799,0.005117407595200921,0.0013618079220424468,10.927247868945553,10.705423772753367,8.96940910690147,13.020109993889228,1.639696560771159,0.0,0.0,0.0,0.0,0.0,0.06666666666666667,0.0,0.0,0.0,0.2537081317024624,0.6666666666666666,1.0,0.0,1.0,0.479463301485384,0.0625,0.0625,0.0625,0.0625,0.0,0.0625,0.0625,0.0625,0.0625,0.0,348.8358,349.2886,305.7763,403.2901,41.53324272656948,1.0,1.0,1.0,1.0,0.0,0.0,0.0,0.0,0.0,0.0,0.0,0.0,0.0,0.0,0.0,0.0027031898267229734,0.0026461959098807,0.00261008675097097,0.00271734863862707,0.00023361742081911822,0.1791446595071335,0.1459410880131882,0.06389727997121325,0.3334305146708965,0.09832720483129531,0.11765475689320055,0.1050708987179796,0.04331290667468316,0.21369516467909447,0.06107005706587343,0.08629461761135636,0.07745183808798994,0.03070025592258504,0.15778835304626754,0.04547309022488288,0.2620016174695569,0.2540858253962064,0.1249527633635175,0.4483235417975322,0.11909851329777821,0.0028551044608205764,0.0027934288739295,0.0026052111227834298,0.0032922804572183303,0.0002650868290837365,0.009046666666666666,0.0067,0.0,0.0186,0.007487402446930367,0.0,0.0,0.0,0.0,0.0,0.0,0.0,0.0,0.0,0.0,0.0,0.0,0.0,0.0,0.0
Sweep_AmplitudeStep_250pct,250.0,ZCD,Loop-based,fast,30,0.007076248680582879,0.0066245978675861,0.0033238232055794303,0.01129967428713346,0.0029119506352154436,0.004753842039448837,0.00439183240277765,0.00249264358344934,0.00737605415937154,0.0018207487913351782,0.02964649100898236,0.026657321165281148,0.01313702910694296,0.046597575991313506,0.015184085829504474,0.005222027587237635,0.0051826551545665,0.0021987283910728,0.008433827503929391,0.002318641500513269,0.0,0.0,0.0,0.0,0.0,9.999999999999998e-05,0.0001,0.0001,0.0001,4.135263320862086e-20,0.0,0.0,0.0,0.0,0.0,0.020419924801161896,0.0197453079509883,0.00908882875666776,0.0328305013453442,0.008711186606497572,0.0,0.0,0.0,0.0,0.0,33.81202209568101,33.262020864697206,18.05567468508329,46.86598607500869,11.76975322285154,6.680210713335376,6.437461679945793,3.184913866037993,10.700634496574626,2.7799908614204836,74.29828138135788,74.83611665964305,72.0341046274117,75.90694168420528,1.5008296552423588,0.0010409065616971932,0.00091725042899235,0.00047964478052875,0.0019595751808143703,0.0005966599577748393,5.265911153084088,5.0633761087347,4.340036664629743,6.365387108123622,0.7874450892656453,16.699999999999996,16.7,16.7,16.7,7.226896453227138e-15,1.0,1.0,1.0,1.0,0.0,1.0,1.0,1.0,1.0,0.0,0.0625,0.0625,0.0625,0.0625,0.0,0.0625,0.0625,0.0625,0.0625,0.0,203.8293966666667,201.6955,159.86492,285.2167,71.97221384663085,1.0,1.0,1.0,1.0,0.0,0.0,0.0,0.0,0.0,0.0,0.0,0.0,0.0,0.0,0.0,0.013196380604745934,0.009781870133885099,0.00461844382826642,0.023542285242077573,0.008194980470828048,0.009325254858348968,0.0069823155640690495,0.00307528826115418,0.01636996004383688,0.008609300666223674,0.007204704335300094,0.00577925967506535,0.00287146963078924,0.013191600166408406,0.00536401990692876,0.00592270299896265,0.0048916874578337,0.00221699499371357,0.009776784978713475,0.003978311469060974,0.011920979735237053,0.0097948689384104,0.00455403609718484,0.01802990236174433,0.008930818160077496,0.0038843271841142194,0.0037486528374690003,0.00193329976025168,0.0057084116192132805,0.0016940754983547075,0.0,0.0,0.0,0.0,0.0,0.0,0.0,0.0,0.0,0.0,0.0,0.0,0.0,0.0,0.0,0.0,0.0,0.0,0.0,0.0
Sweep_AmplitudeStep_250pct,250.0,EKF,Model-based,fast,30,0.00793085462903435,0.0081869689220918,0.00329049129189872,0.01130560380848497,0.003066258570839446,0.003584616477532443,0.0038267065356103,0.00157354592318132,0.00552679059085835,0.0014409432256837172,0.032312181777024954,0.032852842806697355,0.013651640163953881,0.048722373249016404,0.012747606103916984,0.007061010192900873,0.0070803483915508,0.00288985907630694,0.0104508582245614,0.0027428688128667764,0.0,0.0,0.0,0.0,0.0,9.999999999999998e-05,0.0001,0.0001,0.0001,4.135263320862086e-20,0.0,0.0,0.0,0.0,0.0,0.024767647056235204,0.02531581786415655,0.01024312315210225,0.035659331428257855,0.009585881865839392,0.0,0.0,0.0,0.0,0.0,3.0475026091198267,3.122702465478966,2.4969275262876067,3.4642723833044897,0.35301532471032127,0.39435020530600856,0.41263276350981365,0.3094434399861142,0.46887499221990875,0.06260354253642893,50.45604113327956,50.04194558209548,46.15171625651017,55.6956773740611,3.5842286835675776,0.00014459980837982237,0.00013543655939605,6.354048024026984e-05,0.00022718156403938003,6.550574112936478e-05,10.811513557888759,10.416087995111385,9.548080662185434,12.759707794011444,1.4041156964607153,0.0,0.0,0.0,0.0,0.0,1.0,1.0,1.0,1.0,0.0,1.0,1.0,1.0,1.0,0.0,0.0625,0.0625,0.0625,0.0625,0.0,0.0625,0.0625,0.0625,0.0625,0.0,346.39423333333326,349.2886,285.2167,403.2901,40.15611026350426,1.0,1.0,1.0,1.0,0.0,0.0,0.0,0.0,0.0,0.0,0.0,0.0,0.0,0.0,0.0,0.0011539252299904447,0.0011191751298248,9.739614308540888e-05,0.0025440237833947305,0.0009375172656986913,0.01488779791537247,0.016378149564029353,0.0051452509031797,0.02207220940589265,0.006228986684619609,0.014455016269741017,0.016467040541105198,0.0055612830797245995,0.02154347238307536,0.00618014956988116,0.0228139706799482,0.02462635647902745,0.00752328357864592,0.03596197992429182,0.010750297717554756,0.031145613832587012,0.032852842806697355,0.0099150626787597,0.048722373249016404,0.014069857464875452,0.00483687862835191,0.0047458143562353495,0.00154592028883406,0.007896183228793001,0.0023463480550217418,0.0,0.0,0.0,0.0,0.0,0.0,0.0,0.0,0.0,0.0,0.0,0.0,0.0,0.0,0.0,0.0,0.0,0.0,0.0,0.0
Sweep_AmplitudeStep_250pct,250.0,LKF,Model-based,fast,30,0.00720577453864175,0.0068388265340601495,0.00443188458851377,0.01291057293520552,0.00283483355704631,0.004360894843505394,0.00423527323002915,0.00368329273308066,0.00570731570882087,0.0006826495602399058,0.07405087486014988,0.07574491294255375,0.028357161150289252,0.15288917181907843,0.04295541774869187,0.005584378246637743,0.00533529830664785,0.00240292018688694,0.011580562948713,0.0030577934870328867,0.0,0.0,0.0,0.0,0.0,9.999999999999998e-05,0.0001,0.0001,0.0001,4.135263320862086e-20,0.0,0.0,0.0,0.0,0.0,0.021114029583418802,0.0202842284113239,0.01093267994504038,0.04044900455496006,0.009850948034215034,0.0,0.0,0.0,0.0,0.0,7.356736067970123,6.4512285285101,5.392192088036651,12.017145446225896,2.3434893200029827,3.092306533567153,3.0659544695043786,2.969265251717519,3.3190472618749935,0.11155167739047496,68.45093936843948,67.57525725552162,64.28559129397026,73.86809482574789,3.4662659503093733,0.0004888625776732486,0.0004812557547362,0.0001502144059909,0.00096726958183322,0.00027755930648497393,12.67290706071885,11.573431105679315,10.1267522174694,15.797733459252264,2.9116577605498537,7.900000000000002,7.9,7.9,7.9,3.613448226613569e-15,1.0,1.0,1.0,1.0,0.0,1.0,1.0,1.0,1.0,0.0,0.0625,0.0625,0.0625,0.0625,0.0,0.0625,0.0625,0.0625,0.0625,0.0,383.8255333333334,377.15189999999996,308.0607,435.5788,56.82813028597317,1.0,1.0,1.0,1.0,0.0,0.0,0.0,0.0,0.0,0.0,0.0,0.0,0.0,0.0,0.0,0.0038801113082998235,0.00388369286394675,0.00386096764247101,0.00390030545951814,1.9970384926256847e-05,0.049131693044559874,0.049480112609176854,0.01691654950612637,0.1032770660804318,0.02954356129526505,0.031149291070354596,0.0306649488039001,0.01100745056033743,0.06671881633852023,0.018790533732262388,0.02299023127669518,0.02252559390702725,0.00844151014874854,0.04887793607747253,0.013609836727649077,0.07405087486014988,0.07574491294255375,0.028357161150289252,0.15288917181907843,0.04295541774869187,0.00427078171827745,0.00416593479186155,0.00393201542275244,0.0051035301624926,0.0003908632163282151,0.0,0.0,0.0,0.0,0.0,0.0,0.0,0.0,0.0,0.0,0.0,0.0,0.0,0.0,0.0,0.0,0.0,0.0,0.0,0.0
Sweep_AmplitudeStep_250pct,250.0,LKF2,Model-based,fast,30,0.023322355198913666,0.02284636620800785,0.01681006252230103,0.030643475542731443,0.005268610904673536,0.010068827175220264,0.0098050377312545,0.008171423794781661,0.0127812637994351,0.0017431210328044341,0.24532349196704523,0.2428989576020512,0.16874785038992493,0.3312886389422537,0.06252989619781407,0.021007053853858162,0.0204551820716099,0.01461823690119362,0.02774742824039094,0.005100756196790059,0.0,0.0,0.0,0.0,0.0,9.999999999999998e-05,0.0001,0.0001,0.0001,4.135263320862086e-20,0.0,0.0,0.0,0.0,0.0,0.0730899887367949,0.0713539530475185,0.05215439787996924,0.09624513122243385,0.016856209515613934,0.23820333333333332,0.3319,0.0,0.39005,0.17289637215901069,53.05027796865265,52.811523350282386,49.78479570534766,56.626301157471914,2.7436993875118256,12.341158319641346,11.79095977825985,10.235768254010937,15.201646304714476,1.9863313018348454,80.37214194051872,80.12203975614091,76.75404224018854,84.06240917760455,3.1812559162500067,0.0010871656874724433,0.00116223565650905,0.0005803452091598401,0.00152187935425026,0.0004184328791973907,12.70184063848305,12.15210266096328,10.994759550395347,14.842925393033722,1.9272665817271306,0.0,0.0,0.0,0.0,0.0,0.03333333333333333,0.0,0.0,0.0,0.1825741858350553,1.0,1.0,1.0,1.0,0.0,0.0625,0.0625,0.0625,0.0625,0.0,0.0625,0.0625,0.0625,0.0625,0.0,381.4324533333334,377.15189999999996,329.3216,435.5788,43.10567382374538,1.0,1.0,1.0,1.0,0.0,0.0,0.0,0.0,0.0,0.0,0.0,0.0,0.0,0.0,0.0,0.0006759483510372847,0.00041784571716434995,0.00011577530195718472,0.0017199284674732202,0.0006569193073465926,0.1501555051385442,0.15118929614936585,0.09431428735715362,0.2089873167321257,0.0451272016349532,0.10342816446590697,0.10241586569161934,0.0694435853820272,0.13935112458193122,0.027511345689876874,0.08084996816865295,0.0799307609855496,0.056212663367462626,0.10712614876484187,0.019949068036244452,0.24532349196704523,0.2428989576020512,0.16874785038992493,0.3312886389422537,0.06252989619781407,0.014519122287165077,0.01448574221368455,0.0137615534922999,0.01538617108922997,0.0006424663777323534,0.008203333333333333,0.0078,0.0,0.017640000000000003,0.007158379865503826,0.0,0.0,0.0,0.0,0.0,0.0,0.0,0.0,0.0,0.0,0.0,0.0,0.0,0.0,0.0
Sweep_AmplitudeStep_250pct,250.0,RA-EKF,Model-based,fast,30,0.0013258796441767734,0.0012675818240465999,0.00110489839982957,0.0015753246538042203,0.0002526479047769473,0.0009943663107205868,0.0009394927088458,0.00085581000324817,0.0012192475306620602,0.00017320473388052681,0.013636355459635704,0.01370605615379355,0.01155560171901151,0.0164443055582474,0.0020441560476798133,0.0008751808841941298,0.0008398003742745,0.0006928671603898801,0.0010053000837314402,0.0001928576535238512,0.0,0.0,0.0,0.0,0.0,9.999999999999998e-05,0.0001,0.0001,0.0001,4.135263320862086e-20,0.0,0.0,0.0,0.0,0.0,0.0036199089633031306,0.0034751125878654497,0.00293740154281801,0.004210526293911021,0.0007411329280302418,0.0,0.0,0.0,0.0,0.0,3.053372531629369,3.053105089607655,2.632459250728303,3.5429301686509262,0.345297783572288,0.8394797490046544,0.8341267590345324,0.800324742564767,0.8828198304158105,0.0318578089982218,57.12481473688432,56.47608986046397,53.19473019852334,62.202808906486815,3.4211906166104527,3.257958426353164e-05,3.1717630289189176e-05,1.3111394475892503e-05,5.2757830137370225e-05,1.5757325783543322e-05,13.994207111950569,13.888117326815175,12.123169083199082,16.05813565913005,1.6481254281035704,0.0,0.0,0.0,0.0,0.0,1.0,1.0,1.0,1.0,0.0,1.0,1.0,1.0,1.0,0.0,0.0625,0.0625,0.0625,0.0625,0.0,0.0625,0.0625,0.0625,0.0625,0.0,423.60664,419.7459,386.1316,479.9445,36.025063256730704,1.0,1.0,1.0,1.0,0.0,0.0,0.0,0.0,0.0,0.0,0.0,0.0,0.0,0.0,0.0,0.0007267765636445568,0.0004328451877891,0.00028081403669212,0.0013346118189403006,0.0006984185052950436,0.006712258780972024,0.0067168650224951,0.00542543044399529,0.00809015091245947,0.0009715526583942133,0.004157288370441224,0.0041839240835109,0.00327698150584082,0.005001078600563071,0.0006519986023941055,0.002991565859770633,0.0030073792981621496,0.00236579166478919,0.0035804509912297404,0.00046421879407897995,0.013636355459635704,0.01370605615379355,0.01155560171901151,0.0164443055582474,0.0020441560476798133,0.0010675398763054067,0.0010323769606016,0.00100035856570089,0.0012047924284805099,7.433059627436859e-05,0.0,0.0,0.0,0.0,0.0,0.0,0.0,0.0,0.0,0.0,0.0,0.0,0.0,0.0,0.0,0.0,0.0,0.0,0.0,0.0
Sweep_AmplitudeStep_250pct,250.0,UKF,Model-based,fast,30,0.006381109159795926,0.00705834406408005,0.0034806851695237703,0.00870612827263765,0.002253359342125618,0.0023562308071074936,0.0025746553574417,0.00138334503600136,0.00302454221582622,0.0007097170088580118,0.04589936079576396,0.0482041131525541,0.02249406904386075,0.06310090617890295,0.015504547864727289,0.005924399132953549,0.0065104092513904,0.0030485409243685402,0.0082081710988192,0.0021551120849340245,0.0,0.0,0.0,0.0,0.0,9.999999999999998e-05,0.0001,0.0001,0.0001,4.135263320862086e-20,0.0,0.0,0.0,0.0,0.0,0.02012942820596829,0.022255657678335,0.01082537218029943,0.0275266331787943,0.007151489093439757,0.0,0.0,0.0,0.0,0.0,9.151037840452975,9.22512919751206,8.533981965758386,9.669539037801655,0.4356919693683499,1.723905781154267,1.731256723635279,1.6812037560313742,1.7595779867164527,0.028837231276768932,63.37970043935539,62.565618121610655,59.66802007003435,68.36187144660823,3.363867167513935,0.0001871327950814929,0.00020841962718895,9.668239712503908e-05,0.0002698635269925,7.780098403445153e-05,13.193711460474418,13.020109993889228,11.284095328037331,14.813991815269523,1.3878136644730656,0.0,0.0,0.0,0.0,0.0,1.0,1.0,1.0,1.0,0.0,1.0,1.0,1.0,1.0,0.0,0.0625,0.0625,0.0625,0.0625,0.0,0.0625,0.0625,0.0625,0.0625,0.0,399.05004333333346,403.2901,364.28713999999997,450.8544,40.58040372190604,1.0,1.0,1.0,1.0,0.0,0.0,0.0,0.0,0.0,0.0,0.0,0.0,0.0,0.0,0.0,0.00012448902552573198,0.0001171018091366,4.786349083559595e-05,0.00021936237175013,7.424923971372387e-05,0.03002031453302316,0.03312482327335515,0.012211527981633469,0.04353662065079737,0.011930323215089939,0.024289375755237774,0.0255236769732482,0.009930404518341481,0.03457740956581522,0.009219657886419394,0.02223063053043555,0.02419277392572355,0.00870733504677786,0.03110865005871109,0.008574566175287193,0.04589936079576396,0.0482041131525541,0.02249406904386075,0.06310090617890295,0.015504547864727289,0.0025098174179690167,0.0022494750094006503,0.0020869110322264198,0.0031860721410092397,0.00043729637440883694,0.0,0.0,0.0,0.0,0.0,0.0,0.0,0.0,0.0,0.0,0.0,0.0,0.0,0.0,0.0,0.0,0.0,0.0,0.0,0.0
Sweep_AmplitudeStep_250pct,250.0,IPDFT,Window-based,fast,30,0.01847974342749244,0.021711029828664997,0.0048934760146451,0.02794912621747046,0.008569240419448905,0.004343828540608803,0.0050638926977971,0.00112494495332656,0.00649729191751892,0.001982861424760441,0.15300711726820754,0.18012734215232123,0.047581439736497026,0.2320826358742266,0.0691662152243992,0.01796164994240261,0.0211122136995957,0.00477417229234987,0.02718341639287565,0.008337369508318255,0.0,0.0,0.0,0.0,0.0,9.999999999999998e-05,0.0001,0.0001,0.0001,4.135263320862086e-20,0.0,0.0,0.0,0.0,0.0,0.05822877836781677,0.06840053379658434,0.015396276210140931,0.088047541096146,0.026993746495740933,0.12555999999999998,0.0,0.0,0.38891,0.18145927366767453,13.145655128823227,15.064056320239771,4.700055965615846,20.009506366088555,5.639609260256881,1.6748557941292666,1.9461570967685726,0.5553870729459396,2.5164699730996754,0.7278279369659258,62.03063579168263,62.76780625486314,54.242383809895976,68.156433604394,5.735701067450215,0.00094341463465222,0.0010798378015264,0.00038594815811348004,0.00139332401196145,0.00038239662850049,11.968856668456691,11.284095328037331,10.676490194989166,14.495722459863343,1.736818190387333,66.59999999999998,66.60000000000001,66.60000000000001,66.60000000000001,4.336137871936283e-14,0.4,0.0,0.0,1.0,0.4982728791224399,1.0,1.0,1.0,1.0,0.0,0.0625,0.0625,0.0625,0.0625,0.0,0.0625,0.0625,0.0625,0.0625,0.0,377.1038566666666,386.1316,329.3216,421.32919000000004,38.97144589034285,1.0,1.0,1.0,1.0,0.0,0.0,0.0,0.0,0.0,0.0,0.0,0.0,0.0,0.0,0.0,0.0004116804330346666,0.00034760632201825,0.00021914911805248,0.0006276953235985201,0.00019386086538357878,0.03770596277841657,0.04024507173572535,0.01134976215424976,0.058393966252135686,0.018143124806672548,0.08346314914114622,0.09779040446249909,0.0263049366363232,0.12640385342818009,0.03760673233845478,0.07453349601093823,0.08757815929956125,0.01984392659031392,0.11274994099652678,0.03455064352944322,0.15300711726820754,0.18012734215232123,0.047581439736497026,0.2320826358742266,0.0691662152243992,0.0008724415297049268,0.0010030886048447,0.00019529247114686,0.0013336587842993702,0.0004111980962773846,0.008893333333333333,0.0,0.0,0.0272,0.012805115716218542,0.0,0.0,0.0,0.0,0.0,0.0,0.0,0.0,0.0,0.0,0.0,0.0,0.0,0.0,0.0
Sweep_AmplitudeStep_250pct,250.0,TFT,Window-based,fast,30,0.013825605497916489,0.0151072960412451,0.0033274396804719502,0.021145289195287402,0.006568374566239655,0.00362789549990126,0.0040037907664303,0.0009524165669108801,0.00547761277729313,0.0016855536145721642,0.09851582347446497,0.10469777131585895,0.021274753506445872,0.15088080599001116,0.04693042540954036,0.013340899092317516,0.014567083480827251,0.00318818622293842,0.0204185538109168,0.006348922637963344,0.0,0.0,0.0,0.0,0.0,9.999999999999998e-05,0.0001,0.0001,0.0001,4.135263320862086e-20,0.0,0.0,0.0,0.0,0.0,0.04365059277685394,0.0477050412089122,0.01051697523572641,0.06675163615368636,0.020731788433552882,0.0,0.0,0.0,0.0,0.0,5.907350307819452,6.487947442135322,1.7487804552285269,9.083666955445935,2.778982588479768,0.8096490920610214,0.8784461464124947,0.24644293971700418,1.2230209894168071,0.3653558385063547,55.57065597508266,56.63093944859429,46.532806988804545,62.26057744380187,6.058754407127697,0.0001367907642809664,0.0001381868775817,6.196099336485504e-05,0.00021577152782087,6.238825705983144e-05,14.813991815269523,14.900792548562116,13.020109993889228,16.231737125715238,1.2190525003086747,83.30000000000003,83.3,83.3,83.3,1.4453792906454277e-14,0.5333333333333333,1.0,0.0,1.0,0.507416263404925,1.0,1.0,1.0,1.0,0.0,0.0625,0.0625,0.0625,0.0625,0.0,0.0625,0.0625,0.0625,0.0625,0.0,381.8430966666667,386.1316,345.16580999999996,421.32919000000004,39.179185093138464,1.0,1.0,1.0,1.0,0.0,0.0,0.0,0.0,0.0,0.0,0.0,0.0,0.0,0.0,0.0,0.00022998976694696578,0.0002111036600714,9.261617726634804e-05,0.00034045179404000017,0.00014043130611715663,0.013990294629883793,0.0148868996217039,0.0037665643600000302,0.02151929464293769,0.0068077644009202735,0.06332702125907637,0.06827754271080516,0.01386474302483983,0.09741328925264044,0.030583230412365967,0.05269901708821055,0.05787616923734925,0.012728226641606189,0.08065998061082516,0.025084091178850618,0.09851582347446497,0.10469777131585895,0.021274753506445872,0.15088080599001116,0.04693042540954036,0.0008301369628709601,0.0008869490096337,0.00016711877193545,0.00126708486804741,0.00040043436609293697,0.0,0.0,0.0,0.0,0.0,0.0,0.0,0.0,0.0,0.0,0.0,0.0,0.0,0.0,0.0,0.0,0.0,0.0,0.0,0.0
Sweep_AmplitudeStep_300pct,300.0,RLS,Adaptive,fast,30,1.8931621955978735,1.940766835045124,1.5230398794574147,2.331923725264187,0.4077537851352295,1.3167627260367518,1.3208458381432637,0.8371387212856892,1.783105097676316,0.3870073819201405,7.0367402262785275,7.974261481541035,2.6740117786816837,9.287155077373178,2.305237471922336,1.3112290589222289,1.3953593876138455,0.7055547410296525,1.6970499868386948,0.38971634022381124,1.09378,1.2357,0.62565,1.34806,0.28788076482915753,9.999999999999998e-05,0.0001,0.0001,0.0001,4.135263320862086e-20,0.8196266666666666,1.03455,0.30510000000000004,1.1392600000000002,0.3730406568702143,5.250449902803439,5.457333390664266,3.8376406696700305,6.580782062699609,1.2738463448092376,1.6301933333333336,1.6501,1.6501,1.6501,0.09651339708088173,200.7264118240677,200.58084650809604,198.33562065630161,204.91849643054928,4.9776775651626215,33.08888257024979,35.09650380856429,21.574532550732123,38.430394987955005,5.737248115268075,88.88544369498865,89.17378160989439,85.10727705471226,92.6899394592849,3.424224567927371,0.014308671855125224,0.0133071323890845,0.00615534474195765,0.024247774012384413,0.007082151783582688,14.322120993278151,14.17745310445716,13.598781549173191,14.813991815269523,0.7278152894947457,0.0,0.0,0.0,0.0,0.0,0.0,0.0,0.0,0.0,0.0,0.0,0.0,0.0,0.0,0.0,0.0625,0.0625,0.0625,0.0625,0.0,0.0625,0.0625,0.0625,0.0625,0.0,414.70169666666675,419.7459,386.1316,437.10636,24.82982658424706,1.0,1.0,1.0,1.0,0.0,0.0,0.0,0.0,0.0,0.0,0.0,0.0,0.0,0.0,0.0,0.2814363536694602,0.11830305189930486,0.022671444414604402,0.7619524890868787,0.34565416968324664,1.7142793034525377,1.8186201136905629,1.2010180218598145,1.9656028734947633,0.43006110091211003,4.421535062051453,4.820058179073815,2.246317948193014,5.170690257196127,1.1111206588088125,5.267948643399218,5.898429104864678,2.2212171960162213,7.012891092606013,1.7182063087330548,7.03306169959961,7.974261481541035,2.6728941862687328,9.287155077373178,2.3126359093602917,1.3090770948875459,1.2548569723583607,0.8439297835346875,1.71266022175997,0.3989276435743371,1.280193333333333,1.29345,1.25807,1.33874,0.09608931884138995,0.0,0.0,0.0,0.0,0.0,0.0,0.0,0.0,0.0,0.0,0.0,0.0,0.0,0.0,0.0
Sweep_AmplitudeStep_300pct,300.0,TKEO,Adaptive,fast,30,10.508036087334286,10.404091017956633,9.627976848017815,11.485152783364768,0.8007947860485664,9.713068821044722,9.531857729449579,8.668661996755498,10.835892158767665,0.8707081531827026,14.679747881020388,14.788751320339571,13.739325829401643,15.502318846066238,0.6643857145912635,3.9878569257385426,4.015998818512934,3.6433560886993885,4.271506749311666,0.24736245535091017,1.6501000000000003,1.6501,1.6501,1.6501,0.0,9.999999999999998e-05,0.0001,0.0001,0.0001,4.135263320862086e-20,1.6501000000000003,1.6501,1.6501,1.6501,0.0,21.67663959826035,21.661587721245162,20.278773114251866,22.975044166753392,1.0568799389570869,1.6501000000000003,1.6501,1.6501,1.6501,0.0,311.89878130736656,310.7152612160746,284.3099764046038,345.03847244096164,23.24880292154641,75.55712577687837,73.6302509343395,65.24869552026259,91.8402204861924,10.139129019884155,96.09635758582193,95.48080521998507,90.99121485307109,102.71087276673639,4.51066145829373,0.07287325504171932,0.07332989588502764,0.06294708397920186,0.08297955867032662,0.009035682713269084,10.724712824596166,10.560755883932373,9.519147084421236,11.920634038849695,1.0983025825755726,0.30000000000000004,0.3,0.3,0.3,0.0,0.0,0.0,0.0,0.0,0.0,0.0,0.0,0.0,0.0,0.0,0.0625,0.0625,0.0625,0.0625,0.0,0.0625,0.0625,0.0625,0.0625,0.0,355.36013333333335,349.2886,308.0607,419.7459,45.93963856611258,1.0,1.0,1.0,1.0,0.0,0.0,0.0,0.0,0.0,0.0,0.0,0.0,0.0,0.0,0.0,4.726373860666892,4.58592566339739,3.7353699296368714,6.200353566925124,0.9780920635914249,5.281894817376812,5.03618783403137,4.172255516442475,6.865140841644872,1.0073211846163566,5.550919465987322,5.304107342397317,4.443892655614815,7.206440077199643,0.9975885905088506,5.9842404280176025,5.775562387085387,4.821308424651883,7.748054832331127,1.0143282655048764,6.8209454798449505,6.776576153724733,5.563598855944084,8.589433016375741,1.0796781709205245,9.529846647884527,9.336478908967358,8.34208867014924,10.924579899055493,1.1956743122485347,1.3000999999999998,1.3001,1.26146,1.33874,0.029342096392208514,0.0,0.0,0.0,0.0,0.0,0.0,0.0,0.0,0.0,0.0,0.0,0.0,0.0,0.0,0.0
Sweep_AmplitudeStep_300pct,300.0,PLL,Loop-based,fast,30,0.22403306763311973,0.1745103866784229,0.1655360862380774,0.32170369761129586,0.13387255294899136,0.16712134004486062,0.15052456569048817,0.14732361744401418,0.19881292725262134,0.04368189690434394,1.2299363997917157,0.9303060132179972,0.5801541610590881,2.4225889314133466,0.8262882480578989,0.1392430971827872,0.08721992769997769,0.07548474710956327,0.2527258851949274,0.1377876685603329,0.026879999999999998,0.00935,0.00217,0.07979000000000001,0.03948802000781923,9.999999999999998e-05,0.0001,0.0001,0.0001,4.135263320862086e-20,0.01822333333333333,0.0048000000000000004,0.00199,0.055080000000000025,0.033528553794344156,0.5848506315932224,0.41270729226150316,0.3737778587727041,0.9569905828374036,0.4568462759413052,1.649016666666667,1.6491500000000001,1.6475000000000002,1.6501,0.0010167844288306825,188.72124519397934,189.92086611090642,177.1497434374787,201.89453744971254,9.689453335488638,122.79634150589412,122.96114664291676,122.1246823491021,123.23816089943467,0.40912371234279793,100.43417335251867,99.82506699364583,96.50654595798862,105.28654299140392,3.3789504599300515,0.0072164551458002435,0.0062119871933039,0.0033086953109274803,0.012782707644224203,0.004863234094599893,10.223197476683396,10.416087995111385,8.651139751495288,11.891700461085497,1.267654051095706,0.0,0.0,0.0,0.0,0.0,0.0,0.0,0.0,0.0,0.0,0.0,0.0,0.0,0.0,0.0,0.0625,0.0625,0.0625,0.0625,0.0,0.0625,0.0625,0.0625,0.0625,0.0,330.71384333333333,329.3216,285.2167,404.93568000000005,48.12223914305995,1.0,1.0,1.0,1.0,0.0,0.0,0.0,0.0,0.0,0.0,0.0,0.0,0.0,0.0,0.0,0.16165811310418274,0.1613619758116804,0.16114621607410842,0.16159683480466439,0.0015859654846807497,0.4416419903614616,0.40118737549851297,0.2558472991700514,0.6959258059021337,0.15531910889144507,0.29755362729827534,0.2752950848589222,0.20285251391838216,0.4345584240671349,0.08210453869624179,0.24330214191320565,0.22658329064243038,0.18359341350534863,0.3340816099720586,0.05373847068639849,0.8519186100786645,0.8572892695054115,0.509077917810479,1.2424651125761437,0.2550481421558861,0.16135568299913433,0.16135695536311978,0.16116233540531796,0.16153992868954783,0.00014159270099239383,1.2990166666666667,1.2988,1.25868,1.3387,0.029281794783570333,0.0,0.0,0.0,0.0,0.0,0.0,0.0,0.0,0.0,0.0,0.0,0.0,0.0,0.0,0.0
Sweep_AmplitudeStep_300pct,300.0,SOGI-FLL,Loop-based,fast,30,0.01944078291811705,0.0178791287392042,0.01535987292572956,0.02680958657471491,0.004246912969949525,0.008827101652143609,0.0084125815820285,0.0075693952902885,0.01078750347396075,0.0012774805042954718,0.11098558906680031,0.1107023640805948,0.07659034397671356,0.13542470359563766,0.02272243993495466,0.017295690425403184,0.01616638583148465,0.01320708866778769,0.02448482502255677,0.004161760961624619,0.0,0.0,0.0,0.0,0.0,9.999999999999998e-05,0.0001,0.0001,0.0001,4.135263320862086e-20,0.0,0.0,0.0,0.0,0.0,0.06071417292835331,0.0561353292312712,0.04746336076179306,0.08441662446032146,0.013685914461038744,0.0,0.0,0.0,0.0,0.0,6.848018866072891,6.976645981362495,5.575727769954852,8.415838603207604,0.9790767002778757,1.295919302087092,1.2568172279276795,0.9648284796256793,1.6732172172342712,0.24078819784289837,60.75019702650615,60.702782807309404,56.78081067923152,66.58685064894642,3.9813379450360733,0.0004833365724080533,0.00049140300059675,0.00020244443126208,0.0006956269567542799,0.00017711216980453734,10.82115808381016,10.705423772753363,9.25874488454345,12.470372016369462,1.3019555698991512,0.0,0.0,0.0,0.0,0.0,0.26666666666666666,0.0,0.0,1.0,0.44977644510880355,1.0,1.0,1.0,1.0,0.0,0.0625,0.0625,0.0625,0.0625,0.0,0.0625,0.0625,0.0625,0.0625,0.0,339.94680999999997,329.3216,285.2167,386.1316,38.96610320617182,1.0,1.0,1.0,1.0,0.0,0.0,0.0,0.0,0.0,0.0,0.0,0.0,0.0,0.0,0.0,0.003633779981393107,0.00361761947290465,0.00350176140238118,0.00378701078926529,0.00012522741123847128,0.06911634418742504,0.07539801874080834,0.02216793745503151,0.10675418626790083,0.03003831529547065,0.06538906802208914,0.06414798692259245,0.037692412366957424,0.09462197913071256,0.021718215803492133,0.07230555920309503,0.0699187613926825,0.0530357861256063,0.10040410757781483,0.01636082906162049,0.11098558906680031,0.1107023640805948,0.07659034397671356,0.13542470359563766,0.02272243993495466,0.005158331302977231,0.00510719629827075,0.0049431548136219,0.00548247897894346,0.00020726230336059337,0.0,0.0,0.0,0.0,0.0,0.0,0.0,0.0,0.0,0.0,0.0,0.0,0.0,0.0,0.0,0.0,0.0,0.0,0.0,0.0
Sweep_AmplitudeStep_300pct,300.0,SOGI-PLL,Loop-based,fast,30,0.030159323667585187,0.03022986312653735,0.01390411513667282,0.04809768667492116,0.013471539140063531,0.009607602220272606,0.009859635503311901,0.00514368797447182,0.01520841672320208,0.003917791364277487,0.32946062017830496,0.31484796271321613,0.11411086576050095,0.5717414051927499,0.1849496498586221,0.028554602412207784,0.0285541831424159,0.01290529268216859,0.04537985354893424,0.012965829087068191,0.0009933333333333333,0.0,0.0,0.004710000000000001,0.0018298168993255777,9.999999999999998e-05,0.0001,0.0001,0.0001,4.135263320862086e-20,0.0009933333333333333,0.0,0.0,0.004710000000000001,0.0018298168993255777,0.0952714094568961,0.09548889837318475,0.04389357985546272,0.15207464399777249,0.04260949640760329,0.24221333333333334,0.3369,0.0,0.39947,0.174842308722861,42.317416190070276,43.685256078722645,14.30791016837674,67.71132918769673,20.86205080906608,5.251993310038759,5.6770879734605675,2.266508518179063,7.7302177897659785,2.1069064536450517,72.11384642623877,73.05551387158611,61.97229160904631,80.57636731664988,6.6100377333415175,0.0021838994005274966,0.00216155890321625,0.0006692413328727001,0.00378835361547012,0.0012394804198500727,10.309998209975985,10.1267522174694,8.651139751495288,11.920634038849695,1.370826577114942,0.0,0.0,0.0,0.0,0.0,0.16666666666666666,0.0,0.0,1.0,0.3790490217894516,0.7333333333333333,1.0,0.0,1.0,0.44977644510880377,0.0625,0.0625,0.0625,0.0625,0.0,0.0625,0.0625,0.0625,0.0625,0.0,340.0103366666666,339.3051,285.2167,403.2901,49.05808100132686,1.0,1.0,1.0,1.0,0.0,0.0,0.0,0.0,0.0,0.0,0.0,0.0,0.0,0.0,0.0,0.00203760516610637,0.00185914387359755,0.00177915937329499,0.00216696332898525,0.0006327388712142118,0.19607128961125447,0.18910736348657975,0.0375269418547666,0.38491512802540784,0.1246967883104472,0.11908304285157036,0.11380458207537325,0.02277245155695743,0.23446587153446416,0.07596312092249291,0.08990171882439789,0.08435135693404225,0.01620435536974176,0.18014929334641325,0.05881934666213336,0.3029221734329584,0.29680956394673425,0.0672093831738834,0.5716410341764515,0.1830644767609225,0.0018261668475886164,0.0017905875966553,0.0017631456212871901,0.0019520439147094,7.241700272092583e-05,0.008353333333333332,0.0118,0.0,0.01442,0.006266205656801677,0.0,0.0,0.0,0.0,0.0,0.0,0.0,0.0,0.0,0.0,0.0,0.0,0.0,0.0,0.0
Sweep_AmplitudeStep_300pct,300.0,Type-3 SOGI-PLL,Loop-based,fast,30,0.043030853207773105,0.03780334472681985,0.02093178588747457,0.07066646383011319,0.024579038170678424,0.013090313475381424,0.01160395823595505,0.00622009389218111,0.02160759579527896,0.006279088727670084,0.3924862278686677,0.343556848415421,0.209015325654159,0.5800581512126273,0.20435303605049504,0.040955843917956335,0.03622632548198945,0.01998584800080515,0.06712427033088404,0.023826867476414968,0.002373333333333333,0.0,0.0,0.005890000000000007,0.0068741361003719454,9.999999999999998e-05,0.0001,0.0001,0.0001,4.135263320862086e-20,0.002373333333333333,0.0,0.0,0.005890000000000007,0.0068741361003719454,0.13595784522925056,0.119455498526903,0.06617763789459676,0.223458750211087,0.07762712375309913,0.2702366666666667,0.34615,0.0013500000000000005,0.40047,0.1597919563020948,23.278500468578045,24.7767222427342,14.064523054011957,31.274131022668076,6.829862890665378,4.964464337498144,5.388184456734729,3.074076897242695,6.375934061838158,1.1948304343443177,72.27162087576957,72.25626477729767,66.32809402795294,78.67531254098384,4.611412470546421,0.00317179248440104,0.00319340097924595,0.00170330605980072,0.005244896723689211,0.001380002418595228,12.055657401749288,12.15210266096328,10.936892394866952,13.62771512693739,1.2744674094920434,0.0,0.0,0.0,0.0,0.0,0.06666666666666667,0.0,0.0,0.0,0.2537081317024624,0.6666666666666666,1.0,0.0,1.0,0.479463301485384,0.0625,0.0625,0.0625,0.0625,0.0,0.0625,0.0625,0.0625,0.0625,0.0,358.3343866666667,368.1722,285.2167,421.32919000000004,56.414889107818,1.0,1.0,1.0,1.0,0.0,0.0,0.0,0.0,0.0,0.0,0.0,0.0,0.0,0.0,0.0,0.0027031898267229734,0.0026461959098807,0.00261008675097097,0.00271734863862707,0.00023361742081911822,0.19364075079043536,0.15591762932859526,0.06837293806582474,0.36074915761670207,0.10598006058285663,0.1267550543178642,0.11188041923815406,0.046198722274978246,0.23066693734898236,0.06576802225870267,0.09289462015303636,0.08230035939034605,0.03273618122811488,0.17022461340208841,0.04893840984398049,0.2841100532918548,0.2776435967581605,0.1360749237055003,0.4858162355034039,0.12895734422715824,0.0028853728416537595,0.0028071024763861,0.00260507514536279,0.00338202197308323,0.0002993267845736575,0.00941,0.0072,0.0,0.019,0.007621989513108177,0.0,0.0,0.0,0.0,0.0,0.0,0.0,0.0,0.0,0.0,0.0,0.0,0.0,0.0,0.0
Sweep_AmplitudeStep_300pct,300.0,ZCD,Loop-based,fast,30,0.006872426757063502,0.0065114595632177995,0.00314025375787874,0.011036674732444421,0.002873081578232251,0.004452895448256849,0.0041165349233414,0.00229409907115169,0.00691149306789827,0.0017243100695190985,0.02964649100898236,0.026657321165281148,0.01313702910694296,0.046597575991313506,0.015184085829504474,0.005216823174583915,0.0051822715629975,0.00214430551657816,0.00847235518347465,0.002339769015546558,0.0,0.0,0.0,0.0,0.0,9.999999999999998e-05,0.0001,0.0001,0.0001,4.135263320862086e-20,0.0,0.0,0.0,0.0,0.0,0.020103364972008753,0.01960173488854335,0.00872701562088629,0.03249857480081396,0.008684079736084163,0.0,0.0,0.0,0.0,0.0,30.007625508996945,29.87711256356107,15.927468342681552,41.471597473204724,10.512901482099714,6.48595791737118,6.334742642331118,3.0089659818686365,10.513446438377224,2.745894535254071,74.0088370227918,74.5224576143616,71.56202707128206,75.76743995222506,1.6093837578373262,0.0010193758967104232,0.000861720407539,0.00053597107630173,0.0019054331071249103,0.0005692691049492536,4.831907486621113,4.774040331092717,4.05070088698776,5.815649130603856,0.7901897650299458,16.699999999999996,16.7,16.7,16.7,7.226896453227138e-15,1.0,1.0,1.0,1.0,0.0,1.0,1.0,1.0,1.0,0.0,0.0625,0.0625,0.0625,0.0625,0.0,0.0625,0.0625,0.0625,0.0625,0.0,196.36175,201.6955,159.86492,232.8914,41.56624450085256,1.0,1.0,1.0,1.0,0.0,0.0,0.0,0.0,0.0,0.0,0.0,0.0,0.0,0.0,0.0,0.013196380604745934,0.009781870133885099,0.00461844382826642,0.023542285242077573,0.008194980470828048,0.009287950284825113,0.00684110702228585,0.0029717643097924205,0.016307258513082852,0.008616151145419432,0.00703178628369996,0.00546196434261435,0.0027903860490184804,0.013027776462896747,0.005390468891421598,0.005647460585035953,0.0045515422274777,0.0020741505043286998,0.009564870696195814,0.003930245569884166,0.011724079328970727,0.0097891825146163,0.00402492750674311,0.01802990236174433,0.009000507594136679,0.0033999924487363837,0.0032767229459408,0.0016909493131258,0.00500710597259148,0.001485886170151056,0.0,0.0,0.0,0.0,0.0,0.0,0.0,0.0,0.0,0.0,0.0,0.0,0.0,0.0,0.0,0.0,0.0,0.0,0.0,0.0
Sweep_AmplitudeStep_300pct,300.0,EKF,Model-based,fast,30,0.009273833028161512,0.0094490045822767,0.0039461494005519505,0.01360942912911924,0.003721782466971918,0.004063255045053117,0.0044255801648901,0.00180347257265037,0.00617615666518185,0.001639056979294901,0.03929826282272178,0.0410337436949568,0.01774321328624204,0.060082217532126204,0.016353829105554437,0.00832146878696678,0.00853641436016965,0.0035099249212319603,0.01260266392123382,0.0033794632943129664,0.0,0.0,0.0,0.0,0.0,9.999999999999998e-05,0.0001,0.0001,0.0001,4.135263320862086e-20,0.0,0.0,0.0,0.0,0.0,0.029027661405953597,0.02962088563579185,0.012333247336346272,0.04295327514812454,0.011688102917447098,0.0,0.0,0.0,0.0,0.0,3.846872668788137,3.887886689257769,3.1508923908738495,4.491861244536821,0.49176762647383904,0.48554798192138543,0.5095512634854538,0.38262747972611627,0.5750712369386589,0.07630364713803796,52.2662643467105,51.84092599109181,47.971820374554355,57.50793682409822,3.57467180727938,0.00017101019316013373,0.0001630272030605,7.25941349594339e-05,0.00026541497331712005,7.53113288751757e-05,11.8531223573999,11.573431105679315,10.387154417347187,13.62771512693739,1.4605470933736004,0.0,0.0,0.0,0.0,0.0,1.0,1.0,1.0,1.0,0.0,1.0,1.0,1.0,1.0,0.0,0.0625,0.0625,0.0625,0.0625,0.0,0.0625,0.0625,0.0625,0.0625,0.0,361.9045199999999,349.2886,308.0607,404.93568000000005,38.2134823394914,1.0,1.0,1.0,1.0,0.0,0.0,0.0,0.0,0.0,0.0,0.0,0.0,0.0,0.0,0.0,0.0011539252299904447,0.0011191751298248,9.739614308540888e-05,0.0025440237833947305,0.0009375172656986913,0.017082956380666835,0.01878213666416465,0.00598078544533081,0.025265301713455132,0.007008366841792088,0.019009792167172263,0.02197981816265265,0.007422265717507361,0.02841528719253952,0.00828840756225414,0.02849416219082183,0.0309908462948435,0.00944118158228331,0.04494011962596486,0.013453334279610542,0.03845707510633309,0.0410337436949568,0.012551481166232729,0.060082217532126204,0.01742139278588686,0.005360045387755627,0.0053354902977751,0.0017139932263706,0.00873763931611816,0.0025996182866022425,0.0,0.0,0.0,0.0,0.0,0.0,0.0,0.0,0.0,0.0,0.0,0.0,0.0,0.0,0.0,0.0,0.0,0.0,0.0,0.0
Sweep_AmplitudeStep_300pct,300.0,LKF,Model-based,fast,30,0.0075644247876128475,0.00709462759878925,0.00445085851369349,0.01398980283996744,0.0031676609879526967,0.004444297475152256,0.0043392735416642,0.00367283228530899,0.00595490719452273,0.0007579790733467374,0.07946859696098439,0.0796205036144961,0.0290180991621319,0.16657289713912385,0.04671442000243587,0.005961617752575896,0.00561265200764045,0.00242934291360074,0.01265913351066084,0.0033843578042546986,0.0,0.0,0.0,0.0,0.0,9.999999999999998e-05,0.0001,0.0001,0.0001,4.135263320862086e-20,0.0,0.0,0.0,0.0,0.0,0.02232915073288008,0.021177526877115653,0.0110174301025561,0.04393230772650554,0.010906215519641828,0.0,0.0,0.0,0.0,0.0,7.669241175372932,6.9948792530460935,5.391588958248762,13.059856574612283,2.6786291025174416,3.112265246817807,3.0798046822630925,2.9695883239443783,3.3843609035150433,0.13166552011517352,68.50484508702111,67.60947601897604,64.29414774924552,74.03098648078529,3.484332420715613,0.0005242456850111512,0.00051139380324825,0.00015500415537852,0.00106148204572773,0.00030417027716360314,12.97188736428223,12.875442105068236,11.515563950150918,14.206386682221359,1.309656136929417,7.900000000000002,7.9,7.9,7.9,3.613448226613569e-15,1.0,1.0,1.0,1.0,0.0,1.0,1.0,1.0,1.0,0.0,0.0625,0.0625,0.0625,0.0625,0.0,0.0625,0.0625,0.0625,0.0625,0.0,378.6787766666667,386.1316,327.19551,421.32919000000004,41.09398849046251,1.0,1.0,1.0,1.0,0.0,0.0,0.0,0.0,0.0,0.0,0.0,0.0,0.0,0.0,0.0,0.0038801113082998235,0.00388369286394675,0.00386096764247101,0.00390030545951814,1.9970384926256847e-05,0.052735795996467924,0.052153445768475054,0.01729155917803723,0.11277271943858912,0.032317728619142776,0.03338299478389576,0.032333293523399004,0.011233757009591611,0.07280922287101933,0.020582240548307613,0.024610875872845935,0.02373754594712675,0.008598074263734951,0.05332861031185334,0.014927219152958133,0.07946859696098439,0.0796205036144961,0.0290180991621319,0.16657289713912385,0.04671442000243587,0.004322041776734147,0.00419808173500155,0.00392497382220434,0.00529968024865744,0.0004546814028383522,0.0,0.0,0.0,0.0,0.0,0.0,0.0,0.0,0.0,0.0,0.0,0.0,0.0,0.0,0.0,0.0,0.0,0.0,0.0,0.0
Sweep_AmplitudeStep_300pct,300.0,LKF2,Model-based,fast,30,0.02693978120542605,0.0263605359958694,0.01938746917903203,0.035139227640914684,0.006125725925020562,0.011216307654580815,0.01092330031979245,0.00907975181210146,0.01422940023892296,0.0019107112928969205,0.29336626687828465,0.29008797318356017,0.20163879675935797,0.3969448820184844,0.0751908259866112,0.02446231956679768,0.0239622605665492,0.01700256690286748,0.03205406465398592,0.005955503324578264,0.0,0.0,0.0,0.0,0.0,9.999999999999998e-05,0.0001,0.0001,0.0001,4.135263320862086e-20,0.0,0.0,0.0,0.0,0.0,0.08460326635497403,0.08286529906723795,0.060384197399720375,0.11056534126938908,0.019583631692472216,0.32504333333333335,0.35519999999999996,0.2822400000000001,0.39716,0.1136026580654706,62.62920673628496,62.63273694160354,58.67702077440562,66.7035870956969,3.1451588515412143,14.335348198914092,13.674337197518138,11.736140884127753,17.85552241830969,2.448364660435303,81.65989210424571,81.42566211159954,77.94161149046037,85.24726172608518,3.183305660022012,0.0013007713367176102,0.0013651105778515501,0.00071552443863649,0.0018629743753141202,0.0004865524753108813,13.251578616002814,12.441438438605262,10.676490194989166,17.64948243616095,2.867702670629015,0.0,0.0,0.0,0.0,0.0,0.0,0.0,0.0,0.0,0.0,1.0,1.0,1.0,1.0,0.0,0.0625,0.0625,0.0625,0.0625,0.0,0.0625,0.0625,0.0625,0.0625,0.0,385.3177666666666,386.1316,329.3216,435.5788,50.11372662614048,1.0,1.0,1.0,1.0,0.0,0.0,0.0,0.0,0.0,0.0,0.0,0.0,0.0,0.0,0.0,0.0006759483510372847,0.00041784571716434995,0.00011577530195718472,0.0017199284674732202,0.0006569193073465926,0.17848581494845558,0.17968812262549105,0.11222113060562791,0.248341139657773,0.053585944146543156,0.1217323446247827,0.1204560837936196,0.0817832454524087,0.1640897920981248,0.03234931277634628,0.09553749622193938,0.09451928255401434,0.0661998639683458,0.1269909787166656,0.02381035320936363,0.29336626687828465,0.29008797318356017,0.20163879675935797,0.3969448820184844,0.0751908259866112,0.015796084272031517,0.01570276694747135,0.01512592523671733,0.01656381868874653,0.0005933707173276278,0.011986666666666668,0.0148,0.003420000000000001,0.0187,0.006640665386963056,0.0,0.0,0.0,0.0,0.0,0.0,0.0,0.0,0.0,0.0,0.0,0.0,0.0,0.0,0.0
Sweep_AmplitudeStep_300pct,300.0,RA-EKF,Model-based,fast,30,0.001513183499439033,0.0014281093179582,0.00133618465333727,0.0017253201401108004,0.00023367291470568878,0.00115227532889322,0.0010971926263432,0.0010204254702136,0.00135772114327936,0.0001702014034406809,0.01644929050872217,0.01650347385181655,0.01287728924246417,0.01965707729898866,0.002696814605132919,0.0009790519208780033,0.0009391199012397,0.00083540063343964,0.0011267606991973301,0.00017086968773278083,0.0,0.0,0.0,0.0,0.0,9.999999999999998e-05,0.0001,0.0001,0.0001,4.135263320862086e-20,0.0,0.0,0.0,0.0,0.0,0.004089431091527357,0.003942874759931,0.0035606694237901803,0.004550199190752181,0.0006684776070403122,0.0,0.0,0.0,0.0,0.0,3.60209867374787,3.589056760304743,2.9457295071377843,4.200399039966385,0.4770796348378175,1.0024801025016543,0.9966392078979655,0.9605227039815044,1.0521476432109456,0.037772600275485894,58.66621263457217,58.04514142957112,54.761086984310595,63.779764357542994,3.422521761923629,4.6135416950177887e-05,4.702583946294645e-05,2.6695511363471354e-05,6.0374722918607194e-05,1.7047893305825864e-05,20.11848107203921,19.674832879654833,14.727191081976928,24.911810454974724,3.9858533023884894,0.0,0.0,0.0,0.0,0.0,1.0,1.0,1.0,1.0,0.0,1.0,1.0,1.0,1.0,0.0,0.0625,0.0625,0.0625,0.0625,0.0,0.0625,0.0625,0.0625,0.0625,0.0,492.52757,486.89480000000003,435.5788,549.50382,52.279215076905516,1.0,1.0,1.0,1.0,0.0,0.0,0.0,0.0,0.0,0.0,0.0,0.0,0.0,0.0,0.0,0.0007267765636445568,0.0004328451877891,0.00028081403669212,0.0013346118189403006,0.0006984185052950436,0.0076976256656993945,0.0077480806705921505,0.0064770559570620995,0.00918090147194538,0.0011144807309431018,0.004671151452990703,0.0046630072215243495,0.00393338425805789,0.005523381697969181,0.0006935590609106456,0.0033596429143283534,0.0033526107386248,0.00283341556558303,0.00395305511779586,0.0004912815995570107,0.01644929050872217,0.01650347385181655,0.01287728924246417,0.01965707729898866,0.002696814605132919,0.001282613445251177,0.0012572239647616,0.00123435515938638,0.00136349650021112,5.103040592911589e-05,0.0,0.0,0.0,0.0,0.0,0.0,0.0,0.0,0.0,0.0,0.0,0.0,0.0,0.0,0.0,0.0,0.0,0.0,0.0,0.0
Sweep_AmplitudeStep_300pct,300.0,UKF,Model-based,fast,30,0.007572286083774537,0.00834004518350915,0.00387328075668614,0.01038959263060452,0.0027039248938878634,0.0027064082964372406,0.00294410666527855,0.00160660595941152,0.00347730600551387,0.0008089582360828952,0.05470076554620436,0.0573718530301299,0.02696257243113175,0.07502132031846855,0.018335086054555274,0.007065507763696091,0.0077420116772282995,0.0033904806145876702,0.009830248278136151,0.0025987478216625516,0.0,0.0,0.0,0.0,0.0,9.999999999999998e-05,0.0001,0.0001,0.0001,4.135263320862086e-20,0.0,0.0,0.0,0.0,0.0,0.02390293158752565,0.02632493912398075,0.01204409623765581,0.03285371358431992,0.008582188699328532,0.0,0.0,0.0,0.0,0.0,11.148317955553823,11.266973354064902,10.381464476242996,11.771416441341387,0.5351082647982343,2.0926539205391728,2.101641821328064,2.040725092199215,2.1362566270010444,0.03536996462268829,65.06336823540501,64.24844879785674,61.35443621982573,70.04745762590224,3.3637211517246604,0.00022417092782831645,0.00025716077442260003,0.00011740792898872423,0.00031959923451126,9.115638431166189e-05,19.076872272528067,19.530164990833846,14.611456770920135,22.01845267855489,3.1557623875091383,0.0,0.0,0.0,0.0,0.0,1.0,1.0,1.0,1.0,0.0,1.0,1.0,1.0,1.0,0.0,0.0625,0.0625,0.0625,0.0625,0.0,0.0625,0.0625,0.0625,0.0625,0.0,467.7823933333333,465.6275,403.2901,533.3691,59.241664931520745,1.0,1.0,1.0,1.0,0.0,0.0,0.0,0.0,0.0,0.0,0.0,0.0,0.0,0.0,0.0,0.00012448902552573198,0.0001171018091366,4.786349083559595e-05,0.00021936237175013,7.424923971372387e-05,0.03581172803599931,0.03945803381894005,0.01460804405926282,0.0518901247505645,0.014183889286748729,0.02835219210557692,0.0297240220574242,0.011966705886603741,0.04013277628515304,0.010550939234136646,0.027296235858985485,0.0298266301298558,0.01060955027535029,0.03815812193918441,0.010570469101056888,0.05470076554620436,0.0573718530301299,0.02696257243113175,0.07502132031846855,0.018335086054555274,0.00272797436175981,0.0025691858308482,0.00241780605973774,0.00320664805990894,0.00032867101376874276,0.0,0.0,0.0,0.0,0.0,0.0,0.0,0.0,0.0,0.0,0.0,0.0,0.0,0.0,0.0,0.0,0.0,0.0,0.0,0.0
Sweep_AmplitudeStep_300pct,300.0,IPDFT,Window-based,fast,30,0.020325827335081637,0.0238680493996416,0.0054761691389922,0.03086188084205747,0.009423898460149557,0.004776265728662487,0.005573147225808751,0.0012413236689190498,0.00718249156201285,0.0021889986387239415,0.16680011911427142,0.1963574568203192,0.053621098293600504,0.25424554036359337,0.07537142042573926,0.01975639552953049,0.023208267002321453,0.00534455120212828,0.03001444470623868,0.009166783390316385,0.0,0.0,0.0,0.0,0.0,9.999999999999998e-05,0.0001,0.0001,0.0001,4.135263320862086e-20,0.0,0.0,0.0,0.0,0.0,0.06404545231725414,0.0751979482327733,0.01722689494078849,0.0972258256807289,0.029688117608329873,0.17637333333333335,0.0,0.0,0.39934000000000003,0.1927659576709062,14.320733382094867,16.355242767200906,5.329743113749785,21.81858870840614,6.108842385371175,1.845538355922556,2.143768884909823,0.6256378501830464,2.784428772293419,0.8002616859108105,62.88248410311071,63.52611453608072,55.20051282924587,68.98512442948737,5.732456325286602,0.00105070746335371,0.00120474919672065,0.00041106698285388,0.00154342057085014,0.00042951456759600593,12.325704127548471,12.15210266096328,10.647556617224968,14.17745310445716,1.556452523884887,66.59999999999998,66.60000000000001,66.60000000000001,66.60000000000001,4.336137871936283e-14,0.4,0.0,0.0,1.0,0.4982728791224399,1.0,1.0,1.0,1.0,0.0,0.0625,0.0625,0.0625,0.0625,0.0,0.0625,0.0625,0.0625,0.0625,0.0,376.29265333333325,377.15189999999996,308.0607,437.10636,55.514736751087774,1.0,1.0,1.0,1.0,0.0,0.0,0.0,0.0,0.0,0.0,0.0,0.0,0.0,0.0,0.0,0.0004116804330346666,0.00034760632201825,0.00021914911805248,0.0006276953235985201,0.00019386086538357878,0.045013767897689044,0.04772087609995485,0.013463216299233041,0.06964463655406865,0.021635540511090776,0.0911870404984537,0.10675503432187311,0.02940076425997691,0.13879728098761818,0.041074611119996725,0.08197268194600045,0.0962676055199396,0.022207754589731662,0.12449035371267383,0.03799084637288374,0.16680011911427142,0.1963574568203192,0.053621098293600504,0.25424554036359337,0.07537142042573926,0.00095945693173801,0.0011020348132879999,0.00018931481856544,0.0014722128067338,0.0004601777758439054,0.01226,0.0,0.0,0.0276,0.013378149967455295,0.0,0.0,0.0,0.0,0.0,0.0,0.0,0.0,0.0,0.0,0.0,0.0,0.0,0.0,0.0
Sweep_AmplitudeStep_300pct,300.0,TFT,Window-based,fast,30,0.01642811712345221,0.0179921735930368,0.00398133798452554,0.02511716205354979,0.007787895782226997,0.004221520627477343,0.00467915033302165,0.0011063596843684,0.006388385506037739,0.001968221951360129,0.12133974387178764,0.12863731252193839,0.026510792869891678,0.1859095786177036,0.05773566941257417,0.015876284119486748,0.017373075695881,0.00382450095384133,0.02428653415595548,0.007535450058670404,0.0,0.0,0.0,0.0,0.0,9.999999999999998e-05,0.0001,0.0001,0.0001,4.135263320862086e-20,0.0,0.0,0.0,0.0,0.0,0.05185037298593778,0.0567983774206648,0.01257986254589269,0.07926553176067058,0.024574077738606915,0.0,0.0,0.0,0.0,0.0,7.7985637356915065,8.781629698351168,1.89503751840725,12.071805544154657,3.745844652162197,1.0192216462310266,1.1109137807524025,0.2987890433228955,1.5436527235658084,0.46315315145087627,57.543601306362035,58.6466728106939,48.42935889060729,64.28575766266333,6.110890230169015,0.0002053682723492852,0.00021175430470465,7.243265722854767e-05,0.00032425858265356,9.807957003306979e-05,16.32818238492923,15.913467770309056,13.309445771531212,18.25708756920912,2.508235397204539,83.30000000000003,83.3,83.3,83.3,1.4453792906454277e-14,0.4,0.0,0.0,1.0,0.4982728791224399,1.0,1.0,1.0,1.0,0.0,0.0625,0.0625,0.0625,0.0625,0.0,0.0625,0.0625,0.0625,0.0625,0.0,410.3238366666667,411.51800000000003,366.28384,465.6275,44.877546653198294,1.0,1.0,1.0,1.0,0.0,0.0,0.0,0.0,0.0,0.0,0.0,0.0,0.0,0.0,0.0,0.00022998976694696578,0.0002111036600714,9.261617726634804e-05,0.00034045179404000017,0.00014043130611715663,0.01693764421386102,0.018034873909254297,0.004588524465892881,0.0261318739430432,0.008234661761051957,0.07667580258289901,0.08223942616295105,0.0165290494214192,0.11784317182186417,0.03693448146936652,0.0634848609727577,0.0698072466018818,0.015482033369456371,0.09710734839342076,0.030122640746610228,0.12133974387178764,0.12863731252193839,0.026510792869891678,0.1859095786177036,0.05773566941257417,0.0008699221175496267,0.0009312573480986,0.00016801813441498,0.00132991587373102,0.00042075050809081964,0.0,0.0,0.0,0.0,0.0,0.0,0.0,0.0,0.0,0.0,0.0,0.0,0.0,0.0,0.0,0.0,0.0,0.0,0.0,0.0
Sweep_AmplitudeStep_350pct,350.0,RLS,Adaptive,fast,30,1.9995986533578105,2.04872591247741,1.567058314962109,2.430234318264749,0.3765337678923971,1.4468951022109109,1.4926369856181985,1.1014873047724303,1.8399772915625783,0.31407408352100397,7.257474872609322,8.07504003397019,2.897885202352172,9.511901506883166,2.3862179018348093,1.340828141423116,1.403253223438997,0.6958865475265722,1.7472339231331897,0.3922963469278579,1.2426233333333334,1.2816,1.06555,1.3582400000000001,0.12281843813990813,9.999999999999998e-05,0.0001,0.0001,0.0001,4.135263320862086e-20,0.89428,1.0502,0.30419,1.248,0.35518114407080825,5.469379526480259,5.673975323415888,3.7940091067060564,6.82594498036203,1.276310148282079,1.6501000000000003,1.6501,1.6501,1.6501,0.0,201.52252353570728,200.77194760850676,198.48226026484818,205.0955458643351,3.2223203199204846,33.77442925873933,35.73789596563489,22.1148821982909,39.13660347953795,5.737429883976306,89.06944049004245,89.33039887769618,85.26290019764181,92.74237758221254,3.323740266039186,0.015421150022807213,0.0156108007667513,0.00670719073388254,0.027599040004226992,0.007679092981197387,14.85256991895512,14.322120993278151,14.148519526692962,17.157611614169582,1.3620593376076147,0.0,0.0,0.0,0.0,0.0,0.0,0.0,0.0,0.0,0.0,0.0,0.0,0.0,0.0,0.0,0.0625,0.0625,0.0625,0.0625,0.0,0.0625,0.0625,0.0625,0.0625,0.0,437.19057666666663,443.21659999999997,386.1316,467.05920000000003,36.634598812651404,1.0,1.0,1.0,1.0,0.0,0.0,0.0,0.0,0.0,0.0,0.0,0.0,0.0,0.0,0.0,0.2814363536694602,0.11830305189930486,0.022671444414604402,0.7619524890868787,0.34565416968324664,1.7266615454235708,1.8186201136905629,1.2037984316849126,1.9656028734947633,0.4093376348220037,4.457161947148071,4.885588735357103,2.3982704455516584,5.173546177923633,1.0642200180908212,5.447131724822625,5.853685846393891,2.441619460791022,7.165977442964475,1.7569358660486463,7.257474872609322,8.07504003397019,2.897885202352172,9.511901506883166,2.3862179018348093,1.3854777075340836,1.3336728019493442,0.9437810707929342,1.7894389746868746,0.3338862967556838,1.3000999999999998,1.3001,1.26146,1.33874,0.029342096392208514,0.0,0.0,0.0,0.0,0.0,0.0,0.0,0.0,0.0,0.0,0.0,0.0,0.0,0.0,0.0
Sweep_AmplitudeStep_350pct,350.0,TKEO,Adaptive,fast,30,10.680523077690037,10.671236317358673,9.806369068990566,11.455843922280348,0.6820881472754378,9.864736652283154,9.799020332887679,8.907100998117258,10.809122530723014,0.7644047520880308,14.800347708498833,14.86716450508395,14.205471202837646,15.38006269129307,0.6175625409360819,4.070532477576708,4.092935584976632,3.7238882441568006,4.3346337659580785,0.2807771940615942,1.6501000000000003,1.6501,1.6501,1.6501,0.0,9.999999999999998e-05,0.0001,0.0001,0.0001,4.135263320862086e-20,1.6501000000000003,1.6501,1.6501,1.6501,0.0,22.07633408501328,22.213124950765746,20.99491206545317,23.17836295578556,0.9257743878031235,1.6501000000000003,1.6501,1.6501,1.6501,0.0,316.8824425626297,315.1801350889905,293.6052379910663,346.63726276362183,22.019595235962186,78.27612956435605,77.05791182866578,67.73613077096681,94.15025678081395,10.104184579193102,96.41118820179143,95.75628688941595,91.31670297141181,103.00245226573776,4.4711077919011375,0.07440648857829693,0.07520553904473956,0.06251678139111636,0.08432792241311775,0.009543228548728612,10.560755883932377,10.271420106290392,8.651139751495288,12.730774216247244,1.67292721836934,0.30000000000000004,0.3,0.3,0.3,0.0,0.0,0.0,0.0,0.0,0.0,0.0,0.0,0.0,0.0,0.0,0.0625,0.0625,0.0625,0.0625,0.0,0.0625,0.0625,0.0625,0.0625,0.0,352.35999999999996,349.2886,285.2167,419.7459,49.37174650845536,1.0,1.0,1.0,1.0,0.0,0.0,0.0,0.0,0.0,0.0,0.0,0.0,0.0,0.0,0.0,4.726373860666892,4.58592566339739,3.7353699296368714,6.200353566925124,0.9780920635914249,5.28653115205232,5.040589593295295,4.115628678442643,6.863096937423585,1.0119207091433438,5.583808784972694,5.392472278415335,4.419736732232793,7.204705314340614,1.0050977644413321,6.049064963342016,5.851808687131423,4.860173993684585,7.669611156717571,1.0129320190804283,6.922227225671125,6.8195049234615865,5.725234248983163,8.511117450968321,1.0528353381647688,9.712530074216179,9.610226777363938,8.603837990468922,11.090504221251425,1.055019181329759,1.3000999999999998,1.3001,1.26146,1.33874,0.029342096392208514,0.0,0.0,0.0,0.0,0.0,0.0,0.0,0.0,0.0,0.0,0.0,0.0,0.0,0.0,0.0
Sweep_AmplitudeStep_350pct,350.0,PLL,Loop-based,fast,30,0.22500670448258525,0.17580989418480825,0.16596747985004257,0.3230342877968607,0.13365875055492243,0.1674361315766434,0.15119765333944812,0.14746915664361582,0.19944906840158316,0.043651326563775635,1.2658284722412747,0.9883087907809482,0.5801541610590881,2.4225889314133466,0.817271117698371,0.14057031479200163,0.0898030621405021,0.07622745750068842,0.25392219819898443,0.13744112727171096,0.027576666666666663,0.01055,0.0024500000000000004,0.08106000000000001,0.03950765690373183,9.999999999999998e-05,0.0001,0.0001,0.0001,4.135263320862086e-20,0.01891,0.0049499999999999995,0.002,0.055080000000000025,0.033313664484402046,0.5891470759526485,0.4210894981263176,0.3760815059084322,0.9612156629985368,0.4557783794507874,1.649016666666667,1.6491500000000001,1.6475000000000002,1.6501,0.0010167844288306825,190.4229500806978,190.09392960019687,177.2899227087823,203.25730785697974,10.533833381554777,122.91813817561284,123.12935091586098,122.155081150076,123.39761746010886,0.4747563665091834,100.44276842800183,99.82927180707574,96.5091496009372,105.30214432986885,3.3806079836667524,0.00757156934199226,0.0064943928685440005,0.0034776884311361503,0.012804738874123194,0.004914873469809059,10.657201143146368,10.560755883932373,8.651139751495288,13.049043571653428,1.685533801460894,0.0,0.0,0.0,0.0,0.0,0.0,0.0,0.0,0.0,0.0,0.0,0.0,0.0,0.0,0.0,0.0625,0.0625,0.0625,0.0625,0.0,0.0625,0.0625,0.0625,0.0625,0.0,459.74482666666677,349.2886,285.2167,387.84745000000004,665.2321245860636,1.0,1.0,1.0,1.0,0.0,0.0,0.0,0.0,0.0,0.0,0.0,0.0,0.0,0.0,0.0,0.16165811310418274,0.1613619758116804,0.16114621607410842,0.16159683480466439,0.0015859654846807497,0.4708947168857217,0.42253014110818743,0.26361867172946524,0.7626309227680336,0.17616690507636604,0.3137760963698707,0.28609440960862126,0.2070633460058868,0.4731155202435448,0.0944788913348904,0.25396010806077834,0.23403818310804256,0.18614727706926013,0.36050818004085494,0.06239766045399616,0.9027322288534563,0.9094157815601953,0.5355122718742258,1.3454401546704289,0.2850803484506622,0.161359004108378,0.16136116207517634,0.16116192249908806,0.16154012293488554,0.00014333877637127493,1.2990166666666667,1.2988,1.25868,1.3387,0.029281794783570333,0.0,0.0,0.0,0.0,0.0,0.0,0.0,0.0,0.0,0.0,0.0,0.0,0.0,0.0,0.0
Sweep_AmplitudeStep_350pct,350.0,SOGI-FLL,Loop-based,fast,30,0.020944197416100267,0.01929915745851725,0.01637952202505412,0.02890818577638999,0.004588244597374408,0.009220785521316619,0.00876992922328375,0.00785684296573772,0.01134509550957816,0.0013717649428529848,0.1207619290435547,0.12172688329993869,0.08436261810982655,0.14803247598095695,0.024269410533272005,0.018780846448679875,0.017571016828423297,0.01421128692375722,0.026523672444819558,0.004485328676485399,0.0,0.0,0.0,0.0,0.0,9.999999999999998e-05,0.0001,0.0001,0.0001,4.135263320862086e-20,0.0,0.0,0.0,0.0,0.0,0.06556332486735639,0.0606843446710223,0.05077806223680219,0.0911107262235468,0.014746393941142615,0.0,0.0,0.0,0.0,0.0,7.471239442925419,7.530772401009855,6.014893509595609,9.235474517465645,1.074918260497402,1.4279852021816892,1.383166239447425,1.0601130935153789,1.8393263612125736,0.2656891235186171,61.591747500355034,61.49510726697091,57.68924707423454,67.40805937539002,3.9864521996137454,0.0005392789145852666,0.0005493944121162,0.00023322693820182,0.0007656243778541,0.00019444266235225452,11.45769679462252,11.284095328037331,9.25874488454345,13.598781549173191,1.6324919122248989,0.0,0.0,0.0,0.0,0.0,0.06666666666666667,0.0,0.0,0.0,0.2537081317024625,1.0,1.0,1.0,1.0,0.0,0.0625,0.0625,0.0625,0.0625,0.0,0.0625,0.0625,0.0625,0.0625,0.0,335.99821333333324,329.3216,260.3733,389.49303000000003,44.07420300048649,1.0,1.0,1.0,1.0,0.0,0.0,0.0,0.0,0.0,0.0,0.0,0.0,0.0,0.0,0.0,0.003633779981393107,0.00361761947290465,0.00350176140238118,0.00378701078926529,0.00012522741123847128,0.07601244166257122,0.08260778854966119,0.02462823790806247,0.11763396669303136,0.03288270000681113,0.07155178809518895,0.07031123094194991,0.04127072235354638,0.10256058305252884,0.023167910287826794,0.07849345214514639,0.0757451651448134,0.057173235134337703,0.10892023759162826,0.017734144913018415,0.1207619290435547,0.12172688329993869,0.08436261810982655,0.14803247598095695,0.024269410533272005,0.00527777500664223,0.00522266484455475,0.005039321043638451,0.00564151085067172,0.0002321221537208027,0.0,0.0,0.0,0.0,0.0,0.0,0.0,0.0,0.0,0.0,0.0,0.0,0.0,0.0,0.0,0.0,0.0,0.0,0.0,0.0
Sweep_AmplitudeStep_350pct,350.0,SOGI-PLL,Loop-based,fast,30,0.03093166215891351,0.030615298838659252,0.0139536083815742,0.04965337875784438,0.013952403311670662,0.009771645582356348,0.01014748950766645,0.00516246636762976,0.01535132038384872,0.004009484559464569,0.340764820302833,0.3252786176182134,0.11839784655887797,0.5966125646638837,0.19101955065078746,0.029313128615010724,0.02897165615276985,0.01296194458206442,0.04690236119045047,0.013441968349556098,0.00126,0.0,0.0,0.0055,0.0021201171080211913,9.999999999999998e-05,0.0001,0.0001,0.0001,4.135263320862086e-20,0.00126,0.0,0.0,0.0055,0.0021201171080211913,0.09771103142738866,0.0967297046806954,0.04404830011382329,0.15700069001680445,0.04412375081976756,0.24230666666666664,0.33699999999999997,0.0,0.39957000000000004,0.17490787118451487,43.80659922986515,45.06337564166962,14.794056266433488,69.77288749097177,21.68849781159834,5.455467617506185,5.920770259896064,2.3279144576468873,8.051342259154024,2.215893755690495,72.4126999076334,73.42061001438826,62.1762531622163,80.92807098953914,6.681546440506043,0.0022622604631968935,0.0022336749092782,0.0006976022372961201,0.00396689381649341,0.001285310280191553,10.049596010098206,9.982084328648408,8.390737551617502,11.602364683443515,1.2179469267830405,0.0,0.0,0.0,0.0,0.0,0.16666666666666666,0.0,0.0,1.0,0.3790490217894516,0.7,1.0,0.0,1.0,0.46609159969939895,0.0625,0.0625,0.0625,0.0625,0.0,0.0625,0.0625,0.0625,0.0625,0.0,337.41080999999997,339.3051,285.2167,386.1316,43.51037864362898,1.0,1.0,1.0,1.0,0.0,0.0,0.0,0.0,0.0,0.0,0.0,0.0,0.0,0.0,0.0,0.00203760516610637,0.00185914387359755,0.00177915937329499,0.00216696332898525,0.0006327388712142118,0.20405219137060404,0.19499899660910205,0.039005725604795816,0.40306918596346275,0.13024863877713003,0.1239465492439933,0.11733659272727276,0.023668348313261534,0.24558976216283934,0.0793686597182834,0.09357976304680007,0.08685353574004939,0.01684106093509919,0.18879157104617877,0.06148902808126421,0.3145575956241115,0.3047537132937137,0.06996446093456396,0.5964877954417254,0.19041294406566114,0.0018306824498052865,0.0017904559414771,0.00176293084793518,0.00197132443367378,7.924746078942935e-05,0.008446666666666667,0.0119,0.0,0.014520000000000002,0.006320777632938646,0.0,0.0,0.0,0.0,0.0,0.0,0.0,0.0,0.0,0.0,0.0,0.0,0.0,0.0,0.0
Sweep_AmplitudeStep_350pct,350.0,Type-3 SOGI-PLL,Loop-based,fast,30,0.04398372881691008,0.03981714530065235,0.02215598543350262,0.07182878956338,0.02452878742741055,0.01332236988493831,0.01203090246927195,0.0064452666832954,0.02186125904902675,0.006321039314824095,0.4052420658316926,0.3595425453086598,0.21732135956866108,0.5800581512126273,0.20336827102265276,0.041883098676547374,0.03820985115437985,0.02097842063755402,0.06821413037350357,0.02376329940570908,0.0026966666666666667,0.0,0.0,0.005890000000000007,0.006809500631512911,9.999999999999998e-05,0.0001,0.0001,0.0001,4.135263320862086e-20,0.0026966666666666667,0.0,0.0,0.005890000000000007,0.006809500631512911,0.13897166591458054,0.1257988503542968,0.07003795254753654,0.22713548290302024,0.07747101807725598,0.2929066666666667,0.35225,0.004650000000000001,0.40076999999999996,0.1452615736580366,24.69237366821512,25.35233894175093,14.911675257218704,33.12854161449508,7.366895357985022,5.237840520839725,5.717719793120917,3.165385039522037,6.763847667796918,1.310454802018984,72.71208921047703,72.75305205568591,66.6640301687305,79.14632513010045,4.693759981440964,0.003296386535529394,0.0033904234320916,0.0017870824382971201,0.00534842842740677,0.001400240368512384,11.100849335530741,11.428763216858323,9.229811306779252,12.470372016369462,1.2793279955322625,0.0,0.0,0.0,0.0,0.0,0.06666666666666667,0.0,0.0,0.0,0.2537081317024624,0.6,1.0,0.0,1.0,0.4982728791224399,0.0625,0.0625,0.0625,0.0625,0.0,0.0625,0.0625,0.0625,0.0625,0.0,342.29399666666666,339.3051,303.29196,387.84745000000004,46.86760738938101,1.0,1.0,1.0,1.0,0.0,0.0,0.0,0.0,0.0,0.0,0.0,0.0,0.0,0.0,0.0,0.0027031898267229734,0.0026461959098807,0.00261008675097097,0.00271734863862707,0.00023361742081911822,0.205691159554474,0.16417915412988915,0.07195804943473062,0.38354526281401713,0.11231253725075085,0.13428709991186175,0.11745551654966424,0.048501723259547234,0.24478744953575868,0.0696521990698693,0.09835009055095384,0.08623994063768894,0.03436128600885338,0.18056233713243725,0.05179937642218854,0.30350573787394974,0.2973701277874383,0.14331176375076424,0.5170952342036059,0.13647535381138468,0.0029108479891539604,0.0028149012996199502,0.00260524300565203,0.0034580782888167,0.00032841421926403723,0.010966666666666668,0.0117,0.0,0.0192,0.007414586431758887,0.0,0.0,0.0,0.0,0.0,0.0,0.0,0.0,0.0,0.0,0.0,0.0,0.0,0.0,0.0
Sweep_AmplitudeStep_350pct,350.0,ZCD,Loop-based,fast,30,0.006728433297752711,0.0064327216236008,0.0030072969563468602,0.01085238519685013,0.002847396669812284,0.004218716986558113,0.00390256164943965,0.0021395188325390503,0.006549846713867531,0.0016497796524723048,0.02964649100898236,0.026657321165281148,0.01313702910694296,0.046597575991313506,0.015184085829504474,0.0052254605543701396,0.00519480449526405,0.0021132739972645003,0.00851757230438306,0.0023580753449655187,0.0,0.0,0.0,0.0,0.0,9.999999999999998e-05,0.0001,0.0001,0.0001,4.135263320862086e-20,0.0,0.0,0.0,0.0,0.0,0.01989509864966869,0.019509212647525198,0.008479340824332752,0.032285796213803584,0.008669807383287716,0.0,0.0,0.0,0.0,0.0,27.075648147836993,27.066546271612424,14.197000684852412,37.667503946771326,9.3712316651228,6.348560001528808,6.263400687844383,2.8813199631435302,10.345527548899565,2.723660916007979,73.79611710252549,74.27162162715724,71.31128814309858,75.65065677661907,1.695490250479294,0.001004693546738233,0.00081886425248945,0.0005333906631412899,0.0018640540369366202,0.0005495372610477822,5.0826651605774975,4.918708219913709,4.340036664629743,6.1049849082458385,0.6867281724671894,16.699999999999996,16.7,16.7,16.7,7.226896453227138e-15,1.0,1.0,1.0,1.0,0.0,1.0,1.0,1.0,1.0,0.0,0.0625,0.0625,0.0625,0.0625,0.0,0.0625,0.0625,0.0625,0.0625,0.0,190.95944666666665,201.6955,159.86492,235.63959000000003,62.3869036542166,1.0,1.0,1.0,1.0,0.0,0.0,0.0,0.0,0.0,0.0,0.0,0.0,0.0,0.0,0.0,0.013196380604745934,0.009781870133885099,0.00461844382826642,0.023542285242077573,0.008194980470828048,0.009261444869164566,0.0066423787391051,0.00289138200537064,0.01625919121608067,0.008623747370435544,0.006905050406347236,0.00528178245148695,0.0027290812107560003,0.012902588815844426,0.0054164396200676755,0.00544475289204136,0.00423058845407925,0.0020098854627198,0.009407852145011485,0.003905662898763256,0.011570821894305713,0.009555031829027151,0.0036146276272965203,0.01824360174885833,0.009071232778058887,0.003023090297095124,0.0029115000918965997,0.0015025842058597,0.004459358591064041,0.0013233017284890738,0.0,0.0,0.0,0.0,0.0,0.0,0.0,0.0,0.0,0.0,0.0,0.0,0.0,0.0,0.0,0.0,0.0,0.0,0.0,0.0
Sweep_AmplitudeStep_350pct,350.0,EKF,Model-based,fast,30,0.01060053734159272,0.01099003350088485,0.00461932370554804,0.01584568620910059,0.004380337456862838,0.004519016311120724,0.0048425865002998,0.0020322677305516803,0.00679386163681926,0.0018329277611640253,0.04654320454752698,0.04965141903338825,0.01849244456306983,0.0718785884337904,0.020212216708711622,0.009573230923354981,0.00999802304145625,0.00414845377676708,0.01470455242185763,0.004017625931530697,0.0,0.0,0.0,0.0,0.0,9.999999999999998e-05,0.0001,0.0001,0.0001,4.135263320862086e-20,0.0,0.0,0.0,0.0,0.0,0.033238709081185785,0.0345180373535152,0.014477027883993422,0.05003343748488773,0.01379526203114196,0.0,0.0,0.0,0.0,0.0,4.706302101416426,4.780576051173213,3.8341629114828635,5.539750920794617,0.650463233162123,0.579547617117567,0.6093601707687537,0.45878657388241967,0.6841417937245894,0.09000312314866075,53.80657095912638,53.367735132056694,49.52906283386715,59.05130975787448,3.564784470004138,0.0002006314358341058,0.00019906129571714998,8.486628042866481e-05,0.00031262449364005,8.73979564147003e-05,12.537883697819257,12.441438438605262,10.068885061941003,15.942401348073256,2.253174909853433,0.0,0.0,0.0,0.0,0.0,0.9,1.0,0.9000000000000004,1.0,0.30512857662936466,1.0,1.0,1.0,1.0,0.0,0.0625,0.0625,0.0625,0.0625,0.0,0.0625,0.0625,0.0625,0.0625,0.0,366.9954533333333,358.7304,308.0607,421.32919000000004,47.864080620798504,1.0,1.0,1.0,1.0,0.0,0.0,0.0,0.0,0.0,0.0,0.0,0.0,0.0,0.0,0.0,0.0011539252299904447,0.0011191751298248,9.739614308540888e-05,0.0025440237833947305,0.0009375172656986913,0.019070148630574418,0.02092239690312405,0.00693075540916735,0.028075438202438102,0.007654574827524361,0.024100106318417008,0.0280789921013616,0.009445233181068971,0.036218391422888095,0.010672906792868636,0.03406548721029876,0.03729767300084205,0.01135828023321503,0.05375355844651692,0.016102226053468408,0.04604546465679837,0.04965141903338825,0.01508109481065952,0.0718785884337904,0.02089420175640946,0.005850226053299034,0.00590068925512535,0.0018743047659215502,0.00952434620307277,0.0028375186720351166,0.0,0.0,0.0,0.0,0.0,0.0,0.0,0.0,0.0,0.0,0.0,0.0,0.0,0.0,0.0,0.0,0.0,0.0,0.0,0.0
Sweep_AmplitudeStep_350pct,350.0,LKF,Model-based,fast,30,0.007856328281108164,0.007289166790484,0.004463720539036001,0.0149027168802554,0.003448407822657448,0.004511528679893973,0.0043859014657919495,0.00366372577561706,0.00616404707519709,0.0008219226259838112,0.08381789769527494,0.0825204006738644,0.02947463984263472,0.1780804017649245,0.04988871072226976,0.0062671844865037265,0.005822011488482,0.00244724461537706,0.0135681793788729,0.0036576555560500074,0.0,0.0,0.0,0.0,0.0,9.999999999999998e-05,0.0001,0.0001,0.0001,4.135263320862086e-20,0.0,0.0,0.0,0.0,0.0,0.023313082139405288,0.021851935931238152,0.01107480159840547,0.046868585211815895,0.011790227304449013,0.0,0.0,0.0,0.0,0.0,7.904717641099642,7.331619312642701,5.391559954903258,13.794291155219796,2.924685178721727,3.1293358902746267,3.0931817594879725,2.969794616662503,3.4418908906081014,0.14972115528749017,68.55035390963026,67.68693514008623,64.30052944047114,74.17456267604761,3.500646375297146,0.0005525672129808795,0.0005358745347277499,0.00016311845785717,0.00114122068910111,0.00032657116428829206,13.299801245609812,12.29677054978427,10.994759550395347,15.68199914819547,3.1708653447888704,7.900000000000002,7.9,7.9,7.9,3.613448226613569e-15,1.0,1.0,1.0,1.0,0.0,1.0,1.0,1.0,1.0,0.0,0.0625,0.0625,0.0625,0.0625,0.0,0.0625,0.0625,0.0625,0.0625,0.0,400.70456,403.2901,329.3216,465.6275,55.46503373660278,1.0,1.0,1.0,1.0,0.0,0.0,0.0,0.0,0.0,0.0,0.0,0.0,0.0,0.0,0.0,0.0038801113082998235,0.00388369286394675,0.00386096764247101,0.00390030545951814,1.9970384926256847e-05,0.055638182328027704,0.05415637719629385,0.01754207871632175,0.12076320727240271,0.0346365593078592,0.03517838151090363,0.033584612603085554,0.01138516154073458,0.07793091808139496,0.022081836698335237,0.02591437402360962,0.02464714419324035,0.00870297621848882,0.05707199859591369,0.016029714069821434,0.08381789769527494,0.0825204006738644,0.02947463984263472,0.1780804017649245,0.04988871072226976,0.00436549556932726,0.004220181031541899,0.0039207770166545,0.00547192724836139,0.0005107893610185796,0.0,0.0,0.0,0.0,0.0,0.0,0.0,0.0,0.0,0.0,0.0,0.0,0.0,0.0,0.0,0.0,0.0,0.0,0.0,0.0
Sweep_AmplitudeStep_350pct,350.0,LKF2,Model-based,fast,30,0.030446976219157727,0.0299001634099079,0.02185291998434282,0.03955085084149961,0.006999212138094887,0.012268591258524725,0.011980230911984701,0.00989913005171909,0.01557397638407306,0.0020812915252223663,0.3410843630554486,0.3368152416427108,0.23425047041016844,0.4620223307841385,0.08791419294285979,0.02783334024024703,0.027370636023226903,0.01932666270451086,0.03645150310323434,0.006820897662754299,1.6666666666666667e-05,0.0,0.0,0.0,9.128709291752766e-05,9.999999999999998e-05,0.0001,0.0001,0.0001,4.135263320862086e-20,1.6666666666666667e-05,0.0,0.0,0.0,9.128709291752766e-05,0.09576861197926595,0.09414024119392231,0.06810904086277657,0.12459957967396788,0.022352349421548283,0.3663066666666666,0.36519999999999997,0.33025000000000004,0.40373000000000003,0.028041077422034013,71.88793665148373,71.92360106023976,67.55574246580665,76.46168680335741,3.521914818242284,16.251035801321294,15.481492742479102,13.140117762952917,20.449308305420864,2.9258434708678234,82.73610641064995,82.5166315666839,78.92299891983355,86.36093761560016,3.1872200680702787,0.0015159195691091334,0.001565779768126,0.00085302793168582,0.0022051914309744397,0.0005562307696517039,12.856153053225437,12.441438438605262,10.96582597263115,14.842925393033722,2.0665268619971755,0.0,0.0,0.0,0.0,0.0,0.0,0.0,0.0,0.0,0.0,0.9666666666666667,1.0,1.0,1.0,0.1825741858350553,0.0625,0.0625,0.0625,0.0625,0.0,0.0625,0.0625,0.0625,0.0625,0.0,377.91029333333324,386.1316,329.3216,422.85675000000003,42.6925105221847,1.0,1.0,1.0,1.0,0.0,0.0,0.0,0.0,0.0,0.0,0.0,0.0,0.0,0.0,0.0,0.0006759483510372847,0.00041784571716434995,0.00011577530195718472,0.0017199284674732202,0.0006569193073465926,0.20631071632333736,0.20765742214862998,0.1298359560484195,0.28699154887306955,0.061884729917364004,0.13950875199071452,0.13795538368110016,0.09375127661579427,0.18816207582174638,0.03706651577489247,0.1098582603859445,0.10876283841416605,0.07588360595953753,0.1464542750707971,0.027634667066852435,0.3410843630554486,0.3368152416427108,0.23425047041016844,0.4620223307841385,0.08791419294285979,0.01685654944879887,0.0167349769273323,0.01624449473304884,0.017556878354112952,0.0005380759595282861,0.016306666666666667,0.0162,0.00556,0.02522,0.0066617763672924424,0.0,0.0,0.0,0.0,0.0,0.0,0.0,0.0,0.0,0.0,0.0,0.0,0.0,0.0,0.0
Sweep_AmplitudeStep_350pct,350.0,RA-EKF,Model-based,fast,30,0.0016654083761201664,0.0016127273049414,0.00149637907480022,0.0018195942840576703,0.00021675484158376914,0.0013029488825260134,0.0012501536604645502,0.00116627666911329,0.0014957947389047101,0.00016911789796695377,0.016446664531439073,0.01651657170387815,0.01324686285263601,0.019345058532143543,0.002552440650131737,0.0010355539096816833,0.0010037545289622,0.00091818585901154,0.0012455544894739402,0.0001484626050363078,0.0,0.0,0.0,0.0,0.0,9.999999999999998e-05,0.0001,0.0001,0.0001,4.135263320862086e-20,0.0,0.0,0.0,0.0,0.0,0.004409610611571227,0.0042767078583117,0.0039402272831581,0.00505466477455551,0.0005958840786985464,0.0,0.0,0.0,0.0,0.0,4.360339191252412,4.419344875730147,3.7033686939853543,5.177855448017965,0.5651369107021974,1.161945301801255,1.158668058670349,1.1081121508734217,1.2229839585694309,0.04259008205793999,59.94873823916425,59.3110104150104,56.00901278657726,65.11791601496805,3.437227547683114,4.517105661491922e-05,4.6007892650873624e-05,1.7225586407566137e-05,7.486147753562746e-05,2.299194338805381e-05,13.569847971408995,13.16477788271022,12.15210266096328,15.334796215025094,1.120206170365734,0.0,0.0,0.0,0.0,0.0,1.0,1.0,1.0,1.0,0.0,1.0,1.0,1.0,1.0,0.0,0.0625,0.0625,0.0625,0.0625,0.0,0.0625,0.0625,0.0625,0.0625,0.0,410.3710466666667,419.7459,368.1722,438.58367000000004,32.28778700904099,1.0,1.0,1.0,1.0,0.0,0.0,0.0,0.0,0.0,0.0,0.0,0.0,0.0,0.0,0.0,0.0007267765636445568,0.0004328451877891,0.00028081403669212,0.0013346118189403006,0.0006984185052950436,0.0077761243275042465,0.00766183048212515,0.00631565725754679,0.00943526663750569,0.001194908647415452,0.00481381388947874,0.00468409606280345,0.0041536603618020605,0.0057355493848337095,0.0006614306582333033,0.003470062388667173,0.00339689895272095,0.0029994276836869402,0.00412192035058673,0.0004684393525646684,0.016446664531439073,0.01651657170387815,0.01324686285263601,0.019345058532143543,0.002552440650131737,0.0014897662322219268,0.00148030983144705,0.0014703370575479399,0.00152948834572825,2.179017947832815e-05,0.0,0.0,0.0,0.0,0.0,0.0,0.0,0.0,0.0,0.0,0.0,0.0,0.0,0.0,0.0,0.0,0.0,0.0,0.0,0.0
Sweep_AmplitudeStep_350pct,350.0,UKF,Model-based,fast,30,0.008763971434716087,0.00962337363375715,0.00429772801106022,0.012059661243324261,0.003146867188662506,0.003047641327576563,0.00330403072321895,0.00183390874782468,0.0039137829446311105,0.0009026154267428485,0.0633807875559398,0.06639465004192499,0.03142207166138952,0.08671597083903745,0.021078564294141632,0.008209610641438088,0.0090045213435112,0.00376791683260695,0.011442412683615441,0.0030353936245835363,0.0,0.0,0.0,0.0,0.0,9.999999999999998e-05,0.0001,0.0001,0.0001,4.135263320862086e-20,0.0,0.0,0.0,0.0,0.0,0.027676473251890984,0.0303966017385965,0.01337086397595678,0.038135954202167296,0.009986400474151095,0.0,0.0,0.0,0.0,0.0,13.199466213312881,13.278062466079987,12.254021441238548,13.934568111409364,0.639383569988018,2.4666835790012174,2.477379293407776,2.4052923219282847,2.5184655326777357,0.042144603205306774,66.49167136291808,65.67568072847939,62.78555620725118,71.47772788585442,3.3635972172823267,0.00026195749918753376,0.0003030425536506,0.00013846478813701,0.00037307153681238,0.00010475590868910749,12.26783697202007,12.15210266096328,10.705423772753363,13.656648704701588,1.3731760763170466,0.0,0.0,0.0,0.0,0.0,1.0,1.0,1.0,1.0,0.0,1.0,1.0,1.0,1.0,0.0,0.0625,0.0625,0.0625,0.0625,0.0,0.0625,0.0625,0.0625,0.0625,0.0,368.23710666666665,368.1722,329.3216,419.7459,36.72758468709235,1.0,1.0,1.0,1.0,0.0,0.0,0.0,0.0,0.0,0.0,0.0,0.0,0.0,0.0,0.0,0.00012448902552573198,0.0001171018091366,4.786349083559595e-05,0.00021936237175013,7.424923971372387e-05,0.041535536022856964,0.04570678131947075,0.01699130041531861,0.06011589500640527,0.016395091048496128,0.032374493672938216,0.03398121163418355,0.01406118038781041,0.04555969949244983,0.011835396099746676,0.032420584667244505,0.0355207865407068,0.01255211928694676,0.04536113694308052,0.01258073482387668,0.0633807875559398,0.06639465004192499,0.03142207166138952,0.08671597083903745,0.021078564294141632,0.003045459600749644,0.00292956310036265,0.0027353868589831,0.0034971175610966397,0.00030643112510874755,0.0,0.0,0.0,0.0,0.0,0.0,0.0,0.0,0.0,0.0,0.0,0.0,0.0,0.0,0.0,0.0,0.0,0.0,0.0,0.0
Sweep_AmplitudeStep_350pct,350.0,IPDFT,Window-based,fast,30,0.021926887005521752,0.02573506963821495,0.00599650099736114,0.033404862892428513,0.010164434319745402,0.005154140688694741,0.00601729835792655,0.00134685781374864,0.0077846817891604695,0.00236889189184491,0.17852113093014618,0.2101379047989233,0.059017861858036,0.27325593569182444,0.08064474198336098,0.02131223209818697,0.0250217071424516,0.00585362236521823,0.03248512068064994,0.009885163606554188,0.0,0.0,0.0,0.0,0.0,9.999999999999998e-05,0.0001,0.0001,0.0001,4.135263320862086e-20,0.0,0.0,0.0,0.0,0.0,0.06909083698325583,0.0810824197852815,0.01886193958829976,0.10524004383111048,0.032023112218544224,0.20176333333333335,0.3359,0.0,0.40635000000000004,0.19311933506180223,15.32802946701217,17.4773294543229,5.836114136155146,23.271557054902914,6.5258258474711415,1.9942416486260603,2.3156169288399484,0.689522391203527,3.019250797728675,0.8628990401050677,63.564181295986366,64.16614581638935,55.998173089494074,69.64504520693679,5.728241721741326,0.0011453279396269201,0.0013105214821342499,0.00043823176853236,0.00167470049914756,0.00047148868607787506,13.695226808387188,13.309445771531209,10.994759550395347,17.099744458641187,2.6346964245326063,66.59999999999998,66.60000000000001,66.60000000000001,66.60000000000001,4.336137871936283e-14,0.3333333333333333,0.0,0.0,1.0,0.4794633014853841,1.0,1.0,1.0,1.0,0.0,0.0625,0.0625,0.0625,0.0625,0.0,0.0625,0.0625,0.0625,0.0625,0.0,396.1841033333333,394.71085,327.19551,469.8011000000001,66.79462769564881,1.0,1.0,1.0,1.0,0.0,0.0,0.0,0.0,0.0,0.0,0.0,0.0,0.0,0.0,0.0,0.0004116804330346666,0.00034760632201825,0.00021914911805248,0.0006276953235985201,0.00019386086538357878,0.05214282062427125,0.054888528801564904,0.015515712520397419,0.08058462127745813,0.025038252391714488,0.09782118657784118,0.11442784801119985,0.03215748825803225,0.1495527000430391,0.04405831418092455,0.0884234457250213,0.10378752870925635,0.0243180828956527,0.13473948206097416,0.040971509765224436,0.17852113093014618,0.2101379047989233,0.059017861858036,0.27325593569182444,0.08064474198336098,0.0010363785903008166,0.00118892522830395,0.00018687367337539,0.00157936119208572,0.000502681303204586,0.013983333333333332,0.0238,0.0,0.0276,0.013350580081245426,0.0,0.0,0.0,0.0,0.0,0.0,0.0,0.0,0.0,0.0,0.0,0.0,0.0,0.0,0.0
Sweep_AmplitudeStep_350pct,350.0,TFT,Window-based,fast,30,0.01914502352860833,0.021000010144215903,0.00468303587196894,0.02925483761244978,0.009049599532990664,0.004822669813874244,0.0053642858401139,0.0012690735195304398,0.00730902558110119,0.0022520089762748958,0.1457601435713229,0.1545552516414581,0.03221438962186049,0.22344116271099349,0.06929009271040203,0.01852750637849142,0.020303319422971748,0.0045077797903904804,0.0283227545708854,0.008765225543921017,0.0,0.0,0.0,0.0,0.0,9.999999999999998e-05,0.0001,0.0001,0.0001,4.135263320862086e-20,0.0,0.0,0.0,0.0,0.0,0.06040518894934863,0.06627424410902935,0.01479241289070216,0.09229403692591723,0.028547155684613617,0.13024333333333332,0.0,0.0,0.40344,0.18817469998021435,9.702379999189622,11.174107918865417,2.508518467559284,14.983731823491553,4.615050608372768,1.2539980377827677,1.371310375355821,0.3594525097860923,1.9026278454271262,0.5721600863122707,59.32775971217871,60.45560712732998,50.155733680230774,66.10293923761631,6.144485076230138,0.0003059071132223448,0.00032523483406165,8.503182563346538e-05,0.00048006276859259,0.00014969761021607514,17.514459073261364,17.649482436160955,15.276929059496696,19.993102235061016,1.9188352894660758,83.30000000000003,83.3,83.3,83.3,1.4453792906454277e-14,0.4,0.0,0.0,1.0,0.4982728791224399,1.0,1.0,1.0,1.0,0.0,0.0625,0.0625,0.0625,0.0625,0.0,0.0625,0.0625,0.0625,0.0625,0.0,439.86695666666674,443.21659999999997,384.33566,481.33456,41.40680600747263,1.0,1.0,1.0,1.0,0.0,0.0,0.0,0.0,0.0,0.0,0.0,0.0,0.0,0.0,0.0,0.00022998976694696578,0.0002111036600714,9.261617726634804e-05,0.00034045179404000017,0.00014043130611715663,0.019940055701912828,0.0212339739605663,0.005433630911042011,0.03080290433306012,0.00968821618323141,0.09045965375991698,0.0964682848114658,0.01928999612857151,0.1388870862004229,0.043442198752619086,0.07474396679709876,0.082247371842425,0.01841317178040274,0.11424638103907325,0.03534064220782435,0.1457601435713229,0.1545552516414581,0.03221438962186049,0.22344116271099349,0.06929009271040203,0.0009009676830926468,0.00096573339205,0.00016937093234648,0.00137877552878222,0.00043645861547372274,0.013576666666666666,0.0,0.0,0.04181,0.019541056395637146,0.0,0.0,0.0,0.0,0.0,0.0,0.0,0.0,0.0,0.0,0.0,0.0,0.0,0.0,0.0
Sweep_AmplitudeStep_400pct,400.0,RLS,Adaptive,fast,30,2.0463151967122086,2.096123126571449,1.530226244836853,2.5238591406167687,0.3648808864477806,1.5260545025903673,1.5142586996277783,1.1577553186882559,1.8627665870032328,0.24133815812878764,7.29060410346244,7.746523271841781,2.967789921720206,9.654686438009916,2.448394279598286,1.3362036608702597,1.3505144240524984,0.7080000483071217,1.7367522903673687,0.3879932531376119,1.31184,1.30655,1.2370400000000001,1.3911200000000001,0.06753047638940002,9.999999999999998e-05,0.0001,0.0001,0.0001,4.135263320862086e-20,1.0022366666666667,1.0507,0.6411400000000002,1.2456500000000001,0.21879348550368352,5.534665485201148,5.623889966840841,3.592373591054813,7.053640618626749,1.2883003703516072,1.6501000000000003,1.6501,1.6501,1.6501,0.0,191.78371241390417,200.205851199069,198.1712141847325,206.07863240535096,38.13857090641586,33.65353269535853,36.25839030430636,22.756926601390248,39.40776940295289,7.35170849251028,88.88245178629717,87.94267196328059,85.02945698499643,93.1226250748692,3.4291993243283976,0.016015119608425898,0.0151142741317266,0.00890010361403167,0.022627195880434537,0.007077367874354098,14.138875000771561,14.17745310445716,13.309445771531212,14.756124659741126,0.5412087845037633,0.0,0.0,0.0,0.0,0.0,0.0,0.0,0.0,0.0,0.0,0.0,0.0,0.0,0.0,0.0,0.0625,0.0625,0.0625,0.0625,0.0,0.0625,0.0625,0.0625,0.0625,0.0,418.3755833333332,419.7459,384.33566,435.5788,26.817156345391304,1.0,1.0,1.0,1.0,0.0,0.0,0.0,0.0,0.0,0.0,0.0,0.0,0.0,0.0,0.0,0.2814363536694602,0.11830305189930486,0.022671444414604402,0.7619524890868787,0.34565416968324664,1.6711050151398834,1.8186201136905629,1.1859366585495992,1.9656028734947633,0.5318051402900269,4.341411581400001,4.792328968626014,2.4193071920766607,5.16313310203041,1.3852395667940622,5.356044356325898,5.8256760201403885,2.4911010261704867,7.256764709274566,2.019713661172916,7.2036626501233805,7.746523271841781,2.967789921720206,9.654686438009916,2.643503897341374,1.4305721391459718,1.385732238013237,1.1307861745873644,1.8449706347674057,0.2771847358561224,1.3000999999999998,1.3001,1.26146,1.33874,0.029342096392208514,0.0,0.0,0.0,0.0,0.0,0.0,0.0,0.0,0.0,0.0,0.0,0.0,0.0,0.0,0.0
Sweep_AmplitudeStep_400pct,400.0,TKEO,Adaptive,fast,30,10.749676607743769,10.932761043525861,10.00564220335988,11.375580985082008,0.6191482187095245,9.932688608381884,9.946389921444116,9.078883743070866,10.788220232810344,0.7050518060410863,14.81669469518648,14.80392200382024,13.987354554051718,15.47689009363369,0.6114373217425237,4.083586659978506,4.117463708439979,3.721506041642339,4.439739282907106,0.33978049057818266,1.6501000000000003,1.6501,1.6501,1.6501,0.0,9.999999999999998e-05,0.0001,0.0001,0.0001,4.135263320862086e-20,1.6501000000000003,1.6501,1.6501,1.6501,0.0,22.1834485883174,22.1632650136904,20.935556154029303,23.573532710028612,1.0007153858510567,1.6501000000000003,1.6501,1.6501,1.6501,0.0,321.28021883354836,316.9336012610024,295.8040392432686,359.4776443916743,22.03477573790817,80.71779951947843,79.22825443187823,69.1671476926444,97.3466162069904,10.486253481133941,96.6797830955456,96.01866569270645,91.56737530090686,103.31167464856122,4.4752540710816495,0.07434350920887572,0.07395677485897945,0.06315430927181591,0.08535664815044586,0.008924253913188166,10.416087995111383,10.1267522174694,8.96940910690147,11.862766883321298,1.1141338472211015,0.30000000000000004,0.3,0.3,0.3,0.0,0.0,0.0,0.0,0.0,0.0,0.0,0.0,0.0,0.0,0.0,0.0625,0.0625,0.0625,0.0625,0.0,0.0625,0.0625,0.0625,0.0625,0.0,342.60642666666666,349.2886,285.2167,386.1316,38.85131674702782,1.0,1.0,1.0,1.0,0.0,0.0,0.0,0.0,0.0,0.0,0.0,0.0,0.0,0.0,0.0,4.726373860666892,4.58592566339739,3.7353699296368714,6.200353566925124,0.9780920635914249,5.300716381513924,5.09267700008035,4.096488375480949,6.895294664954073,1.015986385201987,5.627947376312121,5.513744734184579,4.3611973133529895,7.264842764449978,1.0039366254172835,6.125255142932413,5.969456620452929,4.756678386910585,7.697670805172429,1.0242125322923248,7.0576931628735515,6.883234486673935,5.5976939319338275,8.6093340592681,1.1064252135930632,9.866074871939729,9.779169467928634,8.605224128735443,11.247431609944593,1.0414408297616353,1.3000999999999998,1.3001,1.26146,1.33874,0.029342096392208514,0.0,0.0,0.0,0.0,0.0,0.0,0.0,0.0,0.0,0.0,0.0,0.0,0.0,0.0,0.0
Sweep_AmplitudeStep_400pct,400.0,PLL,Loop-based,fast,30,0.2259109436797713,0.17741095017106256,0.16632602567484592,0.3243006381062428,0.13346868601660122,0.16771621193453198,0.151803176472158,0.14762416524184352,0.20002512598086447,0.04362566005617014,1.2969501622767952,1.0423831049319183,0.5801541610590881,2.4225889314133466,0.8107044276571375,0.1418008694343274,0.09188011000849286,0.07667192697290394,0.2550839737152102,0.13713776998115595,0.027986666666666667,0.0112,0.0026500000000000004,0.08243,0.0395294977883896,9.999999999999998e-05,0.0001,0.0001,0.0001,4.135263320862086e-20,0.019053333333333332,0.0051,0.002,0.055080000000000025,0.03325365142857749,0.5931188202375143,0.42774452564062526,0.37761573083917604,0.9652770471264952,0.45484377221264993,1.649016666666667,1.6491500000000001,1.6475000000000002,1.6501,0.0010167844288306825,191.67960405557895,190.88032556879855,177.42336553762604,205.75820886456242,11.210172313770462,123.02722194013,123.22999694059605,122.18764697147986,123.6035356095729,0.5377031416284721,100.45045590894011,99.8329550918096,96.51114402318228,105.31684861529914,3.3822168019373295,0.007881546748585214,0.006815046396403899,0.0036105869514385805,0.012822528296507043,0.004973393771451898,9.08514341795826,8.96940910690147,7.812065996333536,10.76329092828176,1.1463157701241466,0.0,0.0,0.0,0.0,0.0,0.0,0.0,0.0,0.0,0.0,0.0,0.0,0.0,0.0,0.0,0.0625,0.0625,0.0625,0.0625,0.0,0.0625,0.0625,0.0625,0.0625,0.0,306.6107133333333,308.0607,257.62511,351.17696,43.05779406768289,1.0,1.0,1.0,1.0,0.0,0.0,0.0,0.0,0.0,0.0,0.0,0.0,0.0,0.0,0.0,0.16165811310418274,0.1613619758116804,0.16114621607410842,0.16159683480466439,0.0015859654846807497,0.49631106936253316,0.44285773998089545,0.27285011812059096,0.8225867022366025,0.19494011726773453,0.32800459491344924,0.2970094297078426,0.21143914327125607,0.5080062538496828,0.1056799546752909,0.2633909772318116,0.2409743719759751,0.18868441412907344,0.3845955242629989,0.07028364464559804,0.9461186192189288,0.9497717948303439,0.5583749580837122,1.4373505416570715,0.31238747727683763,0.16136199904321524,0.16136497800375585,0.16116133359243598,0.16154033892443925,0.0001450877588512176,1.2990166666666667,1.2988,1.25868,1.3387,0.029281794783570333,0.0,0.0,0.0,0.0,0.0,0.0,0.0,0.0,0.0,0.0,0.0,0.0,0.0,0.0,0.0
Sweep_AmplitudeStep_400pct,400.0,SOGI-FLL,Loop-based,fast,30,0.022295257315525906,0.02063058912044515,0.01727849990061266,0.030782359375932367,0.004891039027849997,0.009571271807189578,0.0090940050407076,0.00810818307430463,0.01183917874062528,0.0014557438292113443,0.129673624244878,0.13167290568831191,0.09157550606536297,0.1592701727710093,0.02564517199583667,0.02011283261446326,0.01882716597778675,0.01509304703177639,0.02834377176751739,0.004772715835779982,0.0,0.0,0.0,0.0,0.0,9.999999999999998e-05,0.0001,0.0001,0.0001,4.135263320862086e-20,0.0,0.0,0.0,0.0,0.0,0.06990976965057949,0.06475365732314994,0.05369023179716327,0.09708181609561517,0.01568855853622773,0.0,0.0,0.0,0.0,0.0,8.013872356933996,7.933359975131893,6.36963843296634,9.922774943303736,1.1472126296448775,1.548426828731155,1.4988971375544926,1.1468485476824894,1.9903862173143951,0.288660765801067,62.29361551264896,62.15025675518782,58.36241478533628,68.09259759441021,3.9924579212822007,0.0005908918287531599,0.0006082684551429001,0.00026302013058363005,0.00082925609945583,0.00021031531268827011,9.220166780857852,8.96940910690147,7.812065996333536,10.734357350517563,1.1789252052742898,0.0,0.0,0.0,0.0,0.0,0.06666666666666667,0.0,0.0,0.0,0.2537081317024625,1.0,1.0,1.0,1.0,0.0,0.0625,0.0625,0.0625,0.0625,0.0,0.0625,0.0625,0.0625,0.0625,0.0,317.4903766666667,308.0607,260.3733,386.1316,48.0110341233151,1.0,1.0,1.0,1.0,0.0,0.0,0.0,0.0,0.0,0.0,0.0,0.0,0.0,0.0,0.0,0.003633779981393107,0.00361761947290465,0.00350176140238118,0.00378701078926529,0.00012522741123847128,0.08222699943394182,0.08897876251331166,0.02745820446872841,0.1269538333155359,0.035417288144576155,0.07714045953225095,0.07591501955614345,0.044500893258249546,0.10964420668241656,0.02440520147290222,0.08404822080939958,0.08095814756085046,0.06081710089084132,0.1165381261528797,0.018962205258825384,0.129673624244878,0.13167290568831191,0.09157550606536297,0.1592701727710093,0.02564517199583667,0.005383534283922611,0.00532469483222875,0.0051233063035602,0.00578037151090328,0.0002531220121675645,0.0,0.0,0.0,0.0,0.0,0.0,0.0,0.0,0.0,0.0,0.0,0.0,0.0,0.0,0.0,0.0,0.0,0.0,0.0,0.0
Sweep_AmplitudeStep_400pct,400.0,SOGI-PLL,Loop-based,fast,30,0.031556750514095025,0.030944101156328098,0.0139943188397666,0.05093360506532935,0.01435701781220746,0.009903643654966555,0.0103367122770863,0.00517790443999555,0.015401782436203772,0.004086241678606079,0.34980217265063845,0.33351923948768913,0.12186950732295258,0.6168608828322142,0.1960058661229992,0.029927141311654106,0.029291793740401452,0.01299916781264954,0.048168433311466245,0.013842398438050735,0.0014333333333333336,0.0,0.0,0.006,0.0023393682220122845,9.999999999999998e-05,0.0001,0.0001,0.0001,4.135263320862086e-20,0.0014333333333333336,0.0,0.0,0.006,0.0023393682220122845,0.09968506758992901,0.09776310633877194,0.04417540787794436,0.16105331969294862,0.04539761358359108,0.24237666666666666,0.33704999999999996,0.0,0.39967,0.17495779330107478,44.9860047020471,46.278221901294714,15.21353259017744,72.01376408318971,22.34107951213113,5.62154913195759,6.119178944393822,2.378223524756653,8.312930093864646,2.3053768411789206,72.64837862404237,73.70875782576353,62.340091075043766,81.20438999186905,6.737498799024319,0.0023250556593238905,0.00229102547053075,0.0007205892890314002,0.00411250775321353,0.001322811028450455,9.933861699041412,9.837416439827418,8.10140177397552,11.631298261207712,1.5391698137540166,0.0,0.0,0.0,0.0,0.0,0.16666666666666666,0.0,0.0,1.0,0.3790490217894516,0.7,1.0,0.0,1.0,0.46609159969939895,0.0625,0.0625,0.0625,0.0625,0.0,0.0625,0.0625,0.0625,0.0625,0.0,324.0503133333333,318.69115,260.3733,403.2901,51.221225473886435,1.0,1.0,1.0,1.0,0.0,0.0,0.0,0.0,0.0,0.0,0.0,0.0,0.0,0.0,0.0,0.00203760516610637,0.00185914387359755,0.00177915937329499,0.00216696332898525,0.0006327388712142118,0.2104662771868819,0.1996228195285354,0.040197265680523335,0.41791590501066594,0.1347487029605412,0.1278565150284222,0.12010792362784731,0.024390396404887122,0.2546922906023298,0.08213075369643293,0.09653623838285316,0.08880496279516134,0.01735453028813191,0.19586931802309385,0.0636561430998368,0.32386396764679737,0.31084380579685345,0.07219057272672628,0.6167137063526085,0.19632821054810357,0.0018345169855180999,0.00179039889723225,0.00176250858853591,0.00198780295556116,8.50119709773364e-05,0.008516666666666667,0.012,0.0,0.014620000000000001,0.006358110939000961,0.0,0.0,0.0,0.0,0.0,0.0,0.0,0.0,0.0,0.0,0.0,0.0,0.0,0.0,0.0
Sweep_AmplitudeStep_400pct,400.0,Type-3 SOGI-PLL,Loop-based,fast,30,0.04480025946938088,0.04150434518970845,0.02277943810604762,0.07284631142347531,0.02450602429084318,0.013516765698167958,0.01238797312774785,0.00663537523774389,0.022120619417089152,0.006358893024579994,0.4166244402660958,0.3777509716342564,0.2278851571254378,0.5800581512126273,0.2028061262403061,0.04267878157796701,0.0398715024482801,0.02147052770189207,0.06917263479708255,0.0237295380990697,0.0029000000000000002,0.0,0.0,0.005890000000000007,0.0068215176792467405,9.999999999999998e-05,0.0001,0.0001,0.0001,4.135263320862086e-20,0.0029000000000000002,0.0,0.0,0.005890000000000007,0.0068215176792467405,0.1415531104320692,0.1311112629919958,0.07201663213788553,0.23035397682344885,0.07740161278405135,0.29316666666666663,0.35250000000000004,0.004650000000000001,0.40098,0.14537858385497557,25.880956311239583,25.845948805232055,15.610093874220967,34.77852223683264,7.830187910053313,5.475799160374488,6.002665678084599,3.256320920956232,7.097727811302885,1.4126164063543416,73.07642910030829,73.16017794104366,66.93699252624826,79.53264070967437,4.762166153277744,0.0034027944440745634,0.0035433313933072,0.00182527710793086,0.0054396297590791004,0.0014209281013955381,10.097818639705205,9.548080662185434,8.96940910690147,11.862766883321298,1.1950170333955557,0.0,0.0,0.0,0.0,0.0,0.06666666666666667,0.0,0.0,0.0,0.2537081317024624,0.6,1.0,0.0,1.0,0.4982728791224399,0.0625,0.0625,0.0625,0.0625,0.0,0.0625,0.0625,0.0625,0.0625,0.0,337.6068666666667,339.3051,285.2167,386.1316,41.911334287338754,1.0,1.0,1.0,1.0,0.0,0.0,0.0,0.0,0.0,0.0,0.0,0.0,0.0,0.0,0.0,0.0027031898267229734,0.0026461959098807,0.00261008675097097,0.00271734863862707,0.00023361742081911822,0.21589357054971564,0.1712118782376974,0.07488910111852147,0.4029211183721629,0.11765574126281327,0.1406421211258728,0.1221486708484757,0.05037928321222003,0.2567616571007284,0.07292769176842274,0.10294798555827615,0.08953414628732939,0.0356864020253988,0.18932235503304756,0.05420909475216045,0.3200604809757479,0.3141340009918707,0.14926877579401393,0.543742936979261,0.14285641789733766,0.002932547079307903,0.00281999942399035,0.0026045301722091,0.003523801064804,0.00035342643639988764,0.011226666666666664,0.0127,0.0,0.0194,0.00752801358299433,0.0,0.0,0.0,0.0,0.0,0.0,0.0,0.0,0.0,0.0,0.0,0.0,0.0,0.0,0.0
Sweep_AmplitudeStep_400pct,400.0,ZCD,Loop-based,fast,30,0.0066231071127003105,0.006375812664004849,0.00290803488395062,0.01071844798984982,0.002829630428810295,0.004031303629962993,0.0037314736972748,0.0020157553130179203,0.006255853555571971,0.0015905094390582326,0.02964649100898236,0.026657321165281148,0.01313702910694296,0.046597575991313506,0.015184085829504474,0.005240398517006304,0.00521293866643795,0.00209593718536319,0.00856323457891819,0.0023737531908333003,0.0,0.0,0.0,0.0,0.0,9.999999999999998e-05,0.0001,0.0001,0.0001,4.135263320862086e-20,0.0,0.0,0.0,0.0,0.0,0.019752499180982052,0.019447114232618752,0.00830356686910751,0.032143802882688484,0.00866216952784005,0.0,0.0,0.0,0.0,0.0,24.6647210664861,24.370477386455036,13.017618978050649,33.97222162041302,8.738386868925565,6.247951479940756,6.211930267572438,2.787148394194681,10.194182622776188,2.7084684961999863,73.63572782947978,74.1160533851617,71.12431974030936,75.5498316165114,1.7642056610327392,0.0009941007901850469,0.00082577540389975,0.00051217624536579,0.0018314309741251102,0.0005352585676356295,5.130887790184497,5.0633761087347,4.340036664629743,6.1049849082458385,0.7245689077219003,16.699999999999996,16.7,16.7,16.7,7.226896453227138e-15,1.0,1.0,1.0,1.0,0.0,1.0,1.0,1.0,1.0,0.0,0.0625,0.0625,0.0625,0.0625,0.0,0.0625,0.0625,0.0625,0.0625,0.0,200.45262333333332,201.6955,116.4554,260.3733,68.72290313607841,1.0,1.0,1.0,1.0,0.0,0.0,0.0,0.0,0.0,0.0,0.0,0.0,0.0,0.0,0.0,0.013196380604745934,0.009781870133885099,0.00461844382826642,0.023542285242077573,0.008194980470828048,0.009241592124312175,0.0066115806248557,0.00282716410249713,0.01622118453817416,0.008631520769625985,0.006809017949090844,0.0052197245215395,0.00259156779259133,0.012803884379526526,0.005440353779839045,0.005290727274691347,0.004121556631867749,0.0019600247480712403,0.009287437850042615,0.00389409602033622,0.011465254942436515,0.0095065841271981,0.0033099165083619302,0.01856589225429059,0.009131589534176528,0.0027214347466904465,0.00261966044486115,0.00135197317575928,0.00401970153121491,0.0011928074553720803,0.0,0.0,0.0,0.0,0.0,0.0,0.0,0.0,0.0,0.0,0.0,0.0,0.0,0.0,0.0,0.0,0.0,0.0,0.0,0.0
Sweep_AmplitudeStep_400pct,400.0,EKF,Model-based,fast,30,0.011902520800310063,0.012515900631079,0.00513421859788686,0.01801512143522447,0.005029390046858096,0.004954207035030566,0.0052504389384619,0.00225999996469688,0.007382090662312,0.0020209006520632367,0.05375758955223941,0.058277268326389,0.0187640882806,0.08365773957184286,0.023878266897802532,0.010805879476832538,0.011449574351139549,0.004443108733334771,0.01674952489395224,0.004645632367707802,0.0,0.0,0.0,0.0,0.0,9.999999999999998e-05,0.0001,0.0001,0.0001,4.135263320862086e-20,0.0,0.0,0.0,0.0,0.0,0.037371845465528325,0.039366264854949304,0.01589790806960402,0.05690187946760479,0.01586815016031016,0.0,0.0,0.0,0.0,0.0,5.613969348860455,5.708278148999213,4.519099920818448,6.64647882977043,0.7993797631347436,0.6759909717459495,0.7091727696541772,0.5376163911760733,0.7975176640306427,0.10363764536023928,55.146728815922934,54.69329389049187,50.88993785993589,60.39534805707938,3.5549569220364723,0.0002332945055467791,0.00023911125437315,9.927842624027069e-05,0.00035876351174635,0.00010089710684130445,11.467341320543918,11.284095328037331,9.837416439827418,13.309445771531212,1.3581328121095728,0.0,0.0,0.0,0.0,0.0,0.7,1.0,0.0,1.0,0.46609159969939895,1.0,1.0,1.0,1.0,0.0,0.0625,0.0625,0.0625,0.0625,0.0,0.0625,0.0625,0.0625,0.0625,0.0,348.44714333333326,349.2886,285.2167,404.93568000000005,49.71261310988274,1.0,1.0,1.0,1.0,0.0,0.0,0.0,0.0,0.0,0.0,0.0,0.0,0.0,0.0,0.0,0.0011539252299904447,0.0011191751298248,9.739614308540888e-05,0.0025440237833947305,0.0009375172656986913,0.020873143382110715,0.02282413554646455,0.0080383466919722,0.03043045595631589,0.008177340100804505,0.02953423537196789,0.03455588411421075,0.011580975459253792,0.04464366787594552,0.013228040614079497,0.03948793564897624,0.043494797199406646,0.01326487076622338,0.062338382403846454,0.018678299448602307,0.0535128277655315,0.058277268326389,0.017795788875206102,0.08365773957184286,0.02423935689035791,0.006319914991765186,0.0064506802389259505,0.00203263601279022,0.0102777183296024,0.0030661562323877254,0.0,0.0,0.0,0.0,0.0,0.0,0.0,0.0,0.0,0.0,0.0,0.0,0.0,0.0,0.0,0.0,0.0,0.0,0.0,0.0
Sweep_AmplitudeStep_400pct,400.0,LKF,Model-based,fast,30,0.008097270996586258,0.00743989418512,0.00447276560850568,0.01568452861075531,0.0036886937452613733,0.004566500328775351,0.00442167899728665,0.00365666921209374,0.00634297960135101,0.0008770071760981804,0.08736220262097942,0.08474203244255915,0.029815781737160263,0.187894348050051,0.052621090925708026,0.00651877771851321,0.0059833750663214995,0.00245983384648499,0.014344721858703351,0.003890016225055625,0.0,0.0,0.0,0.0,0.0,9.999999999999998e-05,0.0001,0.0001,0.0001,4.135263320862086e-20,0.0,0.0,0.0,0.0,0.0,0.024122833484315123,0.02237180419625135,0.01111512058265033,0.049377145177461154,0.012542480135480198,0.0,0.0,0.0,0.0,0.0,8.1420177622095,7.543026937337771,5.390630890405035,14.571944388999114,3.181466857600899,3.1440064713407008,3.105505745247542,2.96993133177874,3.4932070022918715,0.16594729816891127,68.5890022181342,67.75544369804516,64.30539335328109,74.30152535231323,3.515363939673517,0.0005756535229771949,0.0005595990807228,0.00016986374411394,0.00120973399412039,0.00034573057640886577,11.959212142535295,11.573431105679315,10.1267522174694,14.466788882099143,1.6178079495033753,7.900000000000002,7.9,7.9,7.9,3.613448226613569e-15,1.0,1.0,1.0,1.0,0.0,1.0,1.0,1.0,1.0,0.0,0.0625,0.0625,0.0625,0.0625,0.0,0.0625,0.0625,0.0625,0.0625,0.0,371.08814,368.1722,308.0607,435.5788,44.38439609716537,1.0,1.0,1.0,1.0,0.0,0.0,0.0,0.0,0.0,0.0,0.0,0.0,0.0,0.0,0.0,0.0038801113082998235,0.00388369286394675,0.00386096764247101,0.00390030545951814,1.9970384926256847e-05,0.058015847794570356,0.05569231048806085,0.01771656462700409,0.12758208745567418,0.036609831497917515,0.03664826684545449,0.03454490514832485,0.011490709405448059,0.08229931551021176,0.02335643107042031,0.026982146907505753,0.025345503284549,0.008776177027151659,0.06026515595772632,0.016966537576729356,0.08736220262097942,0.08474203244255915,0.029815781737160263,0.187894348050051,0.052621090925708026,0.00440253545140928,0.00423769770362515,0.0039197377652924895,0.00562362606435223,0.0005603746836784687,0.0,0.0,0.0,0.0,0.0,0.0,0.0,0.0,0.0,0.0,0.0,0.0,0.0,0.0,0.0,0.0,0.0,0.0,0.0,0.0
Sweep_AmplitudeStep_400pct,400.0,LKF2,Model-based,fast,30,0.03385178628136122,0.0333305694741919,0.024114488427304192,0.04386086520291183,0.007876023302053616,0.01324276109832307,0.01281325529776245,0.01064649187048409,0.016829311152999248,0.0022523152458009477,0.3884808252458242,0.3830861806707695,0.26658593623895116,0.5268253203928275,0.10070056742625476,0.03112112692904959,0.03068555202126065,0.021575867476549732,0.04098130292589727,0.007686196542667963,0.00018666666666666663,0.0,0.0,0.0009400000000000005,0.00044546243568812315,9.999999999999998e-05,0.0001,0.0001,0.0001,4.135263320862086e-20,0.00018666666666666663,0.0,0.0,0.0009400000000000005,0.00044546243568812315,0.10660614188547196,0.10506087379496701,0.07546263076799106,0.138394373255475,0.025124168089522572,0.36960000000000004,0.3704,0.33182999999999996,0.40425,0.02864171060196818,80.86644997829379,80.58498974197192,75.90048350194145,85.88362023482254,4.01499211481656,18.10215588317383,17.22702153359688,14.463403626906533,22.994153961096988,3.4170692122509685,83.65992988862452,83.47407444464585,79.75660993838757,87.22573086715103,3.1927124529668327,0.0017321500215896834,0.0017666505116217001,0.0009908273707776199,0.00252401565522331,0.0006269800337515947,13.348023875216809,13.309445771531212,11.255161750273134,15.1611947484399,1.6149504707649844,0.0,0.0,0.0,0.0,0.0,0.0,0.0,0.0,0.0,0.0,0.8333333333333334,1.0,0.0,1.0,0.3790490217894516,0.0625,0.0625,0.0625,0.0625,0.0,0.0625,0.0625,0.0625,0.0625,0.0,396.7994333333334,386.1316,347.2919,465.6275,50.62850643178538,1.0,1.0,1.0,1.0,0.0,0.0,0.0,0.0,0.0,0.0,0.0,0.0,0.0,0.0,0.0,0.0006759483510372847,0.00041784571716434995,0.00011577530195718472,0.0017199284674732202,0.0006569193073465926,0.23365138250947656,0.23511841192938043,0.14716902565850237,0.32497089327672984,0.07003230863945654,0.1568271151571245,0.1549882029549062,0.10538875522688783,0.2116654682055612,0.0416865213131182,0.12383310752980745,0.12267949685792565,0.0852885793838782,0.16542883152290214,0.03141699000143489,0.3884808252458242,0.3830861806707695,0.26658593623895116,0.5268253203928275,0.10070056742625476,0.01776401629394316,0.01765926055360795,0.01716775797313312,0.01838363004232797,0.00048742308277294704,0.0196,0.0199,0.01277,0.0262,0.005813480173195564,0.0,0.0,0.0,0.0,0.0,0.0,0.0,0.0,0.0,0.0,0.0,0.0,0.0,0.0,0.0
Sweep_AmplitudeStep_400pct,400.0,RA-EKF,Model-based,fast,30,0.0018549529697885299,0.0018123195210303,0.00167487940229723,0.00203570296750289,0.00020310921795303475,0.0014585919019680935,0.0014117877862956,0.0013143372933288999,0.0016438768540137803,0.00017084543031243107,0.0163137123332975,0.01636386230489245,0.01358013238544016,0.018922359479743252,0.0024008455944932124,0.0011441944845743133,0.0011096235379109498,0.0010300862392461799,0.00138036041093951,0.0001280174504142965,0.0,0.0,0.0,0.0,0.0,9.999999999999998e-05,0.0001,0.0001,0.0001,4.135263320862086e-20,0.0,0.0,0.0,0.0,0.0,0.004891175355691227,0.0047819768044226,0.00441470382569126,0.00563612234835805,0.000529494529330835,0.0,0.0,0.0,0.0,0.0,5.192877909330799,5.128299287564531,4.416756667115607,5.973573485130501,0.6115563241741558,1.3067034902636616,1.3003093276749345,1.2490576056758962,1.3692576952039186,0.04836975911097855,60.96845824779898,60.342657937781375,57.05517519169713,66.06089617273456,3.4186202551438365,3.4005580188553766e-05,2.7696852847851897e-05,1.4070676739941503e-05,6.128458223573778e-05,2.1861048446677706e-05,16.472850273750222,16.05813565913005,14.466788882099143,19.125094902135068,1.8811557676306823,0.0,0.0,0.0,0.0,0.0,1.0,1.0,1.0,1.0,0.0,1.0,1.0,1.0,1.0,0.0,0.0625,0.0625,0.0625,0.0625,0.0,0.0625,0.0625,0.0625,0.0625,0.0,452.59216333333336,450.8544,386.1316,508.6801,45.86997970707988,1.0,1.0,1.0,1.0,0.0,0.0,0.0,0.0,0.0,0.0,0.0,0.0,0.0,0.0,0.0,0.0007267765636445568,0.0004328451877891,0.00028081403669212,0.0013346118189403006,0.0006984185052950436,0.007400292899142119,0.0072933488421257995,0.005973125840929971,0.008927321119744591,0.0013337163701382954,0.0052942943070484975,0.00528004155633535,0.00447181701919206,0.00598621818988634,0.000691330604685251,0.003828120648727557,0.0038374563090131496,0.00323900116621408,0.00431239936055596,0.0004909244594458092,0.0163137123332975,0.01636386230489245,0.01358013238544016,0.018922359479743252,0.0024008455944932124,0.0017153232652675967,0.0017011253994607001,0.00167520701063845,0.00178067667382526,4.184393979706032e-05,0.0,0.0,0.0,0.0,0.0,0.0,0.0,0.0,0.0,0.0,0.0,0.0,0.0,0.0,0.0,0.0,0.0,0.0,0.0,0.0
Sweep_AmplitudeStep_400pct,400.0,UKF,Model-based,fast,30,0.009952911732333135,0.0109187326019323,0.00474680647531029,0.01371565580916125,0.0035817607848867873,0.0033860439748531965,0.0036665221981953,0.0020632771338678,0.00434723957405439,0.0009954694981955396,0.07194064327711394,0.07527310468793749,0.03587256970875215,0.09818743987812648,0.023736478726407242,0.009351224906894502,0.01027101202643505,0.0041726968270786495,0.013039351063777049,0.00346308612582049,0.0,0.0,0.0,0.0,0.0,9.999999999999998e-05,0.0001,0.0001,0.0001,4.135263320862086e-20,0.0,0.0,0.0,0.0,0.0,0.03143971869553685,0.0345177651129107,0.014780873407560171,0.04337178438818429,0.011363220487799126,0.0,0.0,0.0,0.0,0.0,15.301103698745896,15.334425442699029,14.219620898773044,16.209717774305687,0.7621441970827629,2.845341134767031,2.857810718652713,2.7742596984834593,2.905543056155013,0.049149928481487075,67.73206775127021,66.91485212524964,64.02876691542447,72.72010881601095,3.3634895843587738,0.000300387969289431,0.00034701569948515003,0.00015983108783735,0.00042583688498434,0.00011853084471685394,13.598781549173196,13.598781549173193,11.862766883321298,15.363729792789291,1.4476762539872676,0.0,0.0,0.0,0.0,0.0,1.0,1.0,1.0,1.0,0.0,1.0,1.0,1.0,1.0,0.0,0.0625,0.0625,0.0625,0.0625,0.0,0.0625,0.0625,0.0625,0.0625,0.0,393.63382000000007,403.2901,366.28384,435.5788,30.859002107599462,1.0,1.0,1.0,1.0,0.0,0.0,0.0,0.0,0.0,0.0,0.0,0.0,0.0,0.0,0.0,0.00012448902552573198,0.0001171018091366,4.786349083559595e-05,0.00021936237175013,7.424923971372387e-05,0.04719256988301943,0.0518722002360587,0.01936249962967553,0.06821528214943427,0.018564232652845382,0.03643315686520051,0.0383326028555019,0.01624191360383739,0.05101764116540855,0.013118149973340952,0.03752979682361416,0.04118550346884715,0.01453049171064406,0.05258184536416131,0.014565086733436018,0.07194064327711394,0.07527310468793749,0.03587256970875215,0.09818743987812648,0.023736478726407242,0.0034271210880154404,0.00328463229573345,0.003073572937529,0.00398041482491666,0.00036350902095021956,0.0,0.0,0.0,0.0,0.0,0.0,0.0,0.0,0.0,0.0,0.0,0.0,0.0,0.0,0.0,0.0,0.0,0.0,0.0,0.0
Sweep_AmplitudeStep_400pct,400.0,IPDFT,Window-based,fast,30,0.02333636773640551,0.0273756823347137,0.00646609286477111,0.03565600074820258,0.01081574424039808,0.00548878934194716,0.006410009212186801,0.0014434475309095499,0.008320691388551179,0.002528056253986777,0.18862610539978322,0.2220048384009381,0.06358516452236314,0.2883527868259847,0.0851905602994531,0.022681411000103336,0.02661465191894615,0.00631286038283779,0.03467154482196081,0.010516774398053562,0.0,0.0,0.0,0.0,0.0,9.999999999999998e-05,0.0001,0.0001,0.0001,4.135263320862086e-20,0.0,0.0,0.0,0.0,0.0,0.0735330223422573,0.0862539649690255,0.02033780772942733,0.1123353258544337,0.03407705324801989,0.20559666666666665,0.3437,0.0,0.41308,0.19667047616610459,16.204778776506497,18.46843889794947,6.241823575024341,24.522525407459028,6.9041500907740145,2.1256151937327554,2.4671512860602824,0.7480960564617846,3.224096606657838,0.9178461905614818,64.12647963946452,64.68976995951604,56.681539780384625,70.21984028582952,5.723641090748022,0.00122952465076411,0.0013991661817726502,0.0004722040885432,0.00179053944419339,0.0005091314056611516,12.373926757155466,11.862766883321298,10.676490194989166,15.045460437383106,1.706976804522789,66.59999999999998,66.60000000000001,66.60000000000001,66.60000000000001,4.336137871936283e-14,0.26666666666666666,0.0,0.0,1.0,0.44977644510880355,1.0,1.0,1.0,1.0,0.0,0.0625,0.0625,0.0625,0.0625,0.0,0.0625,0.0625,0.0625,0.0625,0.0,379.41919333333334,368.1722,329.3216,440.0153700000001,50.06324999723322,1.0,1.0,1.0,1.0,0.0,0.0,0.0,0.0,0.0,0.0,0.0,0.0,0.0,0.0,0.0,0.0004116804330346666,0.00034760632201825,0.00021914911805248,0.0006276953235985201,0.00019386086538357878,0.05905478176965316,0.061714206710512046,0.017504909827161,0.09114830830524938,0.02833317889403491,0.10361607860231127,0.1211072158623532,0.034639007470683776,0.15903158900570571,0.046669663043896185,0.09410164088129244,0.11039462913784545,0.026222271526290808,0.143811861596919,0.04359292177821355,0.18862610539978322,0.2220048384009381,0.06358516452236314,0.2883527868259847,0.0851905602994531,0.00110499516231725,0.00126603662253595,0.00018676463738364002,0.0016745611742216102,0.0005400741248966066,0.017816666666666668,0.0242,0.0,0.05401,0.019520918635346447,0.0,0.0,0.0,0.0,0.0,0.0,0.0,0.0,0.0,0.0,0.0,0.0,0.0,0.0,0.0
Sweep_AmplitudeStep_400pct,400.0,TFT,Window-based,fast,30,0.022008281985864013,0.0241645327315782,0.00544064960298831,0.033606205247451365,0.01036698878219972,0.005437056493116903,0.00606633640943895,0.00143891547004279,0.00824876499863103,0.0025401544738526656,0.17204877509308286,0.1829215937048012,0.03847338371001066,0.26387366326652634,0.08172502013668234,0.021325964109546857,0.023390684781728052,0.00524690419017004,0.032574064862943036,0.010051290021625144,0.0,0.0,0.0,0.0,0.0,9.999999999999998e-05,0.0001,0.0001,0.0001,4.135263320862086e-20,0.0,0.0,0.0,0.0,0.0,0.06941494882175762,0.0762383907546232,0.017179628040553112,0.1059870113268825,0.0326933672736182,0.18372,0.0,0.0,0.41605,0.20077810431522106,11.417401176021967,13.47230066951255,3.1454501311323213,17.479753608773407,5.336366248046083,1.5171823887728317,1.663198375435299,0.4290883526081276,2.3049445326885,0.6938334504593592,60.97272362363645,62.11412328278964,51.760327431038554,67.7692932610433,6.165633266344161,0.00044379822038441094,0.00049456967213215,0.00010746133657440378,0.0006938561840855099,0.00021658554341627358,15.199772852125497,15.045460437383106,13.309445771531212,17.128678036405386,1.6659818148681653,83.30000000000003,83.3,83.3,83.3,1.4453792906454277e-14,0.26666666666666666,0.0,0.0,1.0,0.44977644510880355,1.0,1.0,1.0,1.0,0.0,0.0625,0.0625,0.0625,0.0625,0.0,0.0625,0.0625,0.0625,0.0625,0.0,409.4943033333333,403.2901,364.28713999999997,468.44926000000004,52.10837389312635,1.0,1.0,1.0,1.0,0.0,0.0,0.0,0.0,0.0,0.0,0.0,0.0,0.0,0.0,0.0,0.00022998976694696578,0.0002111036600714,9.261617726634804e-05,0.00034045179404000017,0.00014043130611715663,0.02299888582366426,0.0244853649512555,0.006302684272491432,0.035553259493994314,0.011169327966145226,0.10480098994515302,0.11130094148562775,0.02222160303881198,0.16072853161639508,0.05015095540771626,0.08659387017197563,0.0953207505062198,0.02155903235363527,0.1322516933540729,0.04078575836040979,0.17204877509308286,0.1829215937048012,0.03847338371001066,0.26387366326652634,0.08172502013668234,0.0009258607969397,0.0009933198384032,0.00017085628590716,0.0014178544664383802,0.00044896810002281176,0.01972,0.0,0.0,0.04361,0.02146792956947642,0.0,0.0,0.0,0.0,0.0,0.0,0.0,0.0,0.0,0.0,0.0,0.0,0.0,0.0,0.0
Sweep_AmplitudeStep_500pct,500.0,RLS,Adaptive,fast,30,2.166293060373921,2.205968820808641,1.621853655197424,2.6121054018760663,0.3633571929768771,1.6499355636071114,1.6571981897073496,1.4266849339061987,1.9495039788856119,0.19327387807918633,7.5488261902334095,8.244792173395396,2.743558300393122,9.860926977297776,2.5373438455175115,1.3873280791693432,1.4604310811374364,0.7967821095582573,1.7484088849034063,0.3769801914661386,1.33619,1.31055,1.2183,1.46997,0.09213565093064569,9.999999999999998e-05,0.0001,0.0001,0.0001,4.135263320862086e-20,1.0698733333333335,1.0483000000000002,1.0077,1.20246,0.07718411009122743,5.81191980111514,5.966005977695348,3.806513484976368,7.216309491907089,1.2921182049114646,1.6501000000000003,1.6501,1.6501,1.6501,0.0,182.7321078439728,199.1865980325258,83.48154659891627,204.91849643054928,48.60556703568055,33.73347060197515,36.795298832060595,17.30847303273179,40.44012714487815,8.332200111993457,88.8093377642726,88.21690991790868,85.15973849378082,92.83250367503248,3.7226815937008966,0.017475282916084633,0.01625634805537895,0.01091198719257206,0.023745683519521332,0.005822253193446464,14.476433408020544,14.17745310445716,13.598781549173191,15.653065570431272,0.7766791524207179,0.0,0.0,0.0,0.0,0.0,0.0,0.0,0.0,0.0,0.0,0.0,0.0,0.0,0.0,0.0,0.0625,0.0625,0.0625,0.0625,0.0,0.0625,0.0625,0.0625,0.0625,0.0,427.45267666666666,435.5788,386.1316,452.33171000000004,26.746745088130574,1.0,1.0,1.0,1.0,0.0,0.0,0.0,0.0,0.0,0.0,0.0,0.0,0.0,0.0,0.0,0.2814363536694602,0.11830305189930486,0.022671444414604402,0.7619524890868787,0.34565416968324664,1.6130112617585624,1.8186201136905629,0.4495099701836942,1.9656028734947633,0.6230795985485914,4.269997916092249,4.856898194774308,0.3847639195150209,5.163343859426644,1.6519242443402316,5.508476573648829,6.25770334070986,0.7637760410749049,7.385647776442122,2.266218809885597,7.370677492029115,8.244792173395396,1.3785080509364194,9.860926977297776,2.9244216640085536,1.5064575214193918,1.5121797490731619,1.2277465580230116,1.7408406414701436,0.23275816917758219,1.3000999999999998,1.3001,1.26146,1.33874,0.029342096392208514,0.0,0.0,0.0,0.0,0.0,0.0,0.0,0.0,0.0,0.0,0.0,0.0,0.0,0.0,0.0
Sweep_AmplitudeStep_500pct,500.0,TKEO,Adaptive,fast,30,10.879366088716731,10.90156798943715,10.496125980655673,11.38324417740025,0.4642071039807399,10.064181959001477,10.002218090763995,9.511952754199902,10.714858034105633,0.5701493408384585,14.836083229812877,14.798876256270027,14.344327949200999,15.50871232551932,0.5110203632492646,4.103816533989788,4.185189584975301,3.6126211752330875,4.400796917272177,0.36047173521239456,1.6501000000000003,1.6501,1.6501,1.6501,0.0,9.999999999999998e-05,0.0001,0.0001,0.0001,4.135263320862086e-20,1.6501000000000003,1.6501,1.6501,1.6501,0.0,22.375631560970838,22.370605547863217,21.360224022227992,23.45380100318753,0.8734504238360514,1.6501000000000003,1.6501,1.6501,1.6501,0.0,331.4212478394249,329.54220616924874,312.06859848281,356.995415001677,18.98488783470256,85.29001292173861,83.9603629480985,73.84044477471143,101.66466923432033,10.554142733655484,97.16889780010062,96.4805411730515,92.06094556200325,103.64282296524765,4.426221358234983,0.07410645246867338,0.0741926539741249,0.06353367398838071,0.08399594667105696,0.009012687794104648,11.091204809609344,11.284095328037331,9.25874488454345,13.049043571653428,1.4383406119111084,0.30000000000000004,0.3,0.3,0.3,0.0,0.0,0.0,0.0,0.0,0.0,0.0,0.0,0.0,0.0,0.0,0.0625,0.0625,0.0625,0.0625,0.0,0.0625,0.0625,0.0625,0.0625,0.0,348.4631600000001,349.2886,285.2167,403.2901,49.59053116930204,1.0,1.0,1.0,1.0,0.0,0.0,0.0,0.0,0.0,0.0,0.0,0.0,0.0,0.0,0.0,4.726373860666892,4.58592566339739,3.7353699296368714,6.200353566925124,0.9780920635914249,5.330773513557326,5.15977280568281,4.197764756274522,7.021540628592636,1.0121242919802957,5.698032717682535,5.553158602194726,4.500571508751743,7.386942996397475,1.0083552967844038,6.244210294673034,6.040721048552481,4.985222974365405,7.761677720743689,1.0145103072035457,7.2382743852643046,7.06433118512706,5.916332479313491,8.511042057614379,1.0594420100871194,10.213070278460513,10.182220454461511,9.141613448100538,11.58770119300126,0.9210575495850613,1.3000999999999998,1.3001,1.26146,1.33874,0.029342096392208514,0.0,0.0,0.0,0.0,0.0,0.0,0.0,0.0,0.0,0.0,0.0,0.0,0.0,0.0,0.0
Sweep_AmplitudeStep_500pct,500.0,PLL,Loop-based,fast,30,0.22751649740687283,0.18015331620722505,0.1668918829761495,0.3266204433290144,0.13315379707333125,0.1681940414414568,0.15238733818016384,0.1477659330710116,0.2010285981631777,0.04358555654537489,1.3515909132050086,1.1055186783582442,0.5954937205270688,2.4225889314133466,0.8028804390052556,0.14396802187046367,0.09542648707256415,0.0771993397233408,0.25725260542598893,0.13664813182065802,0.028546666666666665,0.012150000000000001,0.00297,0.08271000000000002,0.03945352336290292,9.999999999999998e-05,0.0001,0.0001,0.0001,4.135263320862086e-20,0.019806666666666663,0.00555,0.00209,0.055080000000000025,0.032996289585903164,0.6000981070528479,0.43907926256331337,0.3798572387468281,0.9727864144411446,0.45333438279210053,1.649016666666667,1.6491500000000001,1.6475000000000002,1.6501,0.0010167844288306825,194.80168361326852,191.99507318575115,177.07792763858166,214.05491280383515,13.677444900194134,123.21402714311415,123.38427381305442,122.24011522030565,123.99018014587237,0.6546088543007381,100.46359659087253,99.8390683577226,96.51393725383235,105.34372534750354,3.385229605165782,0.008392626765999037,0.0073536923293603,0.0038030961629382204,0.013315485547305923,0.00509944901928522,9.586658765871032,9.548080662185434,8.680073329259486,10.734357350517563,0.9141183361550432,0.0,0.0,0.0,0.0,0.0,0.0,0.0,0.0,0.0,0.0,0.0,0.0,0.0,0.0,0.0,0.0625,0.0625,0.0625,0.0625,0.0,0.0625,0.0625,0.0625,0.0625,0.0,322.60605000000004,329.3216,260.3733,386.1316,46.78944660645654,1.0,1.0,1.0,1.0,0.0,0.0,0.0,0.0,0.0,0.0,0.0,0.0,0.0,0.0,0.0,0.16165811310418274,0.1613619758116804,0.16114621607410842,0.16159683480466439,0.0015859654846807497,0.5380926910761266,0.47524751812535015,0.2807802176170359,0.9259111609592514,0.2273092780257435,0.35162360574771534,0.3146124871371372,0.21338279998636225,0.5685321290870143,0.12508502670538713,0.2791938770174335,0.25228548588981414,0.18965300357481066,0.4266865875181003,0.08402677523505916,1.016259983761208,0.999161657982686,0.578467826456803,1.5946882339091382,0.3594996301020053,0.1613671647300142,0.16136968494943038,0.16115995167851346,0.16154215977679479,0.00014850255954189257,1.2990166666666667,1.2988,1.25868,1.3387,0.029281794783570333,0.0,0.0,0.0,0.0,0.0,0.0,0.0,0.0,0.0,0.0,0.0,0.0,0.0,0.0,0.0
Sweep_AmplitudeStep_500pct,500.0,SOGI-FLL,Loop-based,fast,30,0.024644892779960438,0.02305391672632395,0.01879662689393125,0.034021151122328896,0.005414835716930357,0.010174332757474407,0.0096666125894803,0.00852619891369165,0.01268472045697158,0.0016017796228389534,0.14560613161788913,0.15301791849740093,0.1046950073641134,0.17849209559989412,0.02802059041525923,0.022424625162607705,0.0209990260466685,0.01657470355621657,0.03148792453681808,0.005270556047119419,0.0,0.0,0.0,0.0,0.0,9.999999999999998e-05,0.0001,0.0001,0.0001,4.135263320862086e-20,0.0,0.0,0.0,0.0,0.0,0.07744820824529765,0.0722115758024039,0.05858934318449121,0.10738776731290753,0.01732151501312358,0.0,0.0,0.0,0.0,0.0,8.961698746440781,8.64010340402288,6.909157411653766,11.17295754703562,1.3309201355374705,1.7612027939307155,1.721357711365933,1.2998596698069838,2.256397220881627,0.32994889254328497,63.40891523848968,63.17949650046912,59.3824457863883,69.1798026509377,4.005822592521412,0.0006830661363112565,0.0007132658571815001,0.00031990692428955,0.00094974614760135,0.00023834104906676407,11.486630372386719,10.994759550395347,8.10140177397552,14.17745310445716,3.043270989844631,0.0,0.0,0.0,0.0,0.0,0.0,0.0,0.0,0.0,0.0,1.0,1.0,1.0,1.0,0.0,0.0625,0.0625,0.0625,0.0625,0.0,0.0625,0.0625,0.0625,0.0625,0.0,345.7982733333334,339.3051,285.2167,435.5788,50.042618026410196,1.0,1.0,1.0,1.0,0.0,0.0,0.0,0.0,0.0,0.0,0.0,0.0,0.0,0.0,0.0,0.003633779981393107,0.00361761947290465,0.00350176140238118,0.00378701078926529,0.00012522741123847128,0.09301486085338628,0.0997268121279345,0.03325339532695922,0.14281332755393547,0.03974686723729809,0.08696480496445892,0.08581969935629395,0.05014415391322675,0.12184919250952067,0.026407988360832888,0.09369794050668387,0.0898264940878503,0.0669620982276832,0.12972425158681608,0.02110541528242768,0.14560613161788913,0.15301791849740093,0.1046950073641134,0.17849209559989412,0.02802059041525923,0.005564751121609184,0.00547978589079995,0.00527194548316332,0.00601187306269325,0.0002857327320476086,0.0,0.0,0.0,0.0,0.0,0.0,0.0,0.0,0.0,0.0,0.0,0.0,0.0,0.0,0.0,0.0,0.0,0.0,0.0,0.0
Sweep_AmplitudeStep_500pct,500.0,SOGI-PLL,Loop-based,fast,30,0.032505337131175385,0.03141215048002036,0.01405739514183938,0.05281176640064028,0.014996294629082772,0.010102771565381134,0.01057303719200835,0.0052018358852497105,0.015479936154542531,0.004207129337119694,0.3633327654243409,0.34570614056192994,0.12715616149522116,0.6477982063702867,0.20368813272468161,0.030859066722649688,0.02974723196488995,0.0130567508437047,0.05071248515868673,0.014474647320379336,0.0016266666666666665,0.0,0.0,0.0066,0.002614011758057788,9.999999999999998e-05,0.0001,0.0001,0.0001,4.135263320862086e-20,0.0016266666666666665,0.0,0.0,0.0066,0.002614011758057788,0.10267997173333035,0.09923355426810475,0.0443720884163639,0.1669899102668129,0.04740982555878238,0.24248,0.33715,0.0,0.39977,0.17503028585224112,46.78538098731089,48.11884359760654,15.99028747627962,75.1860237420523,23.341140866322405,5.87676848317244,6.422669236239415,2.4557717744374803,8.714261853298835,2.443987106505116,72.99707307664224,74.13499084846703,62.587167686864696,81.61196735195963,6.819663699365661,0.002419338106609153,0.00237650383516565,0.0007555912755204701,0.0043358039921157195,0.0013803819489474614,11.959212142535291,12.00743477214229,9.80848286206322,14.17745310445716,1.7857422135376877,0.0,0.0,0.0,0.0,0.0,0.16666666666666666,0.0,0.0,1.0,0.3790490217894516,0.7,1.0,0.0,1.0,0.46609159969939895,0.0625,0.0625,0.0625,0.0625,0.0,0.0625,0.0625,0.0625,0.0625,0.0,366.3037733333333,368.1722,327.19551,421.32919000000004,43.39066488692712,1.0,1.0,1.0,1.0,0.0,0.0,0.0,0.0,0.0,0.0,0.0,0.0,0.0,0.0,0.0,0.00203760516610637,0.00185914387359755,0.00177915937329499,0.00216696332898525,0.0006327388712142118,0.22013121972346053,0.20641064027381234,0.04199969359242522,0.44075126738317827,0.14159879543252693,0.1337503322444504,0.12417562955565956,0.02548291542657537,0.26870176352983793,0.08633832855980396,0.10099163229182079,0.09164876823136585,0.018131993331076263,0.20677252902011614,0.06696054623628946,0.33780557277501944,0.31952146813594234,0.07557405550367376,0.6475990365204005,0.20525701981163247,0.0018406342937686035,0.0017903932516093002,0.00176177051813997,0.00201436664662103,9.418722365214743e-05,0.00862,0.0121,0.0,0.01472,0.006422933050057212,0.0,0.0,0.0,0.0,0.0,0.0,0.0,0.0,0.0,0.0,0.0,0.0,0.0,0.0,0.0
Sweep_AmplitudeStep_500pct,500.0,Type-3 SOGI-PLL,Loop-based,fast,30,0.046129233031367005,0.043826914135527154,0.023117947865067583,0.07454277279577183,0.024507397334978063,0.013824967306632479,0.01289412718677445,0.0069396054553043,0.022765032381555642,0.006423982995875216,0.4350806276411196,0.4055533725756142,0.2278851571254378,0.5939187791589874,0.20294852167892616,0.04397586015305521,0.0418125003653086,0.02180090972892869,0.07077842683095707,0.023713816950462815,0.0033533333333333336,0.0,0.0,0.006160000000000007,0.006857300832881962,9.999999999999998e-05,0.0001,0.0001,0.0001,4.135263320862086e-20,0.0032633333333333334,0.0,0.0,0.006160000000000007,0.006843143224820178,0.1457525477657983,0.138438881572977,0.07308439277399369,0.23571973715224637,0.07741024746388414,0.29349000000000003,0.3528,0.004650000000000001,0.4012,0.14553068250964857,27.889435405057238,27.61535028068529,16.78657578466769,37.33319668100954,8.654266280159174,5.870950960726749,6.469764608827352,3.388402104615169,7.644757488119057,1.5857714071033822,73.64634516327251,73.70997233045645,67.30776662414745,80.13115437716075,4.870203395776438,0.0035753613387995136,0.0037020964603399,0.00188797352472598,0.0056116750330623705,0.0014607794620115488,11.60236468344351,11.718098994500306,10.097818639705203,13.049043571653428,1.2377350353341152,0.0,0.0,0.0,0.0,0.0,0.03333333333333333,0.0,0.0,0.0,0.18257418583505536,0.5666666666666667,1.0,0.0,1.0,0.5040069329937308,0.0625,0.0625,0.0625,0.0625,0.0,0.0625,0.0625,0.0625,0.0625,0.0,368.00467333333324,358.7304,327.19551,421.32919000000004,44.62937595827968,1.0,1.0,1.0,1.0,0.0,0.0,0.0,0.0,0.0,0.0,0.0,0.0,0.0,0.0,0.0,0.0027031898267229734,0.0026461959098807,0.00261008675097097,0.00271734863862707,0.00023361742081911822,0.2322874493691699,0.18273290908368162,0.07938195401035361,0.4342370406113727,0.12621300398060264,0.15081426630750586,0.12971992312860037,0.05324872585538272,0.27606482857512854,0.07817053359014951,0.11029790083376012,0.09480581473477015,0.03771192857390512,0.20343210339102955,0.058060517455025204,0.34686931007579225,0.34263862564564107,0.1584893102572451,0.5867684142267656,0.1531714894730925,0.0029674934737546265,0.0028250604027158,0.00260327985247635,0.00363182754876542,0.00039425769915251953,0.01155,0.0135,0.0,0.0197,0.007686160872992265,0.0,0.0,0.0,0.0,0.0,0.0,0.0,0.0,0.0,0.0,0.0,0.0,0.0,0.0,0.0
Sweep_AmplitudeStep_500pct,500.0,ZCD,Loop-based,fast,30,0.006482737099711287,0.006300965360577801,0.0027726297018935402,0.01054117164447265,0.0028074083239620316,0.003750061823902797,0.0034852730857395002,0.00182994352623741,0.00581364750994175,0.001502296477475364,0.02964649100898236,0.026657321165281148,0.01313702910694296,0.046597575991313506,0.015184085829504474,0.005276139960256257,0.005253576516686,0.00208284898345648,0.008647277521259931,0.0023987976094736727,0.0,0.0,0.0,0.0,0.0,9.999999999999998e-05,0.0001,0.0001,0.0001,4.135263320862086e-20,0.0,0.0,0.0,0.0,0.0,0.01957848170467171,0.0193735411879634,0.008078490476607131,0.03197705965105169,0.008656279401526634,0.0,0.0,0.0,0.0,0.0,20.79651998361006,20.540509167599197,10.873509240301615,29.189889637773803,7.45027500398732,6.113691583711595,6.144393014675637,2.6589837964386214,9.992574983760194,2.6897553513620145,73.41500995691364,73.91214707676376,70.81081919204166,75.4318150388569,1.8644731080988173,0.000979981513147736,0.0008635620831285501,0.00048045034264029,0.00178332995014511,0.0005170692955406678,5.439512619669277,5.3527118863766825,4.629372442271725,6.394320685887821,0.7021777658754771,16.699999999999996,16.7,16.7,16.7,7.226896453227138e-15,1.0,1.0,1.0,1.0,0.0,1.0,1.0,1.0,1.0,0.0,0.0625,0.0625,0.0625,0.0625,0.0,0.0625,0.0625,0.0625,0.0625,0.0,204.41843000000003,201.6955,164.6882,260.3733,40.74335527253788,1.0,1.0,1.0,1.0,0.0,0.0,0.0,0.0,0.0,0.0,0.0,0.0,0.0,0.0,0.0,0.013196380604745934,0.009781870133885099,0.00461844382826642,0.023542285242077573,0.008194980470828048,0.009214053101464498,0.0066419512893194,0.00273098761751796,0.016164929232077904,0.008646035571738436,0.006674880368095861,0.0051367077662534,0.00224334413003645,0.012658302117182456,0.005480779934002334,0.005075168500353303,0.0041243522354007505,0.0018885497361391503,0.009115956430558184,0.0038899634979102336,0.011361812751261571,0.00928860558834185,0.00310614375852643,0.019050868532358527,0.009206826949370256,0.0022687131209498932,0.00218219265928145,0.0011261909765142,0.0033577543959428004,0.0009963364691996123,0.0,0.0,0.0,0.0,0.0,0.0,0.0,0.0,0.0,0.0,0.0,0.0,0.0,0.0,0.0,0.0,0.0,0.0,0.0,0.0
Sweep_AmplitudeStep_500pct,500.0,EKF,Model-based,fast,30,0.014420573361097174,0.015498128226979,0.00558412355636284,0.02216785875122268,0.006282538002558979,0.005790569694528113,0.0061797427027323,0.0027124732351380804,0.00856197396021404,0.0023928999690248365,0.06802060818269545,0.07546114271319121,0.023599436549768812,0.1053723270539443,0.030318971947076605,0.013189453080614881,0.01427610681951635,0.00484089485174661,0.02058325616214569,0.005849851382017289,0.0,0.0,0.0,0.0,0.0,9.999999999999998e-05,0.0001,0.0001,0.0001,4.135263320862086e-20,0.0,0.0,0.0,0.0,0.0,0.04535892893637294,0.0488257947778816,0.01729812938231609,0.07004370296012669,0.019857535396442895,0.0,0.0,0.0,0.0,0.0,7.45301276907225,7.522762465468347,5.854384444827332,8.832989207640196,1.0773467481157082,0.8751478572293908,0.9138504190118784,0.7023703559134659,1.0332580537319975,0.13055462976261806,57.39557939008292,56.912018354105484,53.18506389565167,62.653690345749574,3.5361590139817176,0.0003063998344499596,0.00032576184510135,0.00014067832430701,0.00045432836767430007,0.00013033092849840447,11.689165416736106,12.15210266096328,9.80848286206322,13.917050904579375,1.6093398781969632,0.0,0.0,0.0,0.0,0.0,0.5333333333333333,1.0,0.0,1.0,0.507416263404925,1.0,1.0,1.0,1.0,0.0,0.0625,0.0625,0.0625,0.0625,0.0,0.0625,0.0625,0.0625,0.0625,0.0,360.5425866666666,349.2886,308.0607,421.32919000000004,44.830737294111174,1.0,1.0,1.0,1.0,0.0,0.0,0.0,0.0,0.0,0.0,0.0,0.0,0.0,0.0,0.0,0.0011539252299904447,0.0011191751298248,9.739614308540888e-05,0.0025440237833947305,0.0009375172656986913,0.024027262418210512,0.02614560702175255,0.01033484313825687,0.03448712484402404,0.008897812627153345,0.04091758340801576,0.0480827063348039,0.01524315944308272,0.062444000062941006,0.0185800294258638,0.04984850798641962,0.055484978566623544,0.01703716892727439,0.0787668297531379,0.0235949912056838,0.06795218091998688,0.07546114271319121,0.023599436549768812,0.1053723270539443,0.030426751606715093,0.0072153052539433325,0.0075149810006408,0.0023446591730774103,0.011715532242625481,0.003504071633576592,0.0,0.0,0.0,0.0,0.0,0.0,0.0,0.0,0.0,0.0,0.0,0.0,0.0,0.0,0.0,0.0,0.0,0.0,0.0,0.0
Sweep_AmplitudeStep_500pct,500.0,LKF,Model-based,fast,30,0.008468787933190548,0.0076536560670727,0.00448423362225815,0.016951236516792312,0.004079506318757941,0.0046502589937582025,0.00447226296662105,0.00364884283195786,0.0066327087944831,0.000967319418026273,0.0927213211004139,0.0878585833898739,0.03014583089445319,0.20375762652862264,0.05710729641782891,0.006905764233213571,0.0062110636848558,0.0024758064123281197,0.01559973048807601,0.004265619187815568,0.0,0.0,0.0,0.0,0.0,9.999999999999998e-05,0.0001,0.0001,0.0001,4.135263320862086e-20,0.0,0.0,0.0,0.0,0.0,0.025367551693399038,0.023105454021188652,0.01116623372636848,0.05343190025871132,0.01375952469491805,0.04859,0.0,0.0,0.32460000000000006,0.12652795615853113,8.479338863818834,7.818073160121841,5.389933390828717,15.568349950772387,3.549726360956344,3.1677270658094727,3.1265043084531605,2.970091186550305,3.5803909324793732,0.19377883254785513,68.65052715568595,67.86569280591314,64.31216138498027,74.5149892442032,3.5406893678566305,0.0006107699461881945,0.00059505915817905,0.00017929534903327,0.0013216900604868399,0.000376897315819274,13.261223141924216,12.441438438605262,11.544497527915118,15.537331259374485,2.6442660679015915,7.900000000000002,7.9,7.9,7.9,3.613448226613569e-15,0.8666666666666667,1.0,0.0,1.0,0.34574590364176044,1.0,1.0,1.0,1.0,0.0,0.0625,0.0625,0.0625,0.0625,0.0,0.0625,0.0625,0.0625,0.0625,0.0,394.75710333333336,394.71085,327.19551,468.44926000000004,61.360450049609966,1.0,1.0,1.0,1.0,0.0,0.0,0.0,0.0,0.0,0.0,0.0,0.0,0.0,0.0,0.0,0.0038801113082998235,0.00388369286394675,0.00386096764247101,0.00390030545951814,1.9970384926256847e-05,0.061649109774316584,0.0577287828566026,0.01793587628353867,0.1385925691123751,0.039811043157528564,0.038895903522855116,0.03589434984426085,0.01162346561357361,0.08934877144063882,0.0254153882014107,0.02861604177100279,0.0263272939395301,0.00886833137828803,0.06541859085209889,0.018479099573625268,0.0927213211004139,0.0878585833898739,0.03014583089445319,0.20375762652862264,0.05710729641782891,0.004461791580404241,0.00426312693033935,0.003921211119376921,0.00587682380931428,0.000643832452006135,0.0012566666666666666,0.0,0.0,0.0092,0.0032597528289345992,0.0,0.0,0.0,0.0,0.0,0.0,0.0,0.0,0.0,0.0,0.0,0.0,0.0,0.0,0.0
Sweep_AmplitudeStep_500pct,500.0,LKF2,Model-based,fast,30,0.04038633532810711,0.039903703743895846,0.02853956891915799,0.05281287681898475,0.009617146472696144,0.01500541256509556,0.0142723454424845,0.01196937911783055,0.019092884123430718,0.002591519335782828,0.4823206299625648,0.474280439251789,0.330440321918082,0.6556030581096529,0.12646424241605314,0.037462190899886894,0.03706156264046155,0.0258658594669311,0.04973844812389073,0.009398771598858163,0.0012066666666666669,0.0,0.0,0.0038,0.0016429438115212862,9.999999999999998e-05,0.0001,0.0001,0.0001,4.135263320862086e-20,0.0008966666666666667,0.0,0.0,0.00261,0.0011281609488174907,0.1273919852647564,0.1259659262272564,0.08965586705479851,0.1669631825581231,0.03061367001107464,0.3821066666666667,0.3922,0.34146,0.41408,0.029166039927584812,98.16159187766024,97.8968159622795,92.02424740832171,104.45609852431303,4.8427625000114904,21.649991380248768,20.57456662747,16.912864727841125,27.967623511060104,4.435379908901088,85.1884630830735,85.1393959488253,81.13652525186681,88.62951545214571,3.2074939057873375,0.00216678683406813,0.0021805241375298,0.00123061920245244,0.0031264733280035603,0.0007706208569374977,11.216583646587537,11.13942743921634,9.837416439827418,12.730774216247244,1.2291536351247656,0.0,0.0,0.0,0.0,0.0,0.0,0.0,0.0,0.0,0.0,0.5666666666666667,1.0,0.0,1.0,0.5040069329937308,0.0625,0.0625,0.0625,0.0625,0.0,0.0625,0.0625,0.0625,0.0625,0.0,367.00113666666664,349.2886,329.3216,404.93568000000005,36.80243378496707,1.0,1.0,1.0,1.0,0.0,0.0,0.0,0.0,0.0,0.0,0.0,0.0,0.0,0.0,0.0,0.0006759483510372847,0.00041784571716434995,0.00011577530195718472,0.0017199284674732202,0.0006569193073465926,0.2869587031874846,0.28859484723666984,0.18102837235346142,0.399035740509155,0.08590598857531821,0.19030487567183002,0.18788473786250753,0.127805392395102,0.25726215952279385,0.05070362252493263,0.15081403425629297,0.14959019223482606,0.1033405291976068,0.20216382827088947,0.03884165646819231,0.4823206299625648,0.474280439251789,0.330440321918082,0.6556030581096529,0.12646424241605314,0.01928289770941886,0.019271510537386953,0.018736589441478088,0.01979191381382721,0.00042056303276384263,0.032106666666666665,0.024050000000000002,0.01408,0.07153999999999999,0.022058807504163665,0.0,0.0,0.0,0.0,0.0,0.0,0.0,0.0,0.0,0.0,0.0,0.0,0.0,0.0,0.0
Sweep_AmplitudeStep_500pct,500.0,RA-EKF,Model-based,fast,30,0.0021901323865471437,0.00215890554250435,0.00202467205244399,0.0024184021092272705,0.00019072826046427545,0.0017319982248462332,0.0016843630429836999,0.00158064104267914,0.0019069217015451802,0.00017107443220831494,0.018422569906970623,0.018588255605479248,0.016175776428553938,0.02160703825780884,0.0022163910512548127,0.0013378060933157134,0.0013026260387963,0.00122098666512327,0.00154859551902865,0.00012039013078586401,0.0,0.0,0.0,0.0,0.0,9.999999999999998e-05,0.0001,0.0001,0.0001,4.135263320862086e-20,0.0,0.0,0.0,0.0,0.0,0.0057454165047935435,0.0056089940587191,0.005374839057447759,0.00669461006333763,0.0004854863762141735,0.0,0.0,0.0,0.0,0.0,6.607996964103672,6.577086558472445,5.783255790612785,7.648056632916678,0.648421736586009,1.5920926891229754,1.5867250989729813,1.518920523712919,1.674019345283833,0.05719902755435888,62.68461968155553,62.095387346461166,58.712699992394356,67.855133789858,3.44645577687062,4.544533956685243e-05,4.5681093092733384e-05,1.649538856655881e-05,6.97707502497077e-05,2.0430571271750993e-05,13.743449437994185,13.598781549173191,12.15210266096328,15.074394015147305,1.3155208452994336,0.0,0.0,0.0,0.0,0.0,1.0,1.0,1.0,1.0,0.0,1.0,1.0,1.0,1.0,0.0,0.0625,0.0625,0.0625,0.0625,0.0,0.0625,0.0625,0.0625,0.0625,0.0,413.6784566666667,419.7459,368.1722,437.10636,32.018025938639134,1.0,1.0,1.0,1.0,0.0,0.0,0.0,0.0,0.0,0.0,0.0,0.0,0.0,0.0,0.0,0.0007267765636445568,0.0004328451877891,0.00028081403669212,0.0013346118189403006,0.0006984185052950436,0.006891374030025634,0.0066042568177306,0.00549814512119259,0.008651070435186741,0.0014647252321171452,0.006097940494672217,0.0059506589568201,0.00534421704414031,0.00704248498932786,0.0008769809472216753,0.004412469380932639,0.00432682675728925,0.00387950854501601,0.005097598629073241,0.0006193327485003919,0.018422569906970623,0.018588255605479248,0.016175776428553938,0.02160703825780884,0.0022163910512548127,0.0020957530119858504,0.00209766320074455,0.00208150994314397,0.00210582969624003,1.014295814389099e-05,0.0,0.0,0.0,0.0,0.0,0.0,0.0,0.0,0.0,0.0,0.0,0.0,0.0,0.0,0.0,0.0,0.0,0.0,0.0,0.0
Sweep_AmplitudeStep_500pct,500.0,UKF,Model-based,fast,30,0.012315346606563039,0.013529374944277101,0.0056990192059550105,0.016984064406783968,0.004427578609160768,0.004046814319699706,0.0043936548916521,0.00250883912152145,0.00519311334530277,0.0011716803188606165,0.08870595677345673,0.09270146671108034,0.04474657416783707,0.12049982804266358,0.02880029290091969,0.011622355601748232,0.0127441193214663,0.00504174145505574,0.016195494933565792,0.00429532662880349,0.0,0.0,0.0,0.0,0.0,9.999999999999998e-05,0.0001,0.0001,0.0001,4.135263320862086e-20,0.0,0.0,0.0,0.0,0.0,0.03891388112494451,0.04278103165984385,0.01778198789756495,0.053701568492145565,0.014037510284262129,0.0,0.0,0.0,0.0,0.0,19.669275231378812,19.834069727586723,18.188286478569182,20.890949762046418,1.098177391695778,3.6145544269824517,3.6307529849404365,3.523445834133631,3.692282216102487,0.06380668582710733,69.81042711617621,68.99050320534658,66.11261563524911,74.80239656857735,3.363309653140677,0.00037886773838122966,0.00043641692814075004,0.00020179917614311,0.00053322409028037,0.00014672795082562717,11.910989512928296,11.573431105679315,10.705423772753363,13.888117326815175,1.1674836373603343,0.0,0.0,0.0,0.0,0.0,0.6666666666666666,1.0,0.0,1.0,0.4794633014853841,1.0,1.0,1.0,1.0,0.0,0.0625,0.0625,0.0625,0.0625,0.0,0.0625,0.0625,0.0625,0.0625,0.0,363.52573,368.1722,329.3216,387.84745000000004,26.694281182165547,1.0,1.0,1.0,1.0,0.0,0.0,0.0,0.0,0.0,0.0,0.0,0.0,0.0,0.0,0.0,0.00012448902552573198,0.0001171018091366,4.786349083559595e-05,0.00021936237175013,7.424923971372387e-05,0.058309668154008475,0.06395763594643364,0.024073477622437632,0.08404035492780108,0.022777586105035455,0.04489918857410768,0.047584885701458496,0.0207822054964575,0.06253534812996282,0.015823629923724002,0.04753534419257244,0.05222896974693325,0.01858268385146368,0.06663129359514519,0.01836667320665892,0.08870595677345673,0.09270146671108034,0.04474657416783707,0.12049982804266358,0.02880029290091969,0.0042847795587553205,0.003965366885328499,0.00371443183198761,0.00525566216000291,0.0006201940496306557,0.0,0.0,0.0,0.0,0.0,0.0,0.0,0.0,0.0,0.0,0.0,0.0,0.0,0.0,0.0,0.0,0.0,0.0,0.0,0.0
Sweep_AmplitudeStep_500pct,500.0,IPDFT,Window-based,fast,30,0.0257225144090747,0.0301463533218018,0.0072854000790361,0.039491972475888766,0.011916857908080407,0.006059195305940361,0.0070780658747258,0.00161486281911869,0.009239740615105409,0.0027991123072010726,0.20513665972080683,0.24134454661399468,0.07123624913991614,0.31203493439479074,0.09261896926995383,0.024998374964791095,0.02930364430881165,0.00711367776661043,0.038395868278614506,0.011584133284703532,0.0,0.0,0.0,0.0,0.0,9.999999999999998e-05,0.0001,0.0001,0.0001,4.135263320862086e-20,0.0,0.0,0.0,0.0,0.0,0.08105432020031376,0.0949889988011609,0.02291340540041979,0.1244273454509492,0.037550054434650655,0.21239666666666665,0.3526,0.0,0.42086,0.2034142782825124,17.66282764672766,20.12930088535647,6.886196506938447,26.565701786459783,7.554934366499193,2.3487109128656547,2.72372270713814,0.8496197641865686,3.543893710144581,1.0102681063638037,65.00820623421177,65.50131855695398,57.80879565836419,71.12399666613989,5.714502378292925,0.0013730116838981735,0.00154749837162705,0.00053354108661983,0.0019854379157454,0.0005738442440628807,14.20638668222136,14.17745310445716,12.094235505434884,16.55000648112142,2.0265615858551214,66.59999999999998,66.60000000000001,66.60000000000001,66.60000000000001,4.336137871936283e-14,0.2,0.0,0.0,1.0,0.4068381021724863,1.0,1.0,1.0,1.0,0.0,0.0625,0.0625,0.0625,0.0625,0.0,0.0625,0.0625,0.0625,0.0625,0.0,393.07504,386.1316,329.3216,467.05920000000003,52.94373618272451,1.0,1.0,1.0,1.0,0.0,0.0,0.0,0.0,0.0,0.0,0.0,0.0,0.0,0.0,0.0,0.0004116804330346666,0.00034760632201825,0.00021914911805248,0.0006276953235985201,0.00019386086538357878,0.07210970961899431,0.07426485203533495,0.0212875671357966,0.11095378528310641,0.034543127873107024,0.11333840030051727,0.1321864313054543,0.03861188400862689,0.17438157879564073,0.051064183916969215,0.10371316561988723,0.1215509171151136,0.02954385352772236,0.15927046318931698,0.04802451124691449,0.20513665972080683,0.24134454661399468,0.07123624913991614,0.31203493439479074,0.09261896926995383,0.0012226746446000996,0.00140684112570685,0.00019120989772439002,0.0018490262003308102,0.0006032861545828316,0.024616666666666665,0.0242,0.0,0.0594,0.02645265234512324,0.0,0.0,0.0,0.0,0.0,0.0,0.0,0.0,0.0,0.0,0.0,0.0,0.0,0.0,0.0
Sweep_AmplitudeStep_500pct,500.0,TFT,Window-based,fast,30,0.02829599426344227,0.0310929190720328,0.00716155729140356,0.04313042019771934,0.013217169660251422,0.006738241471914995,0.0075614522800833,0.00180485639022955,0.01023529880344914,0.0031462275135771827,0.23153252289688642,0.24796685228716336,0.054018556369671684,0.35525302826526606,0.1096901169412407,0.027481739559233085,0.03015947615990075,0.00693038435183937,0.04189520718164537,0.012837782978383212,0.0,0.0,0.0,0.0,0.0,9.999999999999998e-05,0.0001,0.0001,0.0001,4.135263320862086e-20,0.0,0.0,0.0,0.0,0.0,0.0891834601496144,0.0980398807597857,0.02259600944574776,0.13593433072551075,0.041658296904138706,0.2373233333333333,0.3644,0.0,0.42267,0.19833865966961717,16.42737583782446,18.25874202719291,4.7527969003358095,25.32775995356751,7.882133736301302,2.144709359474492,2.358992393550449,0.599603081628482,3.264126876894014,0.982107326693692,63.97252487256633,65.11967127682823,54.72976040761234,70.79077527730117,6.182449130241067,0.0008498431919074334,0.0009479749400184,0.00023475432642094002,0.0012982438851911501,0.00040636156237588967,20.89004314575116,19.674832879654833,16.17386997018684,26.040219987778457,4.097747615655776,83.30000000000003,83.3,83.3,83.3,1.4453792906454277e-14,0.26666666666666666,0.0,0.0,1.0,0.44977644510880355,1.0,1.0,1.0,1.0,0.0,0.0625,0.0625,0.0625,0.0625,0.0,0.0625,0.0625,0.0625,0.0625,0.0,459.97671666666673,472.786,386.1316,520.5295,50.99582431123283,1.0,1.0,1.0,1.0,0.0,0.0,0.0,0.0,0.0,0.0,0.0,0.0,0.0,0.0,0.0,0.00022998976694696578,0.0002111036600714,9.261617726634804e-05,0.00034045179404000017,0.00014043130611715663,0.02929180207711849,0.0311498870160219,0.00811605077736164,0.04533292601319256,0.01421753738787573,0.13576142145693768,0.1455113328562013,0.03029355294781347,0.20785643524628508,0.0643863214594431,0.11254292926260287,0.12387239588585411,0.02865956543460368,0.1715623459118055,0.0525418145452671,0.23153252289688642,0.24796685228716336,0.054018556369671684,0.35525302826526606,0.1096901169412407,0.00096328411908174,0.00103470441189065,0.00017373574015752002,0.0014764538249152001,0.00046764094921687233,0.025989999999999996,0.0418,0.0,0.0446,0.02161382619432804,0.0,0.0,0.0,0.0,0.0,0.0,0.0,0.0,0.0,0.0,0.0,0.0,0.0,0.0,0.0
Sweep_AmplitudeStep_750pct,750.0,RLS,Adaptive,fast,30,2.1741768517186046,2.226234886931244,1.4765658647621849,2.639067237883004,0.44071546225488395,1.6609876825511596,1.7062748597802617,1.1930535319666935,1.9899691649315083,0.2879245445033503,7.66569872860019,8.602795824020845,2.6978036737009505,9.982022314615469,2.633813069842532,1.3859568119738623,1.4669907631199028,0.8463918759337122,1.818177365893741,0.40031092114785594,1.3323800000000001,1.3071000000000002,1.22848,1.48988,0.10103524956752677,9.999999999999998e-05,0.0001,0.0001,0.0001,4.135263320862086e-20,1.0627733333333331,1.0498,1.00235,1.16414,0.06225761791544668,5.818858118472747,6.167069309663967,3.8029800459131837,7.350562979283966,1.4315417752862027,1.6501000000000003,1.6501,1.6501,1.6501,0.0,182.48016767414893,199.147619215454,87.70241006321555,204.94694721138453,50.016849157438735,33.57269219808223,36.36468251867854,16.45579846952403,40.822410001403966,8.585392982400975,88.73055529318408,87.9859884836707,84.36295785548356,92.12150061373097,3.685765770419767,0.017168688283945598,0.01637526006780185,0.011106113358479679,0.02459592466227607,0.005867465793016894,14.572878667234535,14.466788882099143,13.309445771531212,15.971334925837454,1.1282517642771455,0.0,0.0,0.0,0.0,0.0,0.0,0.0,0.0,0.0,0.0,0.0,0.0,0.0,0.0,0.0,0.0625,0.0625,0.0625,0.0625,0.0,0.0625,0.0625,0.0625,0.0625,0.0,426.2616266666667,419.7459,401.57425,465.6275,28.85915624883092,1.0,1.0,1.0,1.0,0.0,0.0,0.0,0.0,0.0,0.0,0.0,0.0,0.0,0.0,0.0,0.2814363536694602,0.11830305189930486,0.022671444414604402,0.7619524890868787,0.34565416968324664,1.6380929051004844,1.8186201136905629,0.6371931347608364,1.9656028734947633,0.569487902105692,4.311910657707347,4.837259122044769,0.6589561166682906,5.1627635668369,1.5648797228436844,5.543624439494922,6.521091338103356,0.5142825324426268,7.478416833519104,2.3270154519397956,7.466769677016811,8.602795824020845,0.7484232608026922,9.982022314615469,3.070382426704963,1.4892979519488299,1.5237850553853054,1.1729553811344033,1.7541319022172808,0.25225112777835235,1.3000999999999998,1.3001,1.26146,1.33874,0.029342096392208514,0.0,0.0,0.0,0.0,0.0,0.0,0.0,0.0,0.0,0.0,0.0,0.0,0.0,0.0,0.0
Sweep_AmplitudeStep_750pct,750.0,TKEO,Adaptive,fast,30,11.028260806228953,11.006574735853611,10.649751914063442,11.410535724383559,0.30582702629007924,10.214451435278766,10.280061437401045,9.673911119408446,10.553677726006498,0.3492820498819734,14.752772215359679,14.788958484147017,13.554724822879392,15.600908846919626,0.7543784544929266,4.121464250179922,4.278721605255928,3.426035605817006,4.644478509805576,0.5319436060443993,1.6501000000000003,1.6501,1.6501,1.6501,0.0,9.999999999999998e-05,0.0001,0.0001,0.0001,4.135263320862086e-20,1.6501000000000003,1.6501,1.6501,1.6501,0.0,22.578844185818536,22.906444883121743,20.595585114434062,24.09272215682729,1.5031799086782232,1.6501000000000003,1.6501,1.6501,1.6501,0.0,345.3771237861444,343.99270887512046,325.73421287866825,366.7907620662021,16.462314733415948,94.19223136967666,92.44529474300657,82.2310560826764,110.86151057597525,10.745930017990544,98.04761988839277,97.35000369860745,93.00167745143615,104.38140249374145,4.349765709688961,0.07209588918866655,0.0725938628768256,0.05613080992954989,0.0842598969795012,0.011901566526353834,10.54146683208958,10.271420106290392,8.96940910690147,11.949567616613894,1.6273262059820983,0.30000000000000004,0.3,0.3,0.3,0.0,0.0,0.0,0.0,0.0,0.0,0.0,0.0,0.0,0.0,0.0,0.0625,0.0625,0.0625,0.0625,0.0,0.0625,0.0625,0.0625,0.0625,0.0,350.39257666666657,349.2886,308.0607,404.93568000000005,39.163895238367836,1.0,1.0,1.0,1.0,0.0,0.0,0.0,0.0,0.0,0.0,0.0,0.0,0.0,0.0,0.0,4.726373860666892,4.58592566339739,3.7353699296368714,6.200353566925124,0.9780920635914249,5.353687833311783,5.1634983991907415,4.204716874841507,6.986238007075794,1.0126620590525468,5.792351738564874,5.675417145571667,4.599728110874257,7.320025786923285,1.0011763056587935,6.4280123449339355,6.362914052311067,5.183939081456904,7.761406072809256,0.9763877639759188,7.541002882487496,7.496744673773286,6.207734752959999,8.778872932046305,0.9557772050946203,10.67202902385707,10.721085430484028,9.75313706826808,11.621785988156807,0.7666593888816987,1.3000999999999998,1.3001,1.26146,1.33874,0.029342096392208514,0.0,0.0,0.0,0.0,0.0,0.0,0.0,0.0,0.0,0.0,0.0,0.0,0.0,0.0,0.0
Sweep_AmplitudeStep_750pct,750.0,PLL,Loop-based,fast,30,0.23055316441157683,0.18430811419676074,0.1677159194156909,0.33125550072459764,0.13265292358906602,0.16905271991424944,0.15347406656299323,0.14795490852518248,0.20293094270912254,0.043528340174960635,1.4462419415682912,1.2205223763963957,0.6320899863538137,2.4225889314133466,0.8024108510478251,0.14797861630492004,0.10010084528857066,0.07798356407676693,0.26166240693605763,0.13591432763019354,0.029283333333333335,0.0125,0.00347,0.08309000000000001,0.039427953354785314,9.999999999999998e-05,0.0001,0.0001,0.0001,4.135263320862086e-20,0.020239999999999998,0.0088,0.0023,0.055080000000000025,0.03283312666951705,0.6129885688290097,0.45589246658828164,0.3824332562193544,0.9879181635172953,0.45106662435389794,1.649016666666667,1.6491500000000001,1.6475000000000002,1.6501,0.0010167844288306825,200.47655102545176,196.94217813843727,178.1450371733744,232.93822411861066,20.09005671837048,123.55208059478373,123.61552884196453,122.31985281076496,124.7209356290431,0.8971495916294967,100.48729253340942,99.84934960728202,96.51745529460632,105.39854343083219,3.3914655902548647,0.009250319679519883,0.008468747703882201,0.0038944393765222105,0.014596932868008783,0.00540523911324583,10.097818639705201,9.837416439827418,8.911541951373072,11.284095328037331,1.1557206953164858,0.0,0.0,0.0,0.0,0.0,0.0,0.0,0.0,0.0,0.0,0.0,0.0,0.0,0.0,0.0,0.0625,0.0625,0.0625,0.0625,0.0,0.0625,0.0625,0.0625,0.0625,0.0,314.3462233333332,318.69115,260.3733,368.1722,44.99504217080139,1.0,1.0,1.0,1.0,0.0,0.0,0.0,0.0,0.0,0.0,0.0,0.0,0.0,0.0,0.0,0.16165811310418274,0.1613619758116804,0.16114621607410842,0.16159683480466439,0.0015859654846807497,0.6081776929518437,0.5223467377097324,0.2831903448419319,1.116980897817695,0.2869454169942766,0.3917655879190557,0.3384959071346165,0.2145604197691705,0.6813706978481434,0.16102538787876008,0.30640629901521954,0.26756190068047647,0.19031386260558097,0.5058947231567783,0.10966296049904654,1.1313112668903158,1.0639743359741836,0.6124302309807249,1.8833128254323712,0.4456057955722108,0.1613766318355271,0.1613716684970649,0.16115678254548857,0.16155889357662329,0.0001561540563269268,1.2990166666666667,1.2988,1.25868,1.3387,0.029281794783570333,0.0,0.0,0.0,0.0,0.0,0.0,0.0,0.0,0.0,0.0,0.0,0.0,0.0,0.0,0.0
Sweep_AmplitudeStep_750pct,750.0,SOGI-FLL,Loop-based,fast,30,0.029166206935474646,0.02762658681584465,0.02150223303141427,0.04021163218675718,0.006457729336121817,0.011315712366147947,0.0108157184093307,0.00923521274820472,0.01427583281180551,0.0018955560643899299,0.17647008578506887,0.18934562790473203,0.13247214419163167,0.21349551117942833,0.03246184289072518,0.026861367658211767,0.02561039077868305,0.01918731365523791,0.03749358874021412,0.006263856836488972,0.0,0.0,0.0,0.0,0.0,9.999999999999998e-05,0.0001,0.0001,0.0001,4.135263320862086e-20,0.0,0.0,0.0,0.0,0.0,0.09189981534078337,0.08725762672270346,0.06726724835778279,0.12705196022453946,0.02058457484199747,0.10460333333333334,0.0,0.0,0.39161000000000007,0.17825964883365739,10.782948028602728,10.58858500056381,8.490471027178259,13.867969411075267,1.7786226216994443,2.178037829959396,2.2482928034100347,1.5838178988128848,2.7750411578871343,0.4138253287894142,65.24663990969036,64.83953978154966,61.06165734357006,70.9700366151923,4.039925410202466,0.0008654978089019834,0.0008871761443791,0.00045051468721182,0.00118536076060872,0.0002923151571196197,9.77954928429902,9.692748551006426,8.390737551617502,11.284095328037331,1.117755373804765,0.0,0.0,0.0,0.0,0.0,0.0,0.0,0.0,0.0,0.0,1.0,1.0,1.0,1.0,0.0,0.0625,0.0625,0.0625,0.0625,0.0,0.0625,0.0625,0.0625,0.0625,0.0,328.2380866666666,329.3216,282.73236,386.1316,40.847781523972145,1.0,1.0,1.0,1.0,0.0,0.0,0.0,0.0,0.0,0.0,0.0,0.0,0.0,0.0,0.0,0.003633779981393107,0.00361761947290465,0.00350176140238118,0.00378701078926529,0.00012522741123847128,0.11334604982922611,0.11870845773125,0.04698594647503975,0.17197840772259587,0.04763499116907233,0.10618223451375086,0.1060805551983441,0.061031835487450295,0.14496453890604394,0.029763988330013317,0.1122357281085001,0.10722926394400295,0.0778757614885026,0.15497052373577574,0.02542746403915362,0.17647008578506887,0.18934562790473203,0.13247214419163167,0.21349551117942833,0.03246184289072518,0.005907438919244973,0.0057518309371018,0.00557722285223482,0.00641382377573514,0.0003310978912744696,0.012383333333333333,0.0,0.0,0.0762,0.026176919069172813,0.0,0.0,0.0,0.0,0.0,0.0,0.0,0.0,0.0,0.0,0.0,0.0,0.0,0.0,0.0
Sweep_AmplitudeStep_750pct,750.0,SOGI-PLL,Loop-based,fast,30,0.03392098043451237,0.032043677569762,0.01415507738592822,0.05572064285108382,0.016005214698913608,0.010397529794333196,0.0109304191784777,0.0052390496518871605,0.015806613146236603,0.0043976659233356695,0.3833829616582115,0.3632537230228863,0.13513440617787964,0.6945267657818647,0.21524886462059561,0.03225012557296274,0.03036127107518375,0.01329509485872038,0.05390503950683183,0.015471448874315553,0.0019733333333333334,0.0,0.0,0.0075,0.0029482821805403825,9.999999999999998e-05,0.0001,0.0001,0.0001,4.135263320862086e-20,0.0019733333333333334,0.0,0.0,0.0075,0.0029482821805403825,0.10714790651322163,0.1012163220863175,0.04467610956392962,0.1761727994746479,0.05058462984240509,0.2666466666666667,0.34425,0.0,0.39988,0.16435658402584205,49.39156748528008,50.454290982155925,17.02054046111812,79.62870740271022,24.79870706752517,6.267501013601876,6.882174673242872,2.5748111535961917,9.328574343579437,2.659438806363203,73.50187260741434,74.74973019871891,62.954385347967225,82.19075031910344,6.937568165864004,0.0025579061227000567,0.00250112808127195,0.0008083007943004201,0.00449505966963297,0.0014677554064611693,11.50591942422952,11.13942743921634,9.25874488454345,14.206386682221359,1.8669072025446256,0.0,0.0,0.0,0.0,0.0,0.16666666666666666,0.0,0.0,1.0,0.3790490217894516,0.6333333333333333,1.0,0.0,1.0,0.4901325178535609,0.0625,0.0625,0.0625,0.0625,0.0,0.0625,0.0625,0.0625,0.0625,0.0,353.6320866666667,349.2886,308.0607,403.2901,38.86445803446795,1.0,1.0,1.0,1.0,0.0,0.0,0.0,0.0,0.0,0.0,0.0,0.0,0.0,0.0,0.0,0.00203760516610637,0.00185914387359755,0.00177915937329499,0.00216696332898525,0.0006327388712142118,0.23442297941870247,0.216078554868156,0.04468645076148251,0.475535494023216,0.1518993590672166,0.14247051855913606,0.12996946407636134,0.027112088281415654,0.2900651455846228,0.0926725215126967,0.10757984073299484,0.0956536993255794,0.019292593171134933,0.22342048201239126,0.0719423700613232,0.3584793793239977,0.33125061733605676,0.08064528744854656,0.6941571930889665,0.21838517118496614,0.0018504081748840333,0.0017905641062191,0.00176111678240197,0.002057568499903,0.00010892854016430865,0.009006666666666666,0.0123,0.0,0.014820000000000002,0.006209555113906605,0.0,0.0,0.0,0.0,0.0,0.0,0.0,0.0,0.0,0.0,0.0,0.0,0.0,0.0,0.0
Sweep_AmplitudeStep_750pct,750.0,Type-3 SOGI-PLL,Loop-based,fast,30,0.04836344985317839,0.04637041520609595,0.02476957572174072,0.07633863522979545,0.024611676641013464,0.01432330164188835,0.0136122734968551,0.0074407541248975905,0.023832413447970904,0.006542325898375351,0.4696403430200829,0.43715156267804645,0.2278851571254378,0.660403814204534,0.20622863222252932,0.04616131750789882,0.04430911806616265,0.023829453602623132,0.07279818313540969,0.023791492031930064,0.004076666666666667,0.0,0.0,0.008680000000000004,0.007011059408034458,9.999999999999998e-05,0.0001,0.0001,0.0001,4.135263320862086e-20,0.003986666666666667,0.0,0.0,0.008320000000000003,0.006969526443781864,0.152807254165585,0.146588567988588,0.07822548690699015,0.24136999310453122,0.07774673782666362,0.29389,0.35325,0.004650000000000001,0.40161,0.1457255458872532,31.43583823960997,32.93178922177731,19.003515753967193,42.54792369658311,10.265789645583837,6.560302836368963,7.257632807857842,3.574198967001161,8.578532763153923,1.900218910498302,74.54996422432623,74.49121405081652,67.74336919742552,81.06638618996183,5.0462100725669945,0.003863966284762457,0.0039697775552258495,0.00208781839773886,0.00590012312643886,0.0015433971636839223,15.238350955811095,15.33479621502509,11.515563950150918,18.314954724737515,2.814802605867509,0.0,0.0,0.0,0.0,0.0,0.03333333333333333,0.0,0.0,0.0,0.18257418583505536,0.5333333333333333,1.0,0.0,1.0,0.507416263404925,0.0625,0.0625,0.0625,0.0625,0.0,0.0625,0.0625,0.0625,0.0625,0.0,402.24329,411.51800000000003,329.3216,452.33171000000004,52.28076242407909,1.0,1.0,1.0,1.0,0.0,0.0,0.0,0.0,0.0,0.0,0.0,0.0,0.0,0.0,0.0,0.0027031898267229734,0.0026461959098807,0.00261008675097097,0.00271734863862707,0.00023361742081911822,0.25935811803305564,0.2075206518014497,0.08615004149848376,0.4866211909265043,0.14029654421138898,0.16751355314015534,0.14266048255860664,0.05755357996481407,0.3082299833585958,0.08679312586250738,0.12233771370765496,0.10370933676722825,0.04075153033282232,0.2269119660596489,0.06437912256938204,0.3915620465012542,0.38545411656624035,0.17266880538028245,0.6587789974111956,0.1706580815180657,0.0030248104356288027,0.0028244497450132,0.00260199206585638,0.00381663837414143,0.00046309481668449704,0.011949999999999999,0.0143,0.0,0.0202,0.00786900291628817,0.0,0.0,0.0,0.0,0.0,0.0,0.0,0.0,0.0,0.0,0.0,0.0,0.0,0.0,0.0
Sweep_AmplitudeStep_750pct,750.0,ZCD,Loop-based,fast,30,0.006317868143740061,0.0062147676862702,0.00260778361223576,0.01033488120552349,0.0027836149318656573,0.00333618418633048,0.0031367663352059004,0.0015563803936504402,0.00516239869143902,0.0013744261618224586,0.02964649100898236,0.026657321165281148,0.01313702910694296,0.046597575991313506,0.015184085829504474,0.005357325353269576,0.00534208012232855,0.0020922954636307103,0.008803851399881102,0.0024386006452037866,0.0,0.0,0.0,0.0,0.0,9.999999999999998e-05,0.0001,0.0001,0.0001,4.135263320862086e-20,0.0,0.0,0.0,0.0,0.0,0.019408160246139346,0.019307055597145052,0.00783326678454276,0.03182989456950131,0.00865815555766968,0.0,0.0,0.0,0.0,0.0,15.0583713051707,14.743424137186878,8.173006540445726,21.047241446904508,5.293095597432659,5.955627476736083,6.0669681401828175,2.502170403606741,9.755381942679604,2.6702403068168734,73.14424122047438,73.66548563892397,70.26050381069082,75.31941065997023,1.9973241267971384,0.0009628350135654679,0.00089766016336855,0.00044203325176646,0.00173550125879437,0.0004989846167254928,5.651692189940066,5.642047664018666,4.629372442271725,6.654722885765606,0.7886661244063523,16.699999999999996,16.7,16.7,16.7,7.226896453227138e-15,1.0,1.0,1.0,1.0,0.0,1.0,1.0,1.0,1.0,0.0,0.0625,0.0625,0.0625,0.0625,0.0,0.0625,0.0625,0.0625,0.0625,0.0,187.18516000000005,201.6955,116.4554,232.8914,50.627372407550716,1.0,1.0,1.0,1.0,0.0,0.0,0.0,0.0,0.0,0.0,0.0,0.0,0.0,0.0,0.0,0.013196380604745934,0.009781870133885099,0.00461844382826642,0.023542285242077573,0.008194980470828048,0.009178979257411258,0.00666235201402135,0.00255878805475359,0.01655096409076296,0.008673036002865252,0.0065030266773760375,0.005038736500356,0.00184058695203781,0.012449780395405877,0.005547114255692306,0.004798536964325127,0.00367822548836365,0.00148603703672815,0.008885018892005185,0.0039104751578073246,0.0112514926554157,0.00944811619231695,0.0030317143654925703,0.019767447367917107,0.009312590748232907,0.0016023858632232602,0.0015394640382028,0.00079445134106918,0.00237885490140376,0.0007057673815815835,0.0,0.0,0.0,0.0,0.0,0.0,0.0,0.0,0.0,0.0,0.0,0.0,0.0,0.0,0.0,0.0,0.0,0.0,0.0,0.0
Sweep_AmplitudeStep_750pct,750.0,EKF,Model-based,fast,30,0.0202264925916126,0.0224862952054128,0.007178646739592271,0.03166056786113628,0.009142865339343538,0.0076867526865091705,0.0082907382037683,0.0031553486703587304,0.01145211873674533,0.003262147207725805,0.10362648377247033,0.1160087987879059,0.04098207785646647,0.15949462495413158,0.044267881747034665,0.018691735091391434,0.020906616181233552,0.0066618157544244,0.029399155602030852,0.008580003482625028,0.0,0.0,0.0,0.0,0.0,9.999999999999998e-05,0.0001,0.0001,0.0001,4.135263320862086e-20,0.0,0.0,0.0,0.0,0.0,0.06376195796068364,0.0709715324873264,0.022652605068590462,0.10007652353070672,0.02893128349595848,0.0,0.0,0.0,0.0,0.0,12.26035764478617,12.914532927670308,9.975144019538362,14.63553754823721,1.8164147388080987,1.4015582633253418,1.4491098676547514,1.1486086541722051,1.6533689427718885,0.19494430311057792,61.499589411642404,60.89770792748929,57.404775668776985,66.78600799598979,3.4956625606547496,0.0005163131834148733,0.0005604251186869,0.00020690953764681,0.0007816359495067,0.0002145867868318507,11.8241887796357,11.573431105679315,10.068885061941003,14.235320259985556,1.6380232058639257,0.0,0.0,0.0,0.0,0.0,0.3,0.0,0.0,1.0,0.46609159969939895,1.0,1.0,1.0,1.0,0.0,0.0625,0.0625,0.0625,0.0625,0.0,0.0625,0.0625,0.0625,0.0625,0.0,374.8845033333334,368.1722,329.3216,419.7459,37.109145817341954,1.0,1.0,1.0,1.0,0.0,0.0,0.0,0.0,0.0,0.0,0.0,0.0,0.0,0.0,0.0,0.0011539252299904447,0.0011191751298248,9.739614308540888e-05,0.0025440237833947305,0.0009375172656986913,0.03053848160162071,0.03180288193515185,0.01711511921131319,0.04338730827267047,0.009452525462048781,0.0694228797307275,0.0819705747365475,0.024136992333958985,0.10736444436583249,0.031889256463057215,0.0732378099840343,0.0831361818611219,0.02478602050317391,0.11605990635079576,0.0346658366599717,0.10362648377247033,0.1160087987879059,0.04098207785646647,0.15949462495413158,0.044267881747034665,0.009245346715055157,0.0099785421942118,0.0029131297798601903,0.01499851803031646,0.0045075324711930116,0.0,0.0,0.0,0.0,0.0,0.0,0.0,0.0,0.0,0.0,0.0,0.0,0.0,0.0,0.0,0.0,0.0,0.0,0.0,0.0
Sweep_AmplitudeStep_750pct,750.0,LKF,Model-based,fast,30,0.009025110011562969,0.007882149912659401,0.00449663321570324,0.019026680384536178,0.004735943922485687,0.0047744584685396035,0.0044920003047629505,0.00366730645940505,0.00710699892057526,0.0011189507361242888,0.10049036039483186,0.09474340083689009,0.03050033229698668,0.2296755180472416,0.0647513635060502,0.007480709951273761,0.006500869529000549,0.00249310061023378,0.01764950794796745,0.004895530610747366,0.0,0.0,0.0,0.0,0.0,9.999999999999998e-05,0.0001,0.0001,0.0001,4.135263320862086e-20,0.0,0.0,0.0,0.0,0.0,0.027216588322361023,0.023962893961995052,0.011221515028788171,0.060055522764477696,0.015800365822674644,0.048786666666666666,0.0,0.0,0.32610000000000006,0.12703462393442552,9.019499776924176,8.247157421257256,5.389857136874454,17.497204594880245,4.149418867875139,3.206153473535889,3.1625824752791187,2.9702391694968013,3.73362538037611,0.2439888987228001,68.74736766111297,68.04652089012278,64.32058550329381,74.71262114837772,3.58647039436541,0.000662331924325867,0.0006288582780747,0.00019101985182366999,0.0015108166077324801,0.0004292650779291437,17.774861273139145,18.22815399144492,14.119585948928762,21.41084754550673,2.7665468963130806,7.900000000000002,7.9,7.9,7.9,3.613448226613569e-15,0.8666666666666667,1.0,0.0,1.0,0.34574590364176044,1.0,1.0,1.0,1.0,0.0,0.0625,0.0625,0.0625,0.0625,0.0,0.0625,0.0625,0.0625,0.0625,0.0,453.81344000000007,465.6275,368.1722,533.3691,64.96147344924502,1.0,1.0,1.0,1.0,0.0,0.0,0.0,0.0,0.0,0.0,0.0,0.0,0.0,0.0,0.0,0.0038801113082998235,0.00388369286394675,0.00386096764247101,0.00390030545951814,1.9970384926256847e-05,0.06699759665438135,0.061491629542641146,0.01817067635927307,0.15655556211442104,0.0452149042745517,0.0422143816597532,0.037558596968795696,0.01176565932350424,0.10084077289484313,0.028859226883036035,0.031030965352726723,0.0274918661720888,0.0089671645805863,0.07382055534405518,0.021006946572064835,0.10049036039483186,0.09474340083689009,0.03050033229698668,0.2296755180472416,0.0647513635060502,0.004556003392773168,0.0042815395371892506,0.00393852481235813,0.00630893372590056,0.0007902557198845113,0.0014533333333333334,0.0,0.0,0.0107,0.0037693622741815334,0.0,0.0,0.0,0.0,0.0,0.0,0.0,0.0,0.0,0.0,0.0,0.0,0.0,0.0,0.0
Sweep_AmplitudeStep_750pct,750.0,LKF2,Model-based,fast,30,0.05542256434651463,0.055001610426970146,0.038538077859511355,0.07372680660718894,0.013822819431669573,0.018660630178957464,0.01801157801971075,0.014623734738555539,0.02393488920083402,0.0033965734486355917,0.7124936301071666,0.6946659084622873,0.4854502518100005,0.9778931788489701,0.1923828256692406,0.052154767743371536,0.0517903402066723,0.03564250890945995,0.07011837233478481,0.013526636303196475,0.004426666666666666,0.0037,0.0,0.008709999999999999,0.0033986745218904275,9.999999999999998e-05,0.0001,0.0001,0.0001,4.135263320862086e-20,0.002886666666666667,0.0034999999999999996,0.0,0.0048,0.0017446931028087735,0.17512493340907223,0.17388054342811904,0.12156984387790437,0.23312547978044862,0.043830410236134335,0.41869666666666666,0.41855,0.38177,0.46890000000000004,0.03693835016136588,138.25032578678764,138.46104545327086,129.10344373260153,145.7997878283237,6.9384192778037335,29.89515764702965,28.39949094785017,22.21041819035869,39.92894698135823,7.145943128937906,87.92848991829348,88.16764118459122,83.82653461557807,91.71643122611944,3.259092041005483,0.003259405964242983,0.0032800911862661,0.00184449348426079,0.00464081111557764,0.0011363061543960948,13.097266201260425,12.730774216247244,10.994759550395347,15.624131992667072,1.975468323878742,0.0,0.0,0.0,0.0,0.0,0.0,0.0,0.0,0.0,0.0,0.16666666666666666,0.0,0.0,1.0,0.3790490217894517,0.0625,0.0625,0.0625,0.0625,0.0,0.0625,0.0625,0.0625,0.0625,0.0,401.0408299999999,402.93875,327.19551,465.6275,57.13391286791695,1.0,1.0,1.0,1.0,0.0,0.0,0.0,0.0,0.0,0.0,0.0,0.0,0.0,0.0,0.0,0.0006759483510372847,0.00041784571716434995,0.00011577530195718472,0.0017199284674732202,0.0006569193073465926,0.41302057016976773,0.41467840688439384,0.2613715614236606,0.5743617813124076,0.12345530135482079,0.2688822955935477,0.2650660722706528,0.179907910349342,0.36511734643261246,0.07241586155635726,0.21330731041861703,0.2120755789856666,0.1447346772442597,0.2878399744072949,0.05653698416098114,0.7124936301071666,0.6946659084622873,0.4854502518100005,0.9778931788489701,0.1923828256692406,0.022243017423516656,0.02215414224330665,0.02163214121129276,0.02291119255350862,0.0005182395644115281,0.06869666666666666,0.082,0.022260000000000002,0.097,0.030072653212917008,0.0,0.0,0.0,0.0,0.0,0.0,0.0,0.0,0.0,0.0,0.0,0.0,0.0,0.0,0.0
Sweep_AmplitudeStep_750pct,750.0,RA-EKF,Model-based,fast,30,0.003021442653101257,0.0029729571265221,0.0028379152375867,0.0033780704832532503,0.00018194919043165047,0.0024023003086047004,0.00236355483149335,0.00222129315398816,0.0025549956434719103,0.00017979934381676558,0.0210551271177782,0.020696538909604052,0.017938687915626132,0.024748753195485952,0.0028398762424358057,0.0018280566507067762,0.0018025390998389502,0.0017249313703884199,0.0019889078561314798,0.00013272838013538786,0.0,0.0,0.0,0.0,0.0,9.999999999999998e-05,0.0001,0.0001,0.0001,4.135263320862086e-20,0.0,0.0,0.0,0.0,0.0,0.00788647026072521,0.00775110365950865,0.0074545302167218705,0.00840212201820705,0.0004718626214082418,0.0,0.0,0.0,0.0,0.0,9.609419292984827,9.4752451746416,8.559615623159544,10.74860497620378,0.87787754898495,2.263573318378115,2.252028800011335,2.1548433633818784,2.373846522304144,0.08048089642477681,65.74125363077118,65.1189754382647,61.765067115052524,70.90489832172413,3.442756912311681,4.2227958633943196e-05,3.994861706809007e-05,2.161527645715971e-05,6.031893231624233e-05,1.8344566188328165e-05,16.443916695986022,17.070810880876987,14.148519526692962,17.996685369331335,1.864431539226027,0.0,0.0,0.0,0.0,0.0,1.0,1.0,1.0,1.0,0.0,1.0,1.0,1.0,1.0,0.0,0.0625,0.0625,0.0625,0.0625,0.0,0.0625,0.0625,0.0625,0.0625,0.0,444.3187466666667,435.5788,386.1316,493.8451,37.13138345907198,1.0,1.0,1.0,1.0,0.0,0.0,0.0,0.0,0.0,0.0,0.0,0.0,0.0,0.0,0.0,0.0007267765636445568,0.0004328451877891,0.00028081403669212,0.0013346118189403006,0.0006984185052950436,0.006530940419490792,0.00602994355940555,0.00488449384625395,0.008374265484090409,0.0016106402176851438,0.007841131384539275,0.0076695858546096,0.00661383676455146,0.00916106407605695,0.0012246482863257995,0.0057377420882754404,0.00559720661989605,0.00486469545675335,0.0066839490780199505,0.0008682276760435165,0.0210551271177782,0.020696538909604052,0.017938687915626132,0.024748753195485952,0.0028398762424358057,0.00303882454689517,0.0030436455364102498,0.0030225876132964798,0.00305091191133928,1.241026214670443e-05,0.0,0.0,0.0,0.0,0.0,0.0,0.0,0.0,0.0,0.0,0.0,0.0,0.0,0.0,0.0,0.0,0.0,0.0,0.0,0.0
Sweep_AmplitudeStep_750pct,750.0,UKF,Model-based,fast,30,0.018098341753754254,0.0198315081255103,0.00827872708327663,0.02490133788079043,0.0064123224923401684,0.005625049127074907,0.0061430087409366,0.0035507429460154604,0.007219838555170991,0.0015656089217365775,0.1324054893727447,0.14457255889367815,0.06677427326160902,0.17662552680393087,0.042385960161948184,0.01719043502353956,0.0188070021516149,0.0074978010895067095,0.023852794460328612,0.006251256184664362,0.0,0.0,0.0,0.0,0.0,9.999999999999998e-05,0.0001,0.0001,0.0001,4.135263320862086e-20,0.0,0.0,0.0,0.0,0.0,0.05719635419769376,0.06270999747633879,0.02599961596924467,0.07870824629831066,0.020301759568363664,0.0,0.0,0.0,0.0,0.0,31.12577786879041,31.34716643488744,28.94351665823436,33.18831484422624,1.7443106374240718,5.591460193356877,5.61786481057852,5.446953696134859,5.716580741157916,0.10371201108117883,73.59970645265163,72.77268676662337,69.91431564671056,78.6007213006899,3.362985468280134,0.0005830945224528035,0.000665389823475,0.0002924091243751,0.00082504125146084,0.00022100503310875768,15.344440740946492,14.900792548562116,13.251578616002815,16.926142992055997,2.311545462266679,0.0,0.0,0.0,0.0,0.0,0.4,0.0,0.0,1.0,0.4982728791224399,1.0,1.0,1.0,1.0,0.0,0.0625,0.0625,0.0625,0.0625,0.0,0.0625,0.0625,0.0625,0.0625,0.0,424.85985666666676,427.66235,368.1722,481.33456,45.42386973113164,1.0,1.0,1.0,1.0,0.0,0.0,0.0,0.0,0.0,0.0,0.0,0.0,0.0,0.0,0.0,0.00012448902552573198,0.0001171018091366,4.786349083559595e-05,0.00021936237175013,7.424923971372387e-05,0.08499304124825137,0.09279411553199665,0.03572157298621228,0.12148753780385882,0.03259719665708442,0.06947926062486227,0.07521333487687165,0.033082811243882224,0.09643520781266446,0.024273784257840752,0.07098323131893425,0.07784320218723739,0.02916384935629971,0.09898422963930381,0.02676465738487313,0.1324054893727447,0.14457255889367815,0.06677427326160902,0.17662552680393087,0.042385960161948184,0.006857932382460604,0.0064282650524141,0.0054303828067908105,0.00906079062145859,0.0013783519179145704,0.0,0.0,0.0,0.0,0.0,0.0,0.0,0.0,0.0,0.0,0.0,0.0,0.0,0.0,0.0,0.0,0.0,0.0,0.0,0.0
Sweep_AmplitudeStep_750pct,750.0,IPDFT,Window-based,fast,30,0.030087021871620094,0.0351903444399678,0.00886087966588049,0.04657923868569844,0.013925102522020597,0.0071136436741578305,0.008309000028140251,0.00195428931217429,0.01095468016332822,0.0032997010722662285,0.23229533517526402,0.2728191978709233,0.08382053413284389,0.34853752646604547,0.10484687485450178,0.029233584175099168,0.0341953338505426,0.00865196925164187,0.04527273070421748,0.013529366005900871,0.0,0.0,0.0,0.0,0.0,9.999999999999998e-05,0.0001,0.0001,0.0001,4.135263320862086e-20,0.0,0.0,0.0,0.0,0.0,0.09481439619945548,0.11089500157976809,0.027868587832582312,0.14677287227598074,0.043886017397214226,0.22066666666666665,0.37345,0.0,0.43896999999999997,0.21098816821432614,20.166929760132867,22.768907955228457,7.7033464499525195,29.83117418324888,8.459092808342849,2.7566537276730196,3.1890842777858257,1.0429196268718242,4.104400921279298,1.1760165247977465,66.4287752040764,66.90839783320502,59.10416852825906,72.57399208400972,5.694740609235304,0.0016321549735446165,0.0018008577409972001,0.00065852029535892,0.00236067215920865,0.0006922181703706622,12.701840638483052,12.730774216247244,10.96582597263115,14.17745310445716,1.3557217557172139,66.59999999999998,66.60000000000001,66.60000000000001,66.60000000000001,4.336137871936283e-14,0.2,0.0,0.0,1.0,0.4068381021724863,1.0,1.0,1.0,1.0,0.0,0.0625,0.0625,0.0625,0.0625,0.0,0.0625,0.0625,0.0625,0.0625,0.0,390.2266433333333,386.1316,349.2886,437.10636,37.129350155375356,1.0,1.0,1.0,1.0,0.0,0.0,0.0,0.0,0.0,0.0,0.0,0.0,0.0,0.0,0.0,0.0004116804330346666,0.00034760632201825,0.00021914911805248,0.0006276953235985201,0.00019386086538357878,0.09966469449156753,0.10166333717674625,0.02960664433624683,0.15195978822237294,0.04756388138707109,0.13087806723698317,0.15135806056030393,0.046230156769147226,0.20036343150496458,0.05904046539984941,0.12129052234120681,0.1418554184980871,0.03592875715066506,0.18782922940933947,0.05610649904778478,0.23229533517526402,0.2728191978709233,0.08382053413284389,0.34853752646604547,0.10484687485450178,0.0014413696367502767,0.00166844140146895,0.00021253360108847,0.00221214754487665,0.0007185954084507889,0.03288666666666667,0.05605,0.0,0.0646,0.03140505926003702,0.0,0.0,0.0,0.0,0.0,0.0,0.0,0.0,0.0,0.0,0.0,0.0,0.0,0.0,0.0
Sweep_AmplitudeStep_750pct,750.0,TFT,Window-based,fast,30,0.0489616212434771,0.05368292486644455,0.01329377919702354,0.07417031304128215,0.022201926702141776,0.010697155706792146,0.01212624160147455,0.00299729381268365,0.016254659912842463,0.004948390233934669,0.4406142898161536,0.4831170576801327,0.12131383190113702,0.6730976101287702,0.2035421257710109,0.04777760113278198,0.0522954171330373,0.01295147296939347,0.0723706756552227,0.02164612878916275,0.004746666666666667,0.0,0.0,0.0122,0.005394232765318603,9.999999999999998e-05,0.0001,0.0001,0.0001,4.135263320862086e-20,0.004746666666666667,0.0,0.0,0.0122,0.005394232765318603,0.15402995910513823,0.1690124930005866,0.04185171272086427,0.23335577312686198,0.0698814265421572,0.33098,0.40275,0.0,0.45125000000000004,0.170718745107368,40.8693146494284,45.21742891300029,11.78532248861508,62.19629194842823,18.694139394346426,4.585419100526686,5.059300235170462,1.2982607374156323,6.989495061343469,2.0825231903497103,70.60308281480548,71.68751423752533,61.565228492016274,77.40776356011195,6.125797586999908,0.002919172914878346,0.0032202480273236,0.0008612508944833301,0.0044929187426449805,0.0013564334701856202,15.884534192544859,15.624131992667072,14.437855304334946,17.70734959168935,1.3212138715598898,83.30000000000003,83.3,83.3,83.3,1.4453792906454277e-14,0.13333333333333333,0.0,0.0,1.0,0.3457459036417605,0.43333333333333335,0.0,0.0,1.0,0.5040069329937308,0.0625,0.0625,0.0625,0.0625,0.0,0.0625,0.0625,0.0625,0.0625,0.0,399.54644333333334,403.2901,349.2886,437.10636,35.17906701702104,1.0,1.0,1.0,1.0,0.0,0.0,0.0,0.0,0.0,0.0,0.0,0.0,0.0,0.0,0.0,0.00022998976694696578,0.0002111036600714,9.261617726634804e-05,0.00034045179404000017,0.00014043130611715663,0.046124214091060475,0.04881564034430775,0.013132833068400152,0.07153603572433309,0.02237936079298813,0.23678667006221552,0.25836640261160554,0.0644988561800856,0.35957679380565855,0.10826718973458181,0.19730018919146944,0.21644923540837666,0.05375103448064533,0.2988883984093431,0.08940335010573057,0.4406142898161536,0.4831170576801327,0.12131383190113702,0.6730976101287702,0.2035421257710109,0.0010184741559483466,0.00109556445797325,0.00017931758876908,0.00156257761420627,0.0004949130959412183,0.04964666666666666,0.06885,0.0,0.07502,0.028545616649234565,0.0,0.0,0.0,0.0,0.0,0.0,0.0,0.0,0.0,0.0,0.0,0.0,0.0,0.0,0.0
Sweep_AmplitudeStep_1000pct,1000.0,RLS,Adaptive,fast,30,2.130944649838083,2.1818858368763148,1.4310348798679382,2.609035784157551,0.4660782412313412,1.5776247532631098,1.610847244718065,1.0902914173260627,1.9995447797969186,0.3199914400647405,7.917497773418864,8.805004962261151,3.134428832941507,10.144756370951468,2.4210806820628945,1.413116531848203,1.5291926995201208,0.798697786427821,1.8743485617473161,0.41456270817508256,1.3253133333333333,1.3053500000000002,1.21166,1.4933500000000002,0.10388418529315707,9.999999999999998e-05,0.0001,0.0001,0.0001,4.135263320862086e-20,1.0375666666666665,1.03945,0.9797899999999999,1.10791,0.046984174396047046,5.81697434880772,6.207898277667956,3.7557275052923216,7.41235938567007,1.47864991508677,1.6501000000000003,1.6501,1.6501,1.6501,0.0,200.90533601074688,199.38296489553585,198.33562065630161,204.91849643054928,3.2726423781718577,34.33037712469171,35.778795933903325,23.18825651632246,40.483221769376094,6.1470415959147315,89.1935293852739,89.06023856468158,86.26260158763093,92.16270258655457,3.0377783366849256,0.016682582926139954,0.0159547516673393,0.00937852388029015,0.02503720900311716,0.005898034648775065,13.434824608509404,13.309445771531212,13.020109993889228,13.917050904579375,0.3697767082515629,0.0,0.0,0.0,0.0,0.0,0.0,0.0,0.0,0.0,0.0,0.0,0.0,0.0,0.0,0.0,0.0625,0.0625,0.0625,0.0625,0.0,0.0625,0.0625,0.0625,0.0625,0.0,416.2037433333333,419.7459,384.33566,450.8544,26.94700746439183,1.0,1.0,1.0,1.0,0.0,0.0,0.0,0.0,0.0,0.0,0.0,0.0,0.0,0.0,0.0,0.2814363536694602,0.11830305189930486,0.022671444414604402,0.7619524890868787,0.34565416968324664,1.8088755031622774,1.869112307766359,1.4986213513778979,1.9656028734947633,0.3374418827627227,4.607749113014198,4.852556942492025,2.6698962760396223,5.1627635668369,0.9007157728539777,5.890834892122318,6.67405817442893,2.34530332561119,7.585983174297225,1.80360983894946,7.917497773418864,8.805004962261151,3.134428832941507,10.144756370951468,2.4210806820628945,1.3657590052898372,1.442432423940489,0.9343134294872785,1.705736445521796,0.28240727032724006,1.3000999999999998,1.3001,1.26146,1.33874,0.029342096392208514,0.0,0.0,0.0,0.0,0.0,0.0,0.0,0.0,0.0,0.0,0.0,0.0,0.0,0.0,0.0
Sweep_AmplitudeStep_1000pct,1000.0,TKEO,Adaptive,fast,30,10.905120827423215,10.83236247819438,10.354171146743253,11.438520991954949,0.4452740440495433,10.125951259640892,10.107865467722318,9.628963511981384,10.506057714161946,0.34387108362602276,14.353510983897605,14.529493890976937,12.4988750082315,15.505400431228734,1.0403413744068482,4.005735138886043,4.141351115415789,3.032584437412519,4.632670252031028,0.6577482032495178,1.6501000000000003,1.6501,1.6501,1.6501,0.0,9.999999999999998e-05,0.0001,0.0001,0.0001,4.135263320862086e-20,1.6501000000000003,1.6501,1.6501,1.6501,0.0,22.14315667629902,22.428306193263623,18.780337309115886,24.306598696634175,2.100264361796209,1.6501000000000003,1.6501,1.6501,1.6501,0.0,356.4046003740665,356.0513327417958,342.4661023230833,374.5624209817606,13.884185632208425,100.5089367814647,99.06569116584406,88.9207393089367,114.91259175582307,10.444678492644773,98.62575345152095,98.01975415079126,93.67684400019543,104.80308885545739,4.26344437315066,0.06774572939108639,0.06960855669646035,0.053065279480730074,0.07936344648051555,0.01081938647599977,11.091204809609343,10.416087995111385,9.25874488454345,12.759707794011444,2.278654516386016,0.30000000000000004,0.3,0.3,0.3,0.0,0.0,0.0,0.0,0.0,0.0,0.0,0.0,0.0,0.0,0.0,0.0625,0.0625,0.0625,0.0625,0.0,0.0625,0.0625,0.0625,0.0625,0.0,351.40937333333335,349.2886,285.2167,419.7459,55.933149441126616,1.0,1.0,1.0,1.0,0.0,0.0,0.0,0.0,0.0,0.0,0.0,0.0,0.0,0.0,0.0,4.726373860666892,4.58592566339739,3.7353699296368714,6.200353566925124,0.9780920635914249,5.366293961942345,5.1282266276137305,4.346650757777185,6.959894588597185,0.9732826591664318,5.846391970022435,5.614789913207156,4.79733082148514,7.324294195353071,0.9645031724412619,6.51115664328272,6.388123722437255,5.353250232053025,7.791726346900798,0.9506750431217079,7.7056273749385715,7.59126411324835,6.554046694805367,8.747826307037565,0.9519620749577742,10.805687646697667,11.001054485360715,9.867138866515955,11.371996875549344,0.6819252055528575,1.3000999999999998,1.3001,1.26146,1.33874,0.029342096392208514,0.0,0.0,0.0,0.0,0.0,0.0,0.0,0.0,0.0,0.0,0.0,0.0,0.0,0.0,0.0
Sweep_AmplitudeStep_1000pct,1000.0,PLL,Loop-based,fast,30,0.23262549514732045,0.186135712869939,0.16806195069279173,0.3346000296210047,0.1324008672764765,0.1696052573713495,0.1542849117428611,0.14808471595998382,0.20425027461697048,0.043505959297670996,1.5044904386635676,1.2556316182847276,0.6594319336817449,2.4225889314133466,0.8104042667232177,0.15065135554547288,0.10330709652965209,0.07847512477642624,0.26488201067372785,0.1355785579348103,0.029823333333333334,0.01265,0.00358,0.08418,0.039478066222190744,9.999999999999998e-05,0.0001,0.0001,0.0001,4.135263320862086e-20,0.020533333333333334,0.0116,0.00248,0.055080000000000025,0.03272696171337183,0.6215593240077683,0.4641477329588879,0.38398595046168477,0.9988963066381541,0.4500230413021376,1.649016666666667,1.6491500000000001,1.6475000000000002,1.6501,0.0010167844288306825,204.4263668544192,200.41920483995668,178.36258133938898,248.30771076705108,24.592409162788268,123.77604107639988,123.77908507332685,122.32974249001403,125.33879625859237,1.0834077657508252,100.50292332020926,99.85540084267886,96.51898864100757,105.4402807810302,3.3961483503483207,0.00977189676455304,0.008784159493059801,0.003925708830862179,0.015946825342815982,0.005657355796142161,9.77954928429902,9.548080662185434,8.940475529137272,11.573431105679315,1.053951611263719,0.0,0.0,0.0,0.0,0.0,0.0,0.0,0.0,0.0,0.0,0.0,0.0,0.0,0.0,0.0,0.0625,0.0625,0.0625,0.0625,0.0,0.0625,0.0625,0.0625,0.0625,0.0,325.59258666666665,329.3216,285.2167,369.96814,39.86363370080842,1.0,1.0,1.0,1.0,0.0,0.0,0.0,0.0,0.0,0.0,0.0,0.0,0.0,0.0,0.0,0.16165811310418274,0.1613619758116804,0.16114621607410842,0.16159683480466439,0.0015859654846807497,0.6507794387018725,0.5538703178897434,0.2836179683609351,1.2491995891220635,0.3278029203835548,0.416433206164961,0.35459852633706324,0.21478298165852802,0.7599126081295602,0.18572992348842615,0.3233182257945632,0.27734296525617225,0.19043227311006097,0.5614147746137184,0.12737168103212687,1.2017015869779089,1.1232835917043467,0.6133192852456866,2.0819017894177683,0.5033493185725207,0.1613830227923308,0.1613804324451261,0.1611546089509295,0.16155923630218086,0.00016245546779563569,1.2990166666666667,1.2988,1.25868,1.3387,0.029281794783570333,0.0,0.0,0.0,0.0,0.0,0.0,0.0,0.0,0.0,0.0,0.0,0.0,0.0,0.0,0.0
Sweep_AmplitudeStep_1000pct,1000.0,SOGI-FLL,Loop-based,fast,30,0.03253522590298998,0.0303996617268718,0.023241464171475303,0.04482254625089504,0.007332625957470288,0.01215159411568582,0.011731298370220251,0.00964232812365927,0.01544685493748606,0.0021472712351762262,0.20064997822383593,0.21212145549748124,0.15611157910823073,0.23796697360800742,0.03349630799059591,0.03016133808391871,0.0284861764949199,0.0208542051445188,0.04196177761715853,0.0070972149962356965,0.0,0.0,0.0,0.0,0.0,9.999999999999998e-05,0.0001,0.0001,0.0001,4.135263320862086e-20,0.0,0.0,0.0,0.0,0.0,0.10263560836744216,0.09607343419686284,0.07282262329371446,0.14167677358907213,0.023331973051313383,0.21464333333333332,0.33240000000000003,0.0,0.44623,0.20681163457456234,12.135562913674274,12.196132308428531,9.514767107276612,15.797055944581473,2.1675355026401038,2.4896273334382153,2.5420606859671455,1.7689576183805322,3.1611546354367706,0.4792401289644162,66.40181978677319,65.85796230366051,62.13184228662962,72.09472962643457,4.069641553536367,0.0010019399006211966,0.00102928756715205,0.00056750513877052,0.0013748862773140002,0.0003310361002264826,11.081560283687944,10.994759550395347,9.548080662185434,12.730774216247244,1.192114741233541,0.0,0.0,0.0,0.0,0.0,0.0,0.0,0.0,0.0,0.0,1.0,1.0,1.0,1.0,0.0,0.0625,0.0625,0.0625,0.0625,0.0,0.0625,0.0625,0.0625,0.0625,0.0,335.3059400000001,339.3051,282.73236,386.1316,44.23023164367916,1.0,1.0,1.0,1.0,0.0,0.0,0.0,0.0,0.0,0.0,0.0,0.0,0.0,0.0,0.0,0.003633779981393107,0.00361761947290465,0.00350176140238118,0.00378701078926529,0.00012522741123847128,0.1277407912502474,0.1308464460755632,0.05885810474403747,0.19214924069120085,0.05296426659969603,0.12070110238041744,0.1230599943026601,0.06904679913424773,0.16197640760480195,0.031985538634960044,0.12602423799453152,0.12005232710997435,0.08484071128927599,0.1737810678053736,0.029089826354907564,0.20064997822383593,0.21212145549748124,0.15611157910823073,0.23796697360800742,0.03349630799059591,0.006160346674335701,0.00604016918501485,0.00581865916466737,0.006671716515782,0.00034928025513426304,0.026863333333333336,0.0137,0.0,0.0837,0.03430811187211976,0.0,0.0,0.0,0.0,0.0,0.0,0.0,0.0,0.0,0.0,0.0,0.0,0.0,0.0,0.0
Sweep_AmplitudeStep_1000pct,1000.0,SOGI-PLL,Loop-based,fast,30,0.03470146318414031,0.032360470881057354,0.01436360291977885,0.057833974919439986,0.01658887482315916,0.01055881143574559,0.011130627851790201,0.0052604621010054,0.015984684176972505,0.004508003822848259,0.3946831724335096,0.37265149856555263,0.1396092587476829,0.7199442062566291,0.22147114470463783,0.03301720601520126,0.030669112269275697,0.0136693602372139,0.056154756647687584,0.01604756514730006,0.0021633333333333335,0.0,0.0,0.0079,0.0031279037084276443,9.999999999999998e-05,0.0001,0.0001,0.0001,4.135263320862086e-20,0.0021633333333333335,0.0,0.0,0.0079,0.0031279037084276443,0.10961042948134948,0.10221027170495645,0.045404504539536907,0.18229412783265025,0.05242084327194933,0.2667233333333333,0.3443,0.0,0.39988999999999997,0.16440262117914883,50.7482003635135,51.879944438537606,17.489204306079035,82.19150875453529,25.51330389592098,6.489771067011684,7.139701062598577,2.642593906984992,9.679280107539757,2.7841840280848573,73.77465564417338,75.05603797184641,63.15743613943737,82.4725739286641,7.000892832119258,0.0026332654808187733,0.0025686475121999997,0.0008377458866154602,0.00468265368463592,0.0015166770392182596,11.110493861452142,11.13942743921634,9.519147084421236,12.846508527304039,1.4528515190285427,0.0,0.0,0.0,0.0,0.0,0.16666666666666666,0.0,0.0,1.0,0.3790490217894516,0.6333333333333333,1.0,0.0,1.0,0.4901325178535609,0.0625,0.0625,0.0625,0.0625,0.0,0.0625,0.0625,0.0625,0.0625,0.0,338.07588999999996,349.2886,285.2167,369.96814,37.80665780487246,1.0,1.0,1.0,1.0,0.0,0.0,0.0,0.0,0.0,0.0,0.0,0.0,0.0,0.0,0.0,0.00203760516610637,0.00185914387359755,0.00177915937329499,0.00216696332898525,0.0006327388712142118,0.24224562838827837,0.2212015056846714,0.04617219219568655,0.4949124406618399,0.15763246300230715,0.1472460855112122,0.13304075648921415,0.028013323954994312,0.30197555650767427,0.0962018589270538,0.11118521675256939,0.09775360557909765,0.019935287145059943,0.23271040432024773,0.07472202403930543,0.370130703103447,0.33712561310752776,0.08346159685248432,0.7199442062566291,0.22537673584603274,0.0018561132047694232,0.0017907541202107,0.00176093247047238,0.00208298467508704,0.00011764467843980301,0.009083333333333334,0.0124,0.0,0.014820000000000002,0.006234557934904299,0.0,0.0,0.0,0.0,0.0,0.0,0.0,0.0,0.0,0.0,0.0,0.0,0.0,0.0,0.0
Sweep_AmplitudeStep_1000pct,1000.0,Type-3 SOGI-PLL,Loop-based,fast,30,0.04976294328307353,0.04785555512320605,0.02639997797046378,0.07864255042716621,0.024739246608386452,0.014623716089073978,0.01393784437641765,0.00775062617316578,0.02449664497653241,0.006622008787193609,0.49130604320291243,0.45853644694239293,0.2278851571254378,0.7062106489286798,0.21031193998409045,0.047533159688672895,0.04577746231531455,0.0254606550619218,0.07472991546118965,0.023903603686880513,0.004396666666666666,0.0,0.0,0.009850000000000001,0.007154428738530608,9.999999999999998e-05,0.0001,0.0001,0.0001,4.135263320862086e-20,0.004306666666666667,0.0,0.0,0.0094,0.00710089520016161,0.15722319515509284,0.15127023132236156,0.08333227633052065,0.24868639136010157,0.07815353399244615,0.3062333333333333,0.35555000000000003,0.008430000000000003,0.40181,0.13573671099832824,33.56907853270149,37.11042605235804,19.95122876518352,46.88078072110358,11.302734549423551,7.011403310922172,7.748208550897219,3.701201745133174,9.179564186119313,2.1160778064381316,75.08800357546296,75.146340367561,68.01994231700417,81.61576701203096,5.155429067384046,0.004043896684159779,0.00417498102283585,0.0022060381360936303,0.00608003475002846,0.001603971590202335,12.074946453592085,12.00743477214229,10.1267522174694,13.974918060107772,1.6295420852472398,0.0,0.0,0.0,0.0,0.0,0.03333333333333333,0.0,0.0,0.0,0.18257418583505536,0.5,0.5,0.0,1.0,0.5085476277156078,0.0625,0.0625,0.0625,0.0625,0.0,0.0625,0.0625,0.0625,0.0625,0.0,367.52723000000003,368.1722,308.0607,404.93568000000005,43.45574587564203,1.0,1.0,1.0,1.0,0.0,0.0,0.0,0.0,0.0,0.0,0.0,0.0,0.0,0.0,0.0,0.0027031898267229734,0.0026461959098807,0.00261008675097097,0.00271734863862707,0.00023361742081911822,0.2760586509747713,0.22531648176085178,0.08987155135220319,0.5195327222648718,0.14898382771896293,0.1777607407962222,0.15118138515684565,0.0599126015167051,0.328367416384878,0.09210855949214979,0.12970898751917737,0.10952154215323989,0.04241761715491468,0.2415927162591545,0.06826404317783286,0.41923965859230633,0.41247975363767964,0.1806860827531281,0.7039507532274669,0.18192854273653586,0.00305952511589929,0.0028184980177108,0.00260186500753764,0.00393475311382144,0.0005062598498775007,0.012293333333333333,0.01465,0.0,0.0205,0.007761706768103456,0.0,0.0,0.0,0.0,0.0,0.0,0.0,0.0,0.0,0.0,0.0,0.0,0.0,0.0,0.0
Sweep_AmplitudeStep_1000pct,1000.0,ZCD,Loop-based,fast,30,0.006250338519323261,0.00618016375563565,0.00253768659096851,0.010251016113264731,0.0027746315250731872,0.0031102813897956666,0.0029232036887702,0.00140698860028643,0.00480667758514967,0.0013058464416715629,0.02964649100898236,0.026657321165281148,0.01313702910694296,0.046597575991313506,0.015184085829504474,0.005415575912320089,0.0054043291876565,0.0021118212280520003,0.00890523794592637,0.0024617037453074403,0.0,0.0,0.0,0.0,0.0,9.999999999999998e-05,0.0001,0.0001,0.0001,4.135263320862086e-20,0.0,0.0,0.0,0.0,0.0,0.019357009126756072,0.01929114107653345,0.007742452284442631,0.03179711134130417,0.0086638643332653,0.0,0.0,0.0,0.0,0.0,11.791708387316172,11.407990740561758,6.443541596084401,16.45676934866458,4.064371014869964,5.890689631789889,6.036096778315542,2.4349489113844465,9.657626982531232,2.663086407246398,73.02917725373717,73.56166666331939,70.01353961616101,75.27392894127873,2.0574067550994544,0.0009552431276358218,0.00091633374234085,0.00040017074026379,0.00169944315205104,0.0004941003602782939,5.140532316105895,4.918708219913709,4.629372442271725,5.844582708368055,0.6297146837540294,16.699999999999996,16.7,16.7,16.7,7.226896453227138e-15,1.0,1.0,1.0,1.0,0.0,1.0,1.0,1.0,1.0,0.0,0.0625,0.0625,0.0625,0.0625,0.0,0.0625,0.0625,0.0625,0.0625,0.0,203.48432999999994,201.6955,164.6882,260.3733,39.83324725142562,1.0,1.0,1.0,1.0,0.0,0.0,0.0,0.0,0.0,0.0,0.0,0.0,0.0,0.0,0.0,0.013196380604745934,0.009781870133885099,0.00461844382826642,0.023542285242077573,0.008194980470828048,0.009163118009779899,0.0066739180446540505,0.00255883400890607,0.01683840023982351,0.008690015070785387,0.006424887820472203,0.00503204465011765,0.0015780165207133002,0.012335140310877367,0.005584247770467225,0.004672424682464746,0.0036050471342093503,0.00136461630145083,0.008770405195410735,0.003932722791150571,0.011232608809566542,0.0096858247585487,0.0030308431246467,0.020160014401165667,0.009355413949381507,0.0012386338095866564,0.0011891750911522002,0.00061365265873893,0.0018421333261344301,0.0005464245396636837,0.0,0.0,0.0,0.0,0.0,0.0,0.0,0.0,0.0,0.0,0.0,0.0,0.0,0.0,0.0,0.0,0.0,0.0,0.0,0.0
Sweep_AmplitudeStep_1000pct,1000.0,EKF,Model-based,fast,30,0.025451774217068124,0.028851532152954,0.00910197471411331,0.04021686001555367,0.01168431373387304,0.00933900168577493,0.010249874493207349,0.0035043314789692,0.01386496161734614,0.004028455809794668,0.13633014550452172,0.1569245934778962,0.05971463251665119,0.20696589009658972,0.05575049124665219,0.023660104466949636,0.0269606309739422,0.00806459031845701,0.03744705893306672,0.011004398263429837,0.0,0.0,0.0,0.0,0.0,9.999999999999998e-05,0.0001,0.0001,0.0001,4.135263320862086e-20,0.0,0.0,0.0,0.0,0.0,0.08031931508662396,0.09113176741503395,0.028413571806915203,0.12714454157683014,0.03698055466130362,0.05342,0.0,0.0,0.3605400000000001,0.13901031814841708,16.621832823211353,16.75977715301258,13.966460696195782,19.812067548327764,2.3497299914120346,1.9583086001330323,2.0086136032758866,1.6280260307612344,2.3035842316406523,0.25459297972397726,64.41597600382993,63.68105155484127,60.41907112676383,69.70280740419052,3.4630220135501264,0.0007412581607817566,0.00080086142879435,0.00029525723181012003,0.00110845377997539,0.00030532293657516786,15.961690399916053,16.05813565913005,11.544497527915118,20.369238745995595,3.4953005199725813,0.0,0.0,0.0,0.0,0.0,0.26666666666666666,0.0,0.0,1.0,0.44977644510880355,1.0,1.0,1.0,1.0,0.0,0.0625,0.0625,0.0625,0.0625,0.0,0.0625,0.0625,0.0625,0.0625,0.0,431.6982566666666,435.5788,368.1722,479.9445,40.112550320890705,1.0,1.0,1.0,1.0,0.0,0.0,0.0,0.0,0.0,0.0,0.0,0.0,0.0,0.0,0.0,0.0011539252299904447,0.0011191751298248,9.739614308540888e-05,0.0025440237833947305,0.0009375172656986913,0.03779525129131414,0.0380261246950504,0.02467585982623309,0.05174686831840912,0.009735994072435658,0.095832890697068,0.1134607868142066,0.03200829415449753,0.1494157768299975,0.04405863305998016,0.0939463855132364,0.10804415923628466,0.030201005172780432,0.14943419161775542,0.04442337822084582,0.13633014550452172,0.1569245934778962,0.05971463251665119,0.20696589009658972,0.05575049124665219,0.01103561691082339,0.01219094792188645,0.0032555097585230705,0.01793468824882033,0.005405618354190253,0.0060866666666666664,0.0,0.0,0.04514,0.01578394499294235,0.0,0.0,0.0,0.0,0.0,0.0,0.0,0.0,0.0,0.0,0.0,0.0,0.0,0.0,0.0
Sweep_AmplitudeStep_1000pct,1000.0,LKF,Model-based,fast,30,0.009322019757919896,0.0081091558910272,0.00450129874169202,0.02023601043850152,0.005141246881127576,0.004841872164828908,0.0045109542481996,0.00371668186463882,0.00738329305188235,0.0012107575993883426,0.10450080131261569,0.0984380221480982,0.03063332166130191,0.24474191960019095,0.0695189413776946,0.007782890167624801,0.00674151863601085,0.00249962436153949,0.01884099520371835,0.005286666665967097,0.0,0.0,0.0,0.0,0.0,9.999999999999998e-05,0.0001,0.0001,0.0001,4.135263320862086e-20,0.0,0.0,0.0,0.0,0.0,0.028190542667703457,0.02472988468131675,0.011242343187026849,0.06390627866303758,0.01706558203586715,0.04889999999999999,0.0,0.0,0.32698000000000005,0.12732665024286535,9.302544263698922,8.462261646959846,5.389451785084987,18.630229539029486,4.4801694202642,3.2284568627216594,3.1836175694085265,2.9702848399307347,3.828924420979961,0.27673165399229216,68.80172917420893,68.1562536231141,64.32420521146426,74.75180014644921,3.6162719500914164,0.0006893876835338671,0.00064322328727955,0.00019597463501863,0.00162044273930542,0.0004615463259872076,13.386601978902407,13.309445771531212,11.8048997277929,15.1901283262041,1.7090894178171803,7.900000000000002,7.9,7.9,7.9,3.613448226613569e-15,0.8666666666666667,1.0,0.0,1.0,0.34574590364176044,1.0,1.0,1.0,1.0,0.0,0.0625,0.0625,0.0625,0.0625,0.0,0.0625,0.0625,0.0625,0.0625,0.0,536.2733633333334,403.2901,368.1722,450.8544,760.4461930699332,1.0,1.0,1.0,1.0,0.0,0.0,0.0,0.0,0.0,0.0,0.0,0.0,0.0,0.0,0.0,0.0038801113082998235,0.00388369286394675,0.00386096764247101,0.00390030545951814,1.9970384926256847e-05,0.06979510022325848,0.0635336226281901,0.01825913654622947,0.16698521716717696,0.048583834672478315,0.0439555269036107,0.0389650163333244,0.01181874706628825,0.10751176625557768,0.03099120010971381,0.03229912533393149,0.02851409614352875,0.00900412746845991,0.0786979377329259,0.02257108439003592,0.10450080131261569,0.0984380221480982,0.03063332166130191,0.24474191960019095,0.0695189413776946,0.00460962407634515,0.0042904378137342495,0.00395070028885816,0.0065692295723070795,0.0008833000305804272,0.0015666666666666667,0.0,0.0,0.011609999999999999,0.0040627265630899636,0.0,0.0,0.0,0.0,0.0,0.0,0.0,0.0,0.0,0.0,0.0,0.0,0.0,0.0,0.0
Sweep_AmplitudeStep_1000pct,1000.0,LKF2,Model-based,fast,30,0.0690547886540771,0.06867477861784345,0.04741702635419384,0.09288565350545554,0.017805735501806634,0.021632280446216196,0.02107624418595665,0.0166932677044262,0.02787268249984051,0.004135863603311901,0.9375117049126959,0.9046800953766372,0.6341341498658657,1.3083329257806617,0.2605415974897752,0.06554887609444807,0.0651954778591187,0.04438760444293251,0.08854745498787524,0.01743640688502458,0.007506666666666666,0.0075,0.00258,0.01322,0.0041003728453964244,9.999999999999998e-05,0.0001,0.0001,0.0001,4.135263320862086e-20,0.00508,0.00445,0.00258,0.010409999999999999,0.002733748216340493,0.21827890872956052,0.21715947157590648,0.14982626617624467,0.2935839255579752,0.05631784897763895,0.43821333333333334,0.4397,0.40206,0.47634000000000004,0.029965862569601265,174.23321941458113,175.69969183078626,163.97745426794864,184.42593587857738,8.312711893433573,37.570900944891505,35.78421214316525,26.71863450793488,51.43973234183218,10.029371864233381,89.85411638514073,90.13037723733879,85.43038125833276,93.95096435798635,3.321954626964131,0.00435238424042014,0.00441293477948295,0.00242785589478327,0.00616010351350025,0.001505594089850203,13.540914393644796,13.598781549173193,10.705423772753363,16.55000648112142,2.1697189987963337,0.0,0.0,0.0,0.0,0.0,0.0,0.0,0.0,0.0,0.0,0.0,0.0,0.0,0.0,0.0,0.0625,0.0625,0.0625,0.0625,0.0,0.0625,0.0625,0.0625,0.0625,0.0,384.51733333333334,386.1316,329.3216,422.85675000000003,41.82849011975989,1.0,1.0,1.0,1.0,0.0,0.0,0.0,0.0,0.0,0.0,0.0,0.0,0.0,0.0,0.0,0.0006759483510372847,0.00041784571716434995,0.00011577530195718472,0.0017199284674732202,0.0006569193073465926,0.5302400298877071,0.5313980273301231,0.33629900495816883,0.7377750090434552,0.15852018604587714,0.34216218610554516,0.33715481705455363,0.22780864573182244,0.4662061881696215,0.0934150613689392,0.2699910648587107,0.2688552391578698,0.18182292688595064,0.36612326915306553,0.07307782612119205,0.9375117049126959,0.9046800953766372,0.6341341498658657,1.3083329257806617,0.2605415974897752,0.024634594268328196,0.024495429511923898,0.02361888739644665,0.02578415289943694,0.0009282054886088076,0.08821333333333332,0.0903,0.06767,0.10402,0.012079727484175875,0.0,0.0,0.0,0.0,0.0,0.0,0.0,0.0,0.0,0.0,0.0,0.0,0.0,0.0,0.0
Sweep_AmplitudeStep_1000pct,1000.0,RA-EKF,Model-based,fast,30,0.0038482470520147236,0.00380631324952855,0.0036534235837819,0.00415342697632809,0.00016967741118442884,0.003052042854332343,0.0030174902206929997,0.00284226481031826,0.0032040318484038307,0.00018871232447331283,0.02438008880090545,0.0238920212756994,0.020739150247620578,0.0284258897999706,0.0031941632771419065,0.0023395352868424268,0.0023136390041082,0.00222777059060129,0.0024826791504452203,0.00012042987652261143,0.0,0.0,0.0,0.0,0.0,9.999999999999998e-05,0.0001,0.0001,0.0001,4.135263320862086e-20,0.0,0.0,0.0,0.0,0.0,0.010070648714859826,0.01004044043624265,0.0096545170306018,0.01064699278651472,0.00040736965607944114,0.0,0.0,0.0,0.0,0.0,12.47232168872851,12.55088211193467,11.196943072206977,14.061050394142073,1.1219533017433814,2.8982450989700075,2.8799992466584783,2.7679389346668137,3.0374471270407484,0.10177432574207522,67.88819728392632,67.28648871201584,63.92786618435626,73.05029233441884,3.437186197553257,5.047990329996078e-05,4.588200541327311e-05,3.523636535089319e-05,6.767734686617587e-05,1.6390743528598327e-05,15.238350955811093,14.900792548562116,13.280512193767015,18.5464233468511,2.3595638166131114,0.0,0.0,0.0,0.0,0.0,1.0,1.0,1.0,1.0,0.0,1.0,1.0,1.0,1.0,0.0,0.0625,0.0625,0.0625,0.0625,0.0,0.0625,0.0625,0.0625,0.0625,0.0,442.3282900000001,450.8544,384.33566,495.19694000000004,42.45552109360921,1.0,1.0,1.0,1.0,0.0,0.0,0.0,0.0,0.0,0.0,0.0,0.0,0.0,0.0,0.0,0.0007267765636445568,0.0004328451877891,0.00028081403669212,0.0013346118189403006,0.0006984185052950436,0.00710706508894411,0.00681448213645235,0.00547472620641295,0.008872805067116291,0.0016152491097476875,0.009491050572287977,0.00938657222251835,0.00806569263772782,0.01110312895584445,0.0012581402445670882,0.0070198197420375105,0.006907272142417,0.00597759918526075,0.008195000032274281,0.0008963595863312039,0.02438008880090545,0.0238920212756994,0.020739150247620578,0.0284258897999706,0.0031941632771419065,0.003961196417648287,0.0039605177239504,0.00394948667514063,0.003974412254160431,8.57756197206015e-06,0.0,0.0,0.0,0.0,0.0,0.0,0.0,0.0,0.0,0.0,0.0,0.0,0.0,0.0,0.0,0.0,0.0,0.0,0.0,0.0
Sweep_AmplitudeStep_1000pct,1000.0,UKF,Model-based,fast,30,0.02369157158206114,0.02591636749885555,0.01108641943333012,0.03247757582798058,0.008234145535425322,0.007126840069741886,0.0077290235165083,0.00459677763662126,0.009122113142983551,0.0019099536551110683,0.18886749682431586,0.21024560658973002,0.08857753991525782,0.255241445026872,0.0628586857681569,0.022580327678232363,0.0246830670251021,0.010144667661556311,0.03118813526636105,0.008049992846516299,0.0,0.0,0.0,0.0,0.0,9.999999999999998e-05,0.0001,0.0001,0.0001,4.135263320862086e-20,0.0,0.0,0.0,0.0,0.0,0.0748678231044391,0.081946543591268,0.03490487570261396,0.10262491806626625,0.026043599382430872,0.2186733333333333,0.3696,0.0,0.43363,0.20913176663551608,43.299963797844406,43.40618053170431,40.520652803436974,45.91761254464366,2.274889505989152,7.624602105215383,7.662159419507764,7.422816326389958,7.801413971650862,0.14734632004815365,76.29342388269328,75.45984717526966,72.61849087580373,81.30203316119282,3.3627589065539616,0.0007971526389298533,0.00089292001531265,0.00038227203004874,0.00112831759010689,0.0002995217110553349,18.72966933935769,19.24082921319186,14.727191081976928,21.613382589856123,2.786560759072626,0.0,0.0,0.0,0.0,0.0,0.26666666666666666,0.0,0.0,1.0,0.44977644510880355,1.0,1.0,1.0,1.0,0.0,0.0625,0.0625,0.0625,0.0625,0.0,0.0625,0.0625,0.0625,0.0625,0.0,481.32849666666664,479.9445,433.99551,533.3691,48.463978116054776,1.0,1.0,1.0,1.0,0.0,0.0,0.0,0.0,0.0,0.0,0.0,0.0,0.0,0.0,0.0,0.00012448902552573198,0.0001171018091366,4.786349083559595e-05,0.00021936237175013,7.424923971372387e-05,0.11017788013211698,0.11978269012001685,0.047295005853246384,0.15605321734962263,0.04143017125683243,0.09884803115339676,0.1085144261474443,0.046387718660076155,0.1374657415707022,0.035132379190996356,0.09293051970825243,0.1016072162267424,0.04015161073877512,0.12868011242161806,0.034095030927996234,0.18886749682431586,0.21024560658973002,0.08857753991525782,0.255241445026872,0.0628586857681569,0.009322400081386623,0.008617692645830951,0.00730361723671559,0.012203611477100341,0.001847538261218177,0.03089333333333333,0.0514,0.0,0.0616,0.02957350787133802,0.0,0.0,0.0,0.0,0.0,0.0,0.0,0.0,0.0,0.0,0.0,0.0,0.0,0.0,0.0
Sweep_AmplitudeStep_1000pct,1000.0,IPDFT,Window-based,fast,30,0.03315420403392133,0.0387153824366889,0.01002749885093363,0.05150519455384294,0.015330476217318048,0.007861242386378127,0.00917954684721405,0.00221311037751641,0.012182373821732,0.003654645594894109,0.24856189825904262,0.28929307327279474,0.09104781126045083,0.36791189005646174,0.11071437748851672,0.0322082471820549,0.037611391314526205,0.00978945999584338,0.05001759824464648,0.014889562108719692,0.0,0.0,0.0,0.0,0.0,9.999999999999998e-05,0.0001,0.0001,0.0001,4.135263320862086e-20,0.0,0.0,0.0,0.0,0.0,0.104485983932543,0.12201372079079281,0.03154053007896057,0.16234192670634248,0.04832128718408411,0.27360333333333325,0.38539999999999996,0.0,0.44266000000000005,0.1984173231510716,21.70608912128576,24.219158587293066,8.727169955950131,31.62965562126452,8.908052984543492,3.041362010961586,3.5087317051279507,1.156788687772795,4.4778903005198725,1.2882024509503966,67.30592022411557,67.67178972713737,59.61195448102817,73.45863540539409,5.675331536169834,0.00180437054153001,0.0019431397576681001,0.0007572036161579,0.00265875558343126,0.0007715734978645054,13.251578616002812,13.020109993889228,11.515563950150918,15.450530526081888,1.89410374488836,66.59999999999998,66.60000000000001,66.60000000000001,66.60000000000001,4.336137871936283e-14,0.2,0.0,0.0,1.0,0.4068381021724863,0.8666666666666667,1.0,0.0,1.0,0.34574590364176044,0.0625,0.0625,0.0625,0.0625,0.0,0.0625,0.0625,0.0625,0.0625,0.0,390.90393333333327,386.1316,347.2919,450.8544,47.22718356446798,1.0,1.0,1.0,1.0,0.0,0.0,0.0,0.0,0.0,0.0,0.0,0.0,0.0,0.0,0.0,0.0004116804330346666,0.00034760632201825,0.00021914911805248,0.0006276953235985201,0.00019386086538357878,0.12032603218945352,0.12383139881718894,0.03646370638268706,0.18209213080134662,0.057204707705027336,0.14307270572691388,0.16436541276588384,0.0498022783877274,0.21804878821738946,0.06461418417758698,0.13364174913193297,0.1560415592644399,0.04065471409354644,0.20753048887384967,0.06176217920030732,0.24856189825904262,0.28929307327279474,0.09104781126045083,0.36791189005646174,0.11071437748851672,0.0015964672486562432,0.0018547440772905001,0.00023745027512132,0.00246855473609479,0.0007992842466816473,0.03693666666666666,0.06015,0.0,0.0678,0.03103714663535242,0.0,0.0,0.0,0.0,0.0,0.0,0.0,0.0,0.0,0.0,0.0,0.0,0.0,0.0,0.0
Sweep_AmplitudeStep_1000pct,1000.0,TFT,Window-based,fast,30,0.0824833129256966,0.08992384996762251,0.024568443630131203,0.12373206322148582,0.03571267449914615,0.016437929845255887,0.0187378169446332,0.0049060207316995,0.02491992523027912,0.007441854958386741,0.8134875979687967,0.9120780076190655,0.26576927241140424,1.2216613545739299,0.3491916035338282,0.08082520267818062,0.08794994590646965,0.02407362210764164,0.12119515305903114,0.034937255628214196,0.016229999999999998,0.0177,0.0,0.031,0.012122966235407389,9.999999999999998e-05,0.0001,0.0001,0.0001,4.135263320862086e-20,0.01104333333333333,0.0148,0.0,0.0179,0.007202043930830276,0.25891353787979793,0.2825876546640421,0.07712688705462453,0.38851251488697375,0.11223737581640862,0.4171133333333334,0.4094,0.38116,0.45741,0.03374018103229373,79.84044660583818,90.03044259412007,21.604115638586663,123.06527926382671,35.800510190547946,9.443471786052607,10.391617608866582,2.7980297569188592,14.404427565016707,4.195242406368279,76.9600871612219,77.89223218975525,68.50331076235254,83.68865763503283,5.958249903027266,0.007589204912055584,0.0083694257421136,0.00224896368570241,0.011671816239121441,0.0034297323986510215,16.33782691085063,16.20280354795104,13.83025017128678,20.54284021258078,2.4252046742588536,83.30000000000003,83.3,83.3,83.3,1.4453792906454277e-14,0.0,0.0,0.0,0.0,0.0,0.23333333333333334,0.0,0.0,1.0,0.4301830671520762,0.0625,0.0625,0.0625,0.0625,0.0,0.0625,0.0625,0.0625,0.0625,0.0,408.8900966666666,403.2901,349.2886,479.9445,47.89510600536511,1.0,1.0,1.0,1.0,0.0,0.0,0.0,0.0,0.0,0.0,0.0,0.0,0.0,0.0,0.0,0.00022998976694696578,0.0002111036600714,9.261617726634804e-05,0.00034045179404000017,0.00014043130611715663,0.06471759325300587,0.06847448826006555,0.018950592034187103,0.10053688413428816,0.03140906032035906,0.40993904934507375,0.4486070004174575,0.13240480846505348,0.6123846572630675,0.17642388489642047,0.3340420568068562,0.3642425215667027,0.09965944214695892,0.5010181227273425,0.1445508959307644,0.8134875979687967,0.9120780076190655,0.26576927241140424,1.2216613545739299,0.3491916035338282,0.0010486433812388666,0.00112875643494675,0.00018299367975341,0.00160952370616724,0.0005097007980605183,0.06711333333333334,0.07355,0.045380000000000004,0.07841,0.012027202883272666,0.0,0.0,0.0,0.0,0.0,0.0,0.0,0.0,0.0,0.0,0.0,0.0,0.0,0.0,0.0
