{
  "scenario": "Sweep_FreqRamp_RoCoF_0p25Hzs",
  "rocof_hz_s": 0.25,
  "estimator": "RA-EKF",
  "family": "Model-based",
  "best_params": {
    "nominal_f": 60.0,
    "q_theta": 1.0346975452586827e-11,
    "q_omega": 2.770486094435695e-10,
    "q_A": 8.186698841160048e-08,
    "q_rocof": 0.008620354825840152,
    "r_meas": 1.2585566531699636e-05,
    "sigma_v": 7.5769730467478436,
    "gamma": 5.562076294360492,
    "deriv_lpf_alpha": 0.5753412605705654,
    "tau_rocof": 0.21225435134811363
  },
  "tuning_meta": {
    "mode": "per_scenario_best_tuning",
    "objective": "minimize_m1_rmse_hz",
    "n_trials_requested": 25,
    "n_trials_executed": 25,
    "tune_eval_runs": 2,
    "sampler_mode_effective": "tpe",
    "best_objective": 0.0014633177482079327
  },
  "n_mc_runs": 2
}